t,x,y,z
1781773054.5471764,-736.1363204949151,-1717.43422504869,-455.96663071305295
1781773054.5614188,-759.4328136380872,-1690.2379063680141,-461.063962686069
1781773054.5808177,-781.7654071750333,-1661.5666230515408,-469.83369334518125
1781773054.5925326,-796.8210522166308,-1641.570913003182,-476.93577277862823
1781773054.619424,-834.0988324148024,-1588.8255613320848,-500.599357918694
1781773054.6419964,-862.9833978281919,-1543.033442721013,-523.854314132523
1781773054.6528897,-877.6346737167559,-1519.0374126154425,-536.3570381609475
1781773054.6695154,-898.076198889299,-1479.734847195422,-555.9353619510881
1781773054.6916926,-922.8222717815919,-1422.5391193949324,-582.0935040118599
1781773054.7082744,-938.33409670492,-1377.2586558918897,-600.8639165448548
1781773054.7305677,-951.6624109405418,-1314.7860359083618,-623.546887028651
1781773054.7530398,-954.4412117825236,-1253.602117802309,-641.8616964524118
1781773054.7640555,-951.7598529498287,-1225.2194524021513,-649.4019139173398
1781773054.781037,-943.1447369338415,-1186.4687205691691,-659.1486422649363
1781773054.803076,-925.7919571869664,-1143.1235389561111,-667.8509232577858
1781773054.8140137,-915.7041016652471,-1125.0889411318833,-671.5975553768071
1781773054.8250642,-905.0488351753294,-1109.93260016047,-675.5580623442976
1781773054.8418207,-889.1105197000459,-1093.1715156893513,-681.1792783329171
1781773054.8640027,-870.4412437557329,-1080.1043677630971,-682.4056932172999
1781773054.8749633,-867.2552239531682,-1076.2030493449024,-681.5493931729601
1781773054.8917525,-866.2592313659621,-1074.7328275037917,-682.8549330063178
1781773054.9140756,-866.2557496818813,-1075.1788021718523,-682.4374472906202
1781773054.9251058,-866.8853931008241,-1075.2764749986868,-681.3667491324504
1781773054.9419525,-867.442469661299,-1074.2743369863174,-681.0750581584706
1781773054.9529045,-868.0600766054268,-1073.9866381229783,-680.8259932491667
1781773054.976663,-868.726444969031,-1073.689190468144,-680.8577351199801
1781773054.9973302,-868.3973490231135,-1073.844484844503,-681.1816455199225
1781773055.0138547,-868.268845346885,-1073.8947471559131,-681.3548393628296
1781773055.036055,-868.2304849478504,-1073.8833762428462,-681.5133595440014
1781773055.053073,-868.3413374468348,-1073.9132724969375,-681.6551501594811
1781773055.0699282,-868.5370648942823,-1073.938712475233,-681.7606148416318
1781773055.0862033,-868.6216793779789,-1073.9929477378519,-681.8345793953287
1781773055.102779,-868.7551547841141,-1074.0939267187428,-681.9616506696126
1781773055.113879,-868.8125206330964,-1074.165732511749,-682.0375628066689
1781773055.1305296,-868.9775400617979,-1074.312534268639,-682.1852983143787
1781773055.1530561,-869.348190258967,-1074.3330751444278,-682.6907085736065
1781773055.163833,-869.484739559673,-1074.3324242065228,-682.9619337353878
1781773055.1806126,-869.6077798850455,-1074.2974493317065,-683.266006811087
1781773055.2027295,-869.7048729563415,-1074.3922371530055,-683.4777081511294
1781773055.214468,-869.7514816313762,-1074.438254716935,-683.5311826681934
1781773055.231589,-869.8880205640119,-1074.5236796889549,-683.5257726518305
1781773055.2527604,-869.9076920312624,-1074.538460550532,-683.5693992498709
1781773055.2693942,-869.9552856226157,-1074.6161234843628,-683.5137597514248
1781773055.2919097,-869.988954038845,-1074.6694124881049,-683.566923096495
1781773055.3138618,-870.0552722980046,-1074.69186985886,-683.5907312096845
1781773055.3251042,-870.0665830521631,-1074.674047846588,-683.7228932540787
1781773055.3360877,-870.0833792267532,-1074.6623700633104,-683.7859153926256
1781773055.3529239,-870.0774661195923,-1074.6228393632746,-683.7803759187555
1781773055.3750577,-869.9883496890454,-1074.5557928457101,-683.7441429731122
1781773055.3860767,-869.9271387790668,-1074.544638784983,-683.678099541364
1781773055.4083257,-869.8613664141341,-1074.4842641604516,-683.4335987268132
1781773055.4249535,-869.8084819549416,-1074.4618599519536,-683.1706471729132
1781773055.4472,-869.819898748257,-1074.474680466325,-682.770514960505
1781773055.458591,-869.8078376724409,-1074.404796145384,-682.6444040587492
1781773055.4749563,-869.7481591986971,-1074.2471347619332,-682.5018237917627
1781773055.4973056,-869.5496413953838,-1073.9497324852812,-682.1674039243177
1781773055.5082824,-869.3748145220051,-1073.696981125741,-681.8002569775351
1781773055.5249376,2437.5621059960013,-773.349690409287,430.33641276311823
1781773055.5471637,2387.4495238328473,-767.316604900346,360.1288911786244
1781773055.558285,2362.439103052691,-764.449974077807,323.5396356862878
1781773055.5732203,2325.015874925218,-760.3617295103915,266.7147444365481
1781773055.584386,2300.2578132218923,-757.7530309594588,227.5879079646117
1781773055.6008334,2263.1140498009395,-753.999289431232,166.90177071593726
1781773055.6232631,2214.1475908557004,-749.0793705506609,82.51425411510633
1781773055.651,2169.9475066499676,-745.8124279794786,96.34969367059477
1781773055.6730673,2143.411958814471,-744.406351197509,167.36334659816856
1781773055.6842453,2130.1456694886256,-743.9604922078898,200.18825305850697
1781773055.701284,2110.1772982282337,-743.467590669147,247.59955361044996
1781773055.7230673,2083.2744089864864,-742.1654932302754,306.17355227247236
1781773055.7398715,2064.322807731183,-741.2186814108358,345.00278476586567
1781773055.7620423,2038.4609217923135,-740.6886584204061,394.16662774302324
1781773055.7841833,2011.9908503634524,-740.5733580166102,437.3486942831401
1781773055.8010523,1991.893137363582,-740.4032444526513,467.3766818270276
1781773055.8288772,1958.5576467208045,-739.5726205381777,510.07695563201037
1781773055.8407311,1945.3563375551444,-739.8329936475005,524.7111815624806
1781773055.8586435,1925.810245731713,-739.304691004205,544.9955911820105
1781773055.8805819,1899.5073259749365,-739.5792563193961,566.7912943254172
1781773055.897224,1879.540307392552,-739.9838768479947,580.595409735887
1781773055.919374,1853.296159647273,-739.7798398768156,594.3904988468083
1781773055.9309824,1840.106918669473,-740.1256996703023,599.0746983005233
1781773055.942008,1827.2975834167928,-740.4026504723148,602.8692227431583
1781773055.958743,1808.0741364151631,-740.4036128825851,606.5836286107631
1781773055.980587,1783.1428973288375,-740.8307135675382,606.4415305963594
1781773055.991959,1770.8831833429783,-740.9089381960467,605.1599080457929
1781773056.0027955,1758.0274193397233,-740.8093594044354,602.693288900023
1781773056.013856,1745.1723687011,-740.8070810075887,598.6062188167554
1781773056.0305653,1726.1071831879851,-741.3669841553473,589.9239336096721
1781773056.0421064,1713.5496828471491,-741.6337539892722,583.0732437474412
1781773056.0582728,1694.5005053836105,-741.7507959375107,570.4961810717909
1781773056.0807712,1668.9778370193344,-742.6638744422969,548.9899937778323
1781773056.092021,1656.3049582579267,-742.8712316016799,536.9911022908402
1781773056.1031897,1643.8571382944635,-742.9238011901552,523.8772262129249
1781773056.1194642,1625.1333445594732,-743.5797448675058,501.0851637967247
1781773056.141707,1600.9410744771146,-744.4643042090412,466.7769928127627
1781773056.1529925,1588.6785897451477,-744.8299016824564,447.91276107266043
1781773056.163834,1576.4803565768434,-745.3199537299079,427.6741998219713
1781773056.1807373,1558.1762239431612,-746.3728432427037,395.334815562187
1781773056.2027802,1534.173038924588,-747.20539922663,349.34310349093
1781773056.213817,1522.161803436367,-747.9970717728917,323.8527270249863
1781773056.224962,1510.7267263923998,-748.8585427531291,297.26253158988555
1781773056.2471662,1487.6415948834147,-749.9747952406414,241.5794726010778
1781773056.2582936,1476.2656377611254,-750.8249296066678,211.72075379776868
1781773056.2748985,1459.161612907208,-752.274248949816,164.76149902357255
1781773056.2971628,1435.0338458819567,-753.9104617104174,96.65959408412866
1781773056.3138285,1419.702050442265,-755.5151130015752,44.74818299906092
1781773056.3360434,1395.4310300539578,-751.2389112883783,87.28661992024028
1781773056.3582664,1380.2183279949854,-746.7747519818006,142.89199437879293
1781773056.3749316,1378.605760450582,-744.2872632691647,175.03834057878453
1781773056.3973653,1377.0970335431286,-741.3807956932715,216.5558471093692
1781773056.413782,1376.5958663631548,-739.3720469956095,243.3664510891598
1781773056.4361472,1376.0566410938004,-735.5428641011841,275.8876186866898
1781773056.4471684,1375.6189526449355,-733.8103399707945,289.65823667239715
1781773056.4640899,1374.934511181547,-731.3223388822134,308.9598756047405
1781773056.486081,1373.4519678957981,-727.993875597721,330.6223983794261
1781773056.4971657,1373.1712951652771,-726.6495689300443,339.0545875493248
1781773056.5139477,1372.7915015427243,-723.9690741721872,350.1327538307167
1781773056.5360434,1371.8287147557714,-720.807564250404,359.9441921993063
1781773056.547187,1371.3915284145135,-719.2376385858086,363.7163748781263
1781773056.5638866,1370.3783710158068,-716.9353852404604,367.02855029257347
1781773056.574959,1369.753154786779,-715.5862018098869,366.88002016271014
1781773056.586175,1369.64808989107,-714.3962599035017,365.8674324036292
1781773056.5971758,1369.4705330023448,-712.6039394340199,363.96171228005124
1781773056.613979,1368.8587010008812,-710.4221464718605,358.4516662291852
1781773056.636053,1368.1310264433232,-707.837161123801,347.57019591335126
1781773056.6471832,1367.3843040558577,-706.4975907120377,340.62165557650803
1781773056.6694806,1366.620902637912,-704.2801216026502,321.55594066509644
1781773056.680572,1366.5480929606003,-702.7939287780655,310.81403512548917
1781773056.6918721,1366.2475926125096,-701.5030234646731,298.8617763003411
1781773056.7082648,1365.9157832401258,-699.578002068726,278.203614390305
1781773056.730489,1364.9468430124891,-697.2426626434959,247.83578514450488
1781773056.741775,1364.4062212607957,-696.0337450989778,229.9528713713392
1781773056.7582817,1364.4474556054415,-694.717088064926,201.32128953783447
1781773056.7805607,1364.1353467907325,-691.7947147511449,161.2152070163595
1781773056.7917125,1365.338325791525,-690.3370649896453,151.54967023283265
1781773056.8084037,1371.0910473016959,-687.7772267491616,146.61982103644215
1781773056.8305886,1380.845781048261,-684.3733518090144,139.53862535723718
1781773056.847156,1388.1235387373142,-681.5720365653058,131.18452788001883
1781773056.8696105,1399.359966119599,-678.4378988201923,115.71963285982449
1781773056.8916733,1408.9877548899535,-675.6032450441427,93.57097566191729
1781773056.9027526,1413.887558888856,-674.0433630310026,80.7751846479268
1781773056.913967,1418.4023266982426,-672.8302445484802,67.28987202971467
1781773056.9305627,1426.456367141576,-670.5267883203941,44.80972721394524
1781773056.9528623,1427.8273914893725,-666.5985436790772,64.17092105434516
1781773056.963896,1428.9634868992812,-664.2115889833501,74.87749108860412
1781773056.980588,1431.4325468207026,-661.1446885442981,89.19901313107444
1781773057.0030568,1434.3953703185095,-657.0475070091953,103.90548720037215
1781773057.030573,1437.0150005046237,-652.4085583824586,114.0347586491906
1781773057.0527642,1440.0937004616003,-648.6067347269434,118.20024364701209
1781773057.063871,1441.6887435936442,-646.8354787588758,118.83722288219991
1781773057.0860562,1445.191857724581,-643.1659748596983,116.80678163684502
1781773057.097208,1447.0630525968074,-641.5634340949143,114.17980197317988
1781773057.113852,1450.1964009427902,-639.5230757324227,108.4966021684704
1781773057.124929,1452.3197844297792,-637.7997400591757,103.35029492853047
1781773057.13608,1454.2656324954835,-635.9794826667828,96.841043616931
1781773057.1527467,1456.6559952241937,-633.8064329031862,84.45909570499823
1781773057.1749296,1459.874912539232,-630.4266481730257,62.93492818940636
1781773057.191696,1462.4057821747024,-628.0317328713858,43.647384286559465
1781773057.2139382,1463.29102401048,-623.7373747533288,57.8357885820424
1781773057.2249708,1463.3078053899926,-621.9254913608454,67.01186304342548
1781773057.2361803,1463.4006767211476,-619.8170031835026,75.24580199603021
1781773057.252737,1463.6951779864546,-616.6138141406119,85.26202085742382
1781773057.263833,1463.6527440788516,-614.4178738169933,90.28819602288011
1781773057.274987,1463.595005788387,-612.2221916369141,93.91856199624505
1781773057.2917717,1463.5476090769052,-608.9711529294248,97.29805366802437
1781773057.314345,1463.9859698690273,-604.7655705457166,98.13922529936637
1781773057.3250425,1464.2929523073644,-602.6782268086066,97.04763408865588
1781773057.3417013,1464.8750078019018,-599.729992441905,93.34003456867578
1781773057.3639948,1465.6580301341003,-595.7891068888483,84.05274770282638
1781773057.3754504,1465.8225005566376,-593.7964048227623,77.44057234274645
1781773057.3918152,1466.254007894735,-591.0268835287619,65.35404363361832
1781773057.4141273,1466.7067708174866,-587.3187017114753,44.929223483129036
1781773057.4306123,1466.9714965877583,-584.2860313775424,45.13338181626367
1781773057.4526548,1467.0536724763665,-580.1104666848647,60.90577803591623
1781773057.4639492,1467.0625449240767,-578.072993140822,66.8786534960698
1781773057.4805877,1467.0542070640045,-575.0552857931874,73.7887046848136
1781773057.5082657,1467.2078052479994,-569.9300972748111,79.06416571316717
1781773057.5249276,1467.2512597863674,-567.0626465042941,78.79379551277297
1781773057.5471754,1467.4273780830936,-563.2478737949772,74.12466922100707
1781773057.5582914,1467.5332704125353,-561.2220756564868,69.99871907108162
1781773057.5750039,1467.6522343254312,-558.519039782619,61.539964248174805
1781773057.59732,1467.9999777291716,-554.9198759118062,46.2595047381417
1781773057.6083195,1468.1157604719433,-553.2291487983546,36.8110548943268
1781773057.6250327,1468.7425192641076,-550.2557254203189,47.306596747646935
1781773057.647152,1469.5841536804762,-546.4843360545615,58.03358536380448
1781773057.6640096,1470.2335241860428,-543.7432560576017,62.87582929297984
1781773057.6863058,1471.0572587425454,-540.2112966568172,65.31847642631818
1781773057.6975498,1471.4885908885306,-538.3700345758718,64.71527849337568
1781773057.7116482,1472.1209529578898,-535.7684981915013,61.62086032794408
1781773057.7361355,1473.073655331385,-532.2856956701391,53.46704919918961
1781773057.7471797,1473.5254504581546,-530.5565147750003,47.70198744863123
1781773057.7583117,1473.994497107161,-528.8524330327904,40.63710952263533
1781773057.7734585,1474.6865176800811,-526.3247592064229,41.79048127827906
1781773057.7844243,1475.1133650150418,-524.4372348084157,47.55692005082689
1781773057.7956402,1475.6959413072182,-522.6662741107777,52.21803744867459
1781773057.8125346,1476.410805754008,-520.0209821725905,56.87772302951891
1781773057.8233552,1476.804262359022,-518.291871064364,58.5693052119127
1781773057.840061,1477.5795827865481,-515.7542769690917,58.73826564578831
1781773057.862213,1478.608027974999,-512.3594016213746,54.80448620482505
1781773057.8787885,1479.5167922057863,-510.0010801971357,48.753420829379394
1781773057.9014745,1480.6104481876205,-506.7590488343991,36.47961417512918
1781773057.9124491,1480.8170182190788,-504.9764490234677,41.735575946570926
1781773057.934536,1481.3268811043336,-501.29744483778785,49.734566997638254
1781773057.9511068,1481.6442763388018,-498.59762682897946,52.62257709605011
1781773057.973082,1482.0801081430734,-495.10602516908386,52.362021673823115
1781773057.9953518,1482.4607260107755,-491.7599115530883,47.22938826837092
1781773058.0120964,1482.8218233113862,-489.26408278443364,40.232786118354134
1781773058.0405045,1483.342043988826,-484.9572264615493,43.07603730526634
1781773058.0515692,1483.6457398880596,-483.24627080665323,45.655481616503685
1781773058.067498,1484.0502064540804,-480.8162387274994,47.416467448578246
1781773058.0899134,1484.5433591656329,-477.5914990562638,45.56435253650929
1781773058.1015043,1484.860679372481,-476.0149914790893,42.868216708898174
1781773058.117526,1485.2647607752856,-473.7643359106316,36.799253652239784
1781773058.1287687,1485.4969322174131,-472.1253191233289,37.98370408096879
1781773058.1400926,1485.7143492826706,-470.70819638124874,40.800843974319534
1781773058.1565878,1486.102301757558,-468.3752966291991,42.9797511019402
1781773058.178936,1486.6153159772614,-465.48220980108914,41.49543734102707
1781773058.1900604,1486.984873152844,-464.05961195642607,39.11939972182922
1781773058.2066886,1487.3967838348376,-462.0000414173283,36.5315209946
1781773058.229265,1488.1930122757014,-459.067099353715,39.91450661060547
1781773058.2400718,1488.6825959628952,-457.6703671020156,39.86711089978726
1781773058.256646,1489.195122184439,-455.6353585533792,37.6236845253919
1781773058.278831,1490.2049787858962,-453.01952867840197,37.43668315871278
1781773058.3010492,1491.033358396616,-450.38259433569846,37.903803057537324
1781773058.3121045,1491.4934523031084,-449.1796080962842,36.23480294906586
1781773058.3289552,1492.3816529635071,-447.3661832817143,36.6394490576956
1781773058.362459,1494.2396773704854,-443.7803635366415,35.64251526220089
1781773058.3733864,1495.0663956406245,-442.6877161151815,36.101853898939815
1781773058.3846097,1495.8262256676185,-441.63928039036045,35.17234460896769
1781773058.401453,1497.041212949232,-439.9485251018609,35.276550918582885
1781773058.423229,1498.832277192693,-437.8561111181795,34.794334216725694
1781773058.440114,1500.2369979144223,-436.446801381745,34.65013479970493
1781773058.462539,1502.411232367355,-434.59597625875216,34.50933853245366
1781773058.4734042,1503.4378765020276,-433.7632646422406,34.54793261442894
1781773058.4842212,1504.6019917243316,-432.7803444523791,34.484445894312394
1781773058.500979,1506.1821666926749,-431.4446155745074,34.26836084556656
1781773058.5288916,1508.9574155103196,-429.20059433801083,34.23480979216287
1781773058.5510952,1511.1443115883064,-427.48315887122135,34.187323229300745
1781773058.5624502,1512.2578125798243,-426.5724483074334,34.19373512568957
1781773058.5750167,1513.285961277969,-425.7172775357919,34.212871939143376
1781773058.591989,1514.8930845170717,-424.41141383686875,34.248636788596805
1781773058.6138744,1517.1206907765268,-422.7394942173792,34.36893223029753
1781773058.6249225,1518.18197788929,-421.9111886935521,34.41575526502588
1781773058.6418016,1519.9544529248385,-420.6304440726722,34.429127417520945
1781773058.6639934,1522.360622862965,-419.08578860917964,34.55563933150039
1781773058.674927,1523.3669856934432,-418.2621116651443,34.572027919978105
1781773058.6860876,1524.6182421446003,-417.3699767058793,34.7116016676882
1781773058.7027626,1526.1962674816848,-416.3055640656982,34.81332078101277
1781773058.724998,1528.4670223203393,-414.94669796565347,35.026291069726646
1781773058.7416863,1530.1274288516236,-414.18438901332877,35.08157247538065
1781773058.7638314,1532.5104416825957,-413.3170621791035,35.13202086715527
1781773058.7808459,1534.3272517240578,-412.84993535729177,35.13757616365468
1781773058.7971647,1536.1338157987516,-412.5205096796388,35.20186803621058
1781773058.819683,1538.6384200117184,-412.09213783310764,35.24333926194941
1781773058.8306265,1539.8484350423782,-411.98902685654787,35.20302905672525
1781773058.8472016,1541.7364757142193,-411.95149296737924,35.314014289896036
1781773058.8696196,1543.9523892572179,-412.0934563832361,35.532283235996616
1781773058.8806458,1544.889833122533,-412.2196321714515,35.726048284566986
1781773058.8971927,1546.3148599743538,-412.1810871384349,36.016982339885026
1781773058.9195678,1548.4068574630655,-412.23779268404553,35.990892509881924
1781773058.9418933,1551.6726135174724,-412.9796372094155,35.188449867577425
1781773058.9529905,1552.7034310148363,-413.1411031530311,35.35483254343632
1781773058.9639664,1553.5676983271003,-413.23912257021175,35.7474387129082
1781773058.980649,1554.878440339725,-413.3122972746875,36.1706883709868
1781773059.0027013,1557.0903570039716,-413.6158513915344,36.040415644798614
1781773059.019518,1558.8121227579352,-414.15597333906607,36.065431402562616
1781773059.0421047,-433.89427057339657,-814.0108433163551,-583.4569364356583
1781773059.058591,-429.7727487311177,-826.5337390545362,-573.8778267394439
1781773059.0806406,-423.7811533418541,-841.6089287095673,-561.6286926446022
1781773059.0917616,-420.35396469217653,-848.5418530643125,-556.1505850458857
1781773059.1085286,-415.16999083246156,-857.5626413590247,-549.3355249768396
1781773059.130648,-408.4990001105124,-865.7531584491813,-543.520933279298
1781773059.141875,-406.0225033639,-867.8042667214796,-542.0598604100692
1781773059.1583712,-403.4739554457842,-868.4323525532542,-542.0682262569914
1781773059.180664,-401.844222810462,-867.1800798840935,-543.4952899879997
1781773059.202894,-401.1934138471636,-868.4357033516591,-545.7292485023565
1781773059.21398,-401.23855044470014,-870.447590878902,-547.0710828943741
1781773059.2308385,-401.3746769390719,-874.3592121610504,-550.604810829355
1781773059.252947,-402.072004439958,-881.3534223194528,-557.0169997154056
1781773059.2749379,-405.590964554667,-889.3628806069308,-566.473134975827
1781773059.2917218,-408.77899405080944,-896.2954369020711,-574.3806224616526
1781773059.3138607,-412.2906541164192,-906.1009557920215,-584.9005413981589
1781773059.3249743,-413.5586958023272,-910.9896320702837,-590.0371583929551
1781773059.3361042,-415.58146420216383,-915.4802244837209,-595.4884187341872
1781773059.3527384,-418.56500813793025,-921.2658725566083,-602.7946953882156
1781773059.3749783,-423.3718897597818,-926.5687120630178,-611.6467215203548
1781773059.3917084,-427.4903441691173,-929.1064533211111,-617.1416959139762
1781773059.413855,-431.9184260147318,-931.1569335136028,-623.80356995363
1781773059.4249728,-433.58609667461155,-932.1004053295642,-626.4531648025179
1781773059.4416645,-435.4217404651741,-933.5377420954877,-629.8738756616814
1781773059.463852,-437.28789333790684,-935.0043792116064,-633.6682215935252
1781773059.4749706,-438.35839771870224,-935.8444819863405,-635.0548438653932
1781773059.4860742,-439.2612512008216,-936.3537351258752,-636.7623653682222
1781773059.502819,-440.8030400545393,-937.0710778617928,-639.301836039458
1781773059.5249577,-442.7606837436765,-938.1564676801063,-642.867933475847
1781773059.541744,-444.50011226459475,-938.8524168880213,-646.0008563784206
1781773059.5638673,-446.54181424481607,-939.8406748770807,-650.3922950427233
1781773059.5806108,-448.29902080020645,-940.8214950018161,-653.5377494736117
1781773059.6030338,-450.01999346057966,-942.4778601668455,-658.1852075693789
1781773059.6249607,-451.0959892709866,-944.2083413239372,-663.1563853947879
1781773059.6472702,-452.1425765470089,-946.4008192320189,-667.4034073461041
1781773059.6583126,-452.59619876143216,-947.4347613819895,-669.30447218739
1781773059.6749716,-453.3101740059539,-948.6416258032399,-672.3310760092414
1781773059.697184,-453.0706142243359,-950.31830610156,-674.6068493255359
1781773059.708308,-453.0862656151277,-950.9107001753003,-675.3698145708083
1781773059.7249382,-453.0970784010725,-951.8199579354732,-676.0501011681438
1781773059.7473207,-452.8776987321653,-952.8382005312111,-677.1265194179028
1781773059.758309,-452.79464259201194,-953.2447547835319,-677.5476304841546
1781773059.7749577,-452.66696617132135,-953.5874841195209,-678.1229712628098
1781773059.7972631,-452.4770704478047,-954.0875158946761,-678.7241161795916
1781773059.8083467,-452.39416955629173,-954.3112121076189,-678.8987105222078
1781773059.824919,-452.3002345308649,-954.5380828834992,-679.1796400177172
1781773059.8471909,-452.205183349358,-954.7768428220493,-679.3893461186886
1781773059.8583076,-452.1525319926372,-954.8060226121836,-679.5169622002549
1781773059.8694239,-452.04965022233284,-954.8175897432264,-679.7008491796522
1781773059.8860936,-452.08972598278416,-954.8582181840841,-679.6734306967425
1781773059.9083047,-452.03749950767036,-954.7489585798783,-679.7068243046226
1781773059.9194906,-452.0199669546488,-954.7283082905257,-679.7700304701407
1781773059.9361122,-452.0346389989768,-954.7102951509346,-679.6878962439515
1781773059.9585676,-452.0382951944964,-954.6689915322929,-679.6256594919962
1781773059.9749606,-452.0193866597755,-954.6826981444879,-679.6664798020026
1781773059.9972517,-452.01338561306864,-954.664242409929,-679.7849101170101
1781773060.008515,-451.93650714252686,-954.5436551694492,-679.935985029966
1781773060.0249639,2126.952328341232,-565.7565739675898,126.81627761197511
1781773060.047448,2145.47820694524,-539.611416796846,143.13253382861552
1781773060.0694253,2159.966669735391,-510.26453546693705,162.86100514798417
1781773060.0807462,2166.4278685287054,-494.71441699269667,174.57625236101865
1781773060.097266,2175.5237929967575,-471.4139548715937,194.74021757168026
1781773060.1197414,2187.188851313219,-440.6559094427099,226.66164541912198
1781773060.1308777,2192.6844820232295,-425.3526735243405,244.760301359883
1781773060.1419582,2198.2035978147715,-410.0965374371429,264.4425736621686
1781773060.1583867,2206.704108557594,-388.16613948921105,296.3781801054301
1781773060.180521,2220.6700100286457,-362.44431381325586,343.3435802505732
1781773060.1917408,2228.434285760198,-351.70820491451616,369.11681174119167
1781773060.2084506,2240.6333576640495,-335.93347654930403,408.0782326040024
1781773060.2306862,2261.2345691978912,-318.0743672705101,462.29337001370504
1781773060.2418768,2273.0235036635286,-311.52262196609416,489.02671497752596
1781773060.2583241,2293.280221461159,-304.2423045081759,529.7133022103321
1781773060.2805152,2323.6928127263377,-299.30461339197365,581.6135660659526
1781773060.2919023,2339.987644901071,-298.97598165486403,606.1596783406745
1781773060.302748,2356.977377814736,-299.8275925951852,629.8260882271678
1781773060.3195195,2383.507753053802,-303.0763114803992,663.4674677487812
1781773060.3417637,2420.413345846532,-311.01068538256993,704.1667725956048
1781773060.3583193,2447.9244591060237,-319.8758894124299,732.0096075565043
1781773060.3807771,2486.456787710156,-334.16164497669365,762.9565054587121
1781773060.3922088,2505.4297266448734,-342.0486537026742,776.9453765364527
1781773060.4083686,2533.7634057920536,-355.28698033541804,795.8770871764008
1781773060.4306588,2570.639689193274,-373.8260850630675,817.2508823123532
1781773060.4419706,2588.5358655359864,-383.38072517631184,826.5212316710181
1781773060.4582322,2614.711162975537,-397.9871134873057,838.4464592763039
1781773060.4749262,2639.663830704654,-413.1751226745515,848.8173909298321
1781773060.4916961,2663.528990677285,-427.7043018039968,858.2193782203061
1781773060.5139136,2693.389527510087,-447.7421665416315,867.838919041147
1781773060.5305223,2714.740535837609,-462.5135592230084,873.843218781902
1781773060.5527303,2741.723295960301,-481.8976450024338,880.1584150214113
1781773060.5639112,2754.615607155004,-491.2517077705965,882.7806125081794
1781773060.580607,2773.5482879750884,-505.1009510619881,886.2237932742336
1781773060.6027079,2797.6370504120155,-522.8508428312531,889.7147400215126
1781773060.613977,2809.336782436712,-531.3644051654918,891.0326847005823
1781773060.630613,2826.2861527574837,-543.8491368181242,892.5642900556056
1781773060.6529312,2848.036052338604,-559.4496498829072,893.7188957320739
1781773060.6640885,2858.597725559915,-567.1757993916158,894.1724233833946
1781773060.6805973,2873.852492875207,-578.140976820802,894.3944216525333
1781773060.7031243,2893.1867767710346,-592.1031362297305,894.2666703050286
1781773060.7139099,2902.536683167255,-598.8029368049495,893.8926358961943
1781773060.7305968,2916.011348461989,-608.2989792511007,893.0642229474194
1781773060.7527468,2932.6677095667847,-619.9440300207278,891.5450597890938
1781773060.7638721,2940.4201095460658,-625.4064152169664,890.8805317879114
1781773060.7806,2951.2305229476883,-633.0310796849789,889.7842099799917
1781773060.8030846,2964.143924309628,-642.0225761370691,888.3791459104408
1781773060.8139398,2970.157714820664,-645.9143777906378,887.766912736425
1781773060.8305957,2978.3742448351554,-651.2570164846336,887.0030721918766
1781773060.8527331,2988.2044328355432,-657.4732934031314,886.1332337340009
1781773060.8638406,2992.5562366923164,-660.4863746000229,885.7385496922828
1781773060.8860967,3000.5119609971644,-666.1980429725528,885.0877164132481
1781773060.9083722,3007.8514945204092,-671.1505740860647,884.7477782743784
1781773060.9249575,3013.0361104688523,-674.6258141222172,884.5817782419903
1781773060.9471753,3019.445110025377,-678.7885568205987,884.6065233828016
1781773060.9583874,3022.476027617514,-680.5388418684526,884.584351179911
1781773060.9749708,3026.692653561632,-683.1063038857222,884.5277166561101
1781773060.997201,3031.8739297229317,-686.0570046184209,884.2606980571092
1781773061.0085323,3034.2420536327018,-687.3638441021762,884.0927934591273
1781773061.0249476,3037.6827575521797,-689.2149770698938,883.9883459778018
1781773061.0360959,3039.852391385829,-690.1126310907299,883.8995666972733
1781773061.0471852,3041.905002119408,-691.0113306684169,883.8401131176304
1781773061.0638518,3044.7603697150016,-692.0357933025945,883.6948825923361
1781773061.0860696,3048.0907507117395,-692.9353177155936,883.6454702338491
1781773061.1027863,3050.0154831237633,-693.4960685611096,883.6221526032189
1781773061.1249406,3051.785231546821,-694.2630641319927,883.6800830754345
1781773061.1361687,3052.1797598584726,-694.5403840113521,883.7866538021011
1781773061.1528022,3052.1908325909817,-694.8260470277826,884.2532833308845
1781773061.1751397,3051.2171821998245,-695.0274193326863,884.831205835155
1781773061.1860602,3050.326611181546,-694.8647624396956,885.0312733200649
1781773061.1971755,3049.2612051397864,-694.7509679457446,885.0563288785834
1781773061.2139893,3046.7534532871227,-694.1911231887368,884.9797975932964
1781773061.2361333,3041.482557114943,-692.7274464897291,884.3923636926777
1781773061.247416,3037.7397531552924,-691.8800495773182,883.7781313162678
1781773061.26393,3030.9776864305663,-690.2530700616102,882.6142730671586
1781773061.2861369,3018.780744769448,-687.0677161146044,880.0781523369635
1781773061.3083763,3003.0418372746226,-682.821486853661,876.1989155081359
1781773061.319734,2993.6441060997613,-680.0402111030768,873.5338609575098
1781773061.3307467,2983.1199780583433,-677.0417434657952,870.6519951398426
1781773061.347179,2965.3541098821015,-672.0717053513877,864.9120358550609
1781773061.3586845,2951.987452960738,-668.3231839601125,860.1387918836606
1781773061.3696826,2937.6869247738455,-664.0108982907668,854.8327021592746
1781773061.3860946,2913.5306075806407,-657.0869792545338,844.5555050389767
1781773061.408381,2876.6291084404825,-647.1886830201104,826.4731942219968
1781773061.4197142,2855.886614958216,-642.345912146855,815.2985076262069
1781773061.4308894,2833.4762393675696,-638.0523036695535,802.0566702953362
1781773061.4471793,2796.9342834238983,-631.7721249849486,777.9044371257095
1781773061.469434,2745.8474216565114,-624.9769723153393,735.7750789878656
1781773061.4808939,2719.2979014327816,-623.341176157506,710.8059011859195
1781773061.4918132,2691.9918819127597,-622.4173855205817,684.2370928826062
1781773061.5082903,2649.8803133744955,-621.9611460793913,639.1918375982206
1781773061.5360918,2576.387999274702,-627.2194626718644,545.8030368567609
1781773061.558381,2518.0060238850806,-636.8475062339763,461.6788237799198
1781773061.5734713,2474.0748057885767,-644.7319076912877,395.3177709997759
1781773061.5961843,2415.958911742795,-654.8386814419606,303.3043938533697
1781773061.612059,2372.627662466747,-662.4318641912378,232.0441783333764
1781773061.6343434,2315.116715551932,-672.5437903388773,134.65424308986476
1781773061.6453183,2286.397991732336,-677.4642712622178,84.7093363555398
1781773061.6624439,2247.719399028244,-683.4022093591801,53.54837509605892
1781773061.6846204,2208.540479196434,-687.5450325730039,139.2121659351755
1781773061.6953962,2188.9710079691363,-689.6239362105026,179.87878792081037
1781773061.7071145,2169.688303267846,-691.5641559664621,219.3384546139477
1781773061.7287617,2132.6628859424764,-695.3340825855307,294.28741226773934
1781773061.7401366,2114.369581479624,-697.3736004134537,329.6470043875953
1781773061.7565765,2086.8936409004245,-700.5078070383156,380.61718036487287
1781773061.779303,2051.1846265860927,-704.3455028701761,443.76404168959266
1781773061.7904236,2032.7736224038679,-706.3186418524309,473.26769597853274
1781773061.8019152,2014.1844527994272,-708.493682443707,501.38206505025835
1781773061.8178537,1986.2574238058478,-711.5855381651766,541.3474755766474
1781773061.8454428,1940.0827625510692,-716.2503002117772,600.9700282259394
1781773061.8677418,1903.6215805394347,-720.3198312678753,642.3456281728207
1781773061.8792806,1885.3840456348692,-722.4737680462722,661.4866936317354
1781773061.8917058,1866.892057070088,-724.7118482266249,679.0256483195051
1781773061.908402,1839.3555121205811,-727.8247055366728,703.0846042843297
1781773061.9306035,1803.5416908367981,-731.7634496674066,730.8203521480539
1781773061.9417043,1785.6893685628015,-733.881628647118,742.8943096094139
1781773061.95829,1759.0048019453325,-737.0343762370395,758.9040423592933
1781773061.980623,1724.9435650540206,-740.8063131963156,776.4260483565857
1781773061.9919477,1707.2083078244843,-742.9891611373855,783.0286353626154
1781773062.0027661,1689.503224221598,-745.2882349760218,788.3826068118984
1781773062.0194528,1662.7863018909372,-748.9223489382919,794.1187459658856
1781773062.0472186,1617.8427676046906,-754.2244542262508,797.2031092570282
1781773062.0696294,1582.7386499670436,-758.7407275242086,794.1176802993574
1781773062.0920236,1547.332095524424,-763.3784435524802,786.1412806098904
1781773062.108614,1522.6912413128437,-767.299474712329,777.3483111726592
1781773062.1306455,1487.8063849164316,-771.8643502419318,760.9766745119982
1781773062.1472352,1461.9471393265433,-775.3692128029286,745.6143430722086
1781773062.163986,1436.4251318937572,-778.5894070268865,728.3046377127494
1781773062.1860764,1402.4140971432782,-782.8630930281938,700.2875841991075
1781773062.197175,1385.5649696133723,-785.2859694703643,684.521456333256
1781773062.2139792,1360.1008174210756,-789.1251013143317,658.6150628854904
1781773062.2360759,1326.0771620645687,-794.0250506153593,620.0318709997885
1781773062.2472224,1309.2678456951314,-796.3139555089402,598.8595648453868
1781773062.264112,1284.4506306755604,-799.7755848128722,564.6188309712617
1781773062.2860744,1251.585983875635,-804.8649567466028,515.0547945446411
1781773072.708693,-245.33670781243828,-1295.2769821997283,619.9953396749709
1781773072.7194252,-257.896850016226,-1297.7886225782865,613.8929923456029
1781773072.736083,-277.72627111703395,-1301.8871534440711,602.4412730587212
1781773072.7583919,-304.3873879375778,-1306.9448845366603,584.9397883440428
1781773072.774963,-322.8478726485174,-1309.8423084430126,569.1826682348654
1781773072.7971866,-262.01743321829514,-1311.8800105487624,615.1252091927377
1781773072.8082857,-228.42282585992587,-1312.0355845167132,640.3898009188075
1781773072.819437,-194.5449207195558,-1311.4844541075902,663.898632686474
1781773072.8360689,-144.27802283399512,-1311.2904116954062,696.590657276791
1781773072.8584015,-77.64389856714735,-1311.0526143915354,736.1095339550494
1781773072.8696797,-44.56681711837815,-1310.466512998913,754.1190092503033
1781773072.8861303,5.140429243429232,-1309.382378332334,778.2446391645823
1781773072.9084148,70.4229759360049,-1308.2802336291509,805.1155896612996
1781773072.924921,119.28997409204933,-1307.67549645788,822.461197263291
1781773072.9471998,184.02345052468706,-1306.1087663499075,841.3686484919306
1781773072.9698424,248.450520350155,-1304.1237944340132,854.334790541265
1781773072.9860995,295.85512476166645,-1303.32204778821,861.2108909557487
1781773073.0084593,360.1087176800278,-1301.6003552709913,866.1226758165444
1781773073.019514,391.8285152134767,-1300.49784135666,866.7861815331721
1781773073.0361192,439.3197068724102,-1298.5976136841496,864.6842557893362
1781773073.0583997,501.1687973536955,-1297.0020327948127,858.2775027105777
1781773073.0749803,548.73567200475,-1295.66383925019,850.3105138445397
1781773073.0972855,610.6227167110023,-1293.021585079732,835.5955972101206
1781773073.108376,641.6589381780004,-1291.6374203111293,825.9096430123044
1781773073.130625,702.5620408150435,-1289.7679524192251,803.3045285601409
1781773073.1527808,763.8591018957649,-1287.5543034226632,776.6556748543965
1781773073.1696973,809.6360822862256,-1285.3313896612187,753.2402314674448
1781773073.191771,869.4362102290792,-1282.889488257863,717.4482343379537
1781773073.2029078,899.2744625570551,-1282.0545922017075,697.9412603011583
1781773073.219491,944.2324449386684,-1280.6001644943133,666.8729304341202
1781773073.241738,1003.4709007646948,-1277.7491603312017,621.2044837682354
1781773073.2527556,1032.8325700546875,-1276.531184588626,596.3440723809993
1781773073.2694955,1075.9856967322285,-1275.2919031511733,557.1485379830218
1781773073.2918146,1134.5749168402508,-1273.6631465868277,501.4471301839459
1781773073.3027828,1163.0950292725258,-1272.3743640446933,471.89916710213896
1781773073.313997,1191.9306955667096,-1270.8420787942982,440.826889678391
1781773073.3307226,1234.4258737267628,-1269.6253339665664,392.1194889684598
1781773073.3527913,1291.2982868361696,-1268.404144623544,323.83794779561725
1781773073.3638763,1319.4265731445926,-1267.8247579839237,288.4730789033065
1781773073.3806498,1361.6920772025987,-1266.4284436984656,233.07184246069235
1781773073.4027903,1416.9680246510256,-1264.9800342470219,154.80477828133968
1781773073.4138703,1442.6504782751645,-1264.926847026793,110.78195590758095
1781773073.430609,1484.8370763680268,-1264.687037745446,49.13471928235034
1781773073.4527428,1528.2862460118693,-1257.5905166823616,102.65966309597256
1781773073.4638724,1548.6264572210416,-1253.5485271803595,138.40176766932694
1781773073.4806569,1578.756529529226,-1248.4588466177256,188.09566999616575
1781773073.502759,1616.9940398149145,-1241.4079912404654,249.635834121719
1781773073.5138562,1637.0237245674234,-1237.8735519605932,278.5387498226111
1781773073.5306032,1667.817653743191,-1231.3075702742544,319.0046522814922
1781773073.5528653,1707.0120420941319,-1224.2732316895704,368.37930045510825
1781773073.5750124,1746.4762773363902,-1217.2947336649293,412.6354389852446
1781773073.5860987,1766.0675999561831,-1213.5457945344388,432.93076217668545
1781773073.6027555,1796.1047282672478,-1206.6701353035885,460.81731472705644
1781773073.6249797,1834.5976040133025,-1199.56097670022,493.5140186069629
1781773073.647228,1873.0905187892884,-1192.3147767133325,521.0475711706532
1781773073.6638577,1902.914410583194,-1185.9804859499409,538.5704547189857
1781773073.686094,1938.594508114717,-1178.301961860205,557.0673950764702
1781773073.7028272,1968.1395529606561,-1172.8749339530407,567.8467788693436
1781773073.7250476,2004.5836636531621,-1165.450262372007,578.0806682195209
1781773073.736082,2024.5151491339698,-1160.7290843833514,581.0841837413814
1781773073.7527568,2052.1021786762444,-1154.9835594067558,583.6065399420513
1781773073.774972,2090.7377516192623,-1147.912215189892,582.5069652220702
1781773073.7860873,2108.9190283265775,-1144.4331028547851,580.0121615372839
1781773073.8027394,2138.2853546317842,-1138.3219388549921,574.312977790188
1781773073.8249893,2175.090388359304,-1130.3690505983532,562.4613358038495
1781773073.836104,2194.4251034821045,-1127.099428607701,554.5141017205183
1781773073.8527675,2222.124424153234,-1122.2441840304646,540.2399111608744
1781773073.8749495,2259.9662531954323,-1114.2512785636147,517.5654270312094
1781773073.8917384,2286.98653928727,-1109.1252716405525,497.3226479749757
1781773073.9138577,2324.451371847969,-1102.997722853024,466.09783511830716
1781773073.9266634,2350.6276765795355,-1098.3746345201705,439.61151386128466
1781773073.9529603,2387.775547016983,-1090.8785915953254,401.0873158640882
1781773073.9856422,2421.22342009473,-1080.29716077467,421.5724007867096
1781773074.0083141,2435.704442099941,-1088.1493854228208,442.610833457403
1781773074.025051,2434.888344824748,-1076.5316653593757,455.53978468979506
1781773074.0360987,2441.8450357878355,-1068.586847176325,463.88352371591446
1781773074.053008,2455.2518856388456,-1058.252899178288,477.08374786264983
1781773074.0750337,2472.285659512797,-1044.2165932347932,494.081220189949
1781773074.0861528,2480.3497537584954,-1036.7121218817113,502.14574833577853
1781773074.1029346,2492.0167185928035,-1024.1800348457045,514.4978960819354
1781773074.1139557,2498.878340987688,-1015.3444366561541,522.9104134930656
1781773074.1250732,2505.665968821026,-1006.1888591689502,531.8932890852792
1781773074.141694,2515.1712382835935,-990.586662577708,546.7054118962529
1781773074.1639984,2523.1642724603603,-963.8242697875776,568.9637684296149
1781773074.1750596,2530.372122745551,-951.0233355477762,582.7235620131739
1781773074.1861427,2538.5928531534337,-937.1055667758574,598.8517856280386
1781773074.2028272,2553.539284798985,-914.4571146169567,626.7245404180962
1781773074.2138994,2565.5493943196,-899.7637173432807,647.064289525296
1781773074.2250776,2579.707449662143,-884.9426949629112,668.8467218687352
1781773074.2416987,2603.107533980259,-862.9695497043826,701.9666530351758
1781773074.2639654,2638.62371006997,-834.9263823785325,744.5952099523345
1781773074.286157,2679.768325884438,-807.3002507759016,785.1570552887918
1781773074.3027682,2712.086807365776,-788.5496487978124,811.7310095818759
1781773074.3250582,2751.1041807777324,-768.025752915729,840.8639482202833
1781773074.3419409,2778.7850298476255,-757.7481272998443,857.975605613554
1781773074.3639536,2811.9773410248063,-743.1533467337613,878.8150820749472
1781773074.3750706,2827.19718102435,-736.4629849266328,887.8258187310182
1781773074.3972936,2854.9762203518576,-724.1066984285063,902.6173842254925
1781773074.4196813,2878.9287864275543,-713.4007123103969,913.329870786684
1781773074.430721,2889.461820553308,-708.97735728381,917.4678939380755
1781773074.4472926,2903.458940258876,-702.908140454707,921.968930388986
1781773074.4695022,2917.7074448580647,-696.51673341419,924.9437306809033
1781773074.48071,2922.2430776310093,-693.7159449951739,925.2976080198775
1781773074.4972105,2926.2766218052875,-689.1930388796669,924.5968746668999
1781773074.5198343,2925.549191505841,-682.5386525107232,921.560075395268
1781773074.536185,2919.3406110095243,-677.751322238251,918.1834621258947
1781773074.5472608,2912.2989913982265,-674.6014310889489,915.4182900630062
1781773074.5585606,2903.1762834763026,-671.651138478639,912.2155277846638
1781773074.5750506,2886.7823379818715,-673.2555306476754,905.697225960253
1781773074.5972784,2855.2884851220774,-668.1720158478058,890.2332278551445
1781773074.6083028,2836.611856629954,-665.8342512798096,879.6564721385513
1781773074.6250093,2805.3981172019576,-662.7971695971611,859.3734943049894
1781773074.6475482,2756.4332774066606,-660.6696002116116,823.0026006556423
1781773074.6695955,2693.71655041184,-665.1444421969487,769.1249031748313
1781773074.6808503,2658.4305132618906,-669.3227935883699,733.4938548119604
1781773074.6972044,2604.966928244975,-679.1665409119616,672.3931439018221
1781773074.7196827,2533.729915666544,-691.8942435178433,583.0776973509783
1781773074.7308156,2498.05567904378,-698.7283757072458,538.1261085158859
1781773074.7472131,2445.4550996122916,-708.7725593645631,469.42967618836855
1781773074.7604196,2393.2819895917305,-719.1953370950788,397.98756868283465
1781773074.7861216,2324.210721923068,-733.9343731769396,299.580106019699
1781773074.8170378,2221.4656837856787,-756.2551044979388,145.96309802948025
1781773074.8419766,2154.550207910674,-771.0461107712468,43.80945618582969
1781773074.8530273,2129.7433987974746,-774.2899891888214,88.6497312012402
1781773074.8698075,2092.561441474779,-779.0710827736809,152.71141640410272
1781773074.880639,2068.1414007871613,-783.2066517947632,194.47303876272852
1781773074.8919246,2044.873228400203,-785.5526809130545,234.5190722168445
1781773074.90845,2009.797080251141,-789.8188144537132,291.9257688412031
1781773074.930689,1961.7780775389558,-795.1894561136774,363.61701351385614
1781773074.9419708,1937.9217122947252,-797.8489142641695,397.2850162939309
1781773074.9583523,1902.675851415961,-801.6771708143215,445.599599752334
1781773074.9805927,1855.1838411196045,-807.1914322156734,505.5498946014105
1781773074.99197,1831.4166478356397,-809.8560418022983,533.3920632879805
1781773075.0086668,1795.5875265039144,-813.1818874133807,571.8935040822795
1781773075.0361862,1736.3118949441464,-819.5390263328317,630.2229258294798
1781773075.058669,1689.954288773055,-825.3324776315548,671.0989052049514
1781773075.0750651,1655.465555946059,-829.2720352972241,698.2491728101695
1781773075.097291,1609.1651982291821,-835.152786117006,729.7148110521133
1781773075.1139727,1574.2869858045237,-839.3225640571566,750.9596673038551
1781773075.1251028,1551.1263321542626,-842.1614092292305,763.2093710705925
1781773075.136425,1528.2063518763123,-844.9855278524842,774.1198522453001
1781773075.1473045,1505.66410872069,-848.0126344787699,783.6498077873798
1781773075.1639535,1471.3900530421322,-852.2757334851733,796.0140100659695
1781773075.186181,1426.0733666099459,-858.0207533383958,808.460339660777
1781773075.197533,1403.5072274743095,-860.8366248306571,812.9938610296665
1781773075.2139735,1369.3999301016968,-865.1204632184894,817.4080124117797
1781773075.2419302,1312.6394530119312,-872.2429644856853,817.611957381332
1781773075.2584376,1279.007595475019,-876.681273810477,813.6736284306515
1781773075.2805614,1234.703486940132,-883.0690721091667,804.9503198182891
1781773075.291983,1212.9921174460662,-886.1155968905317,799.0197041053294
1781773075.3087618,1179.9584538738316,-890.8088320999841,787.5897418037633
1781773075.3305671,1135.8502432986213,-897.2005374605295,768.4009855567967
1781773075.3417647,1113.9560298630215,-900.3511305823638,756.7378787382816
1781773075.3583324,1081.2509475190432,-905.2377471889366,736.7608579646923
1781773075.369565,1059.5601477915775,-908.5038324996913,722.1176355910957
1781773075.380841,1038.1123825500597,-911.6847602300925,706.6569883920242
1781773075.3972237,1006.2833670421899,-916.9302610155552,681.3388542427446
1781773075.41956,963.7695101316215,-923.4818580236458,643.4171442840859
1781773075.4309564,942.3611093737883,-926.6554142447425,622.571861288001
1781773075.4417317,921.0785947388607,-929.9766564368803,600.3939961483675
1781773075.4583375,889.5611853805342,-934.9815990953708,564.4198481449621
1781773075.480591,848.1854968441811,-942.1667143778553,512.7150597287833
1781773075.4919822,827.7156662571373,-945.846304037876,485.3620803992274
1781773075.502955,807.3972736867443,-949.4769309493026,456.68153306401047
1781773075.5197256,777.1590680969431,-954.9328976528399,412.43627066723803
1781773075.5473573,726.7635507485762,-964.0245601410174,332.8385211189373
1781773075.5695622,686.8322897446174,-971.4891484070262,263.13361556405556
1781773075.580783,667.138722656179,-975.3242743802243,226.78201866904502
1781773075.597444,637.945227490396,-980.9292516544971,170.71692528958292
1781773075.6196334,599.5348864169332,-988.6872859280627,92.172971356786
1781773075.6308413,580.3033459311895,-992.5528607739211,51.354847888746804
1781773075.6417906,563.8190195119658,-995.2007774608588,48.10990513142462
1781773075.6638987,536.9284670043721,-998.1316124840301,115.94357013408033
1781773075.6750124,524.1023065388758,-1000.1498520582722,148.15504562788462
1781773075.6919136,505.1184633111631,-1002.587557217765,194.66405552587645
1781773075.7139611,479.1390439425574,-1006.3939819000426,251.47597828328995
1781773075.7361445,453.47402326887703,-1010.0671735101495,303.68974372048893
1781773075.7472336,440.27173714998764,-1011.7830021319083,327.96419185329444
1781773075.7639291,420.22219923655035,-1014.4932976864742,360.8766035321161
1781773075.786118,395.02343132785927,-1018.2793148317045,400.7691681136611
1781773075.7972264,382.3535732013092,-1020.0011144040951,419.2194709658654
1781773075.8139393,363.0263339707247,-1023.0192223888378,444.0457361293396
1781773075.8361287,337.4516325597257,-1027.1470198351901,472.9682098887591
1781773075.8472135,324.50261524025547,-1029.139153589299,486.0436575762845
1781773075.8587875,311.22723049712005,-1030.8955877687174,497.30913220411253
1781773075.8750005,291.6088547040086,-1033.8693158406413,510.9707108350325
1781773075.8972332,266.8320783291247,-1037.9335820760525,526.1816356512192
1781773075.9083452,254.29446055174594,-1039.836687302243,532.2502985121624
1781773075.919894,241.82194666196338,-1042.1449346051686,536.6406838188201
1781773075.9361749,223.04645717734414,-1045.374582418122,540.9007850118303
1781773075.95843,197.88284786450757,-1049.9068600934604,543.6214700145282
1781773075.9750757,178.65874180691327,-1053.101555627462,541.520253226322
1781773075.9927125,154.76111343342976,-1057.97752074716,534.7667891409401
1781773076.0083396,142.74442431695587,-1060.1035583958535,530.0500811227226
1781773079.4533021,199.1751101298557,-526.7630063336395,282.14475051610714
1781773079.4645185,228.97821560791425,-520.2423489588709,299.95824902839325
1781773079.4860563,282.36081297156204,-510.7950979655008,340.22803178031944
1781773079.4971085,318.8918410680552,-505.0787267434832,365.8521188239296
1781773079.5091286,353.7735176524377,-499.21084647033547,387.80215089942277
1781773079.5248795,405.8686950067218,-488.74224780988555,420.92311275779554
1781773079.5361028,441.6719384963463,-483.3271034095225,441.31322621205334
1781773079.5529559,493.53603957070334,-474.4576146945539,467.61224069873776
1781773079.5750158,562.6644186265287,-462.6699823842924,499.27048479120526
1781773079.586133,596.9409780121963,-456.7916774594145,511.5133494688542
1781773079.6027467,648.1062658952847,-447.98276614173153,529.9355502420306
1781773079.6249819,716.2865859740691,-436.61333690223705,548.8867673869796
1781773079.6417513,766.7871599301234,-428.0823863855895,560.2761856739744
1781773079.6638823,834.099870730052,-416.8215054170467,570.0903407093338
1781773079.6749954,867.1156639760985,-411.2692702326502,573.645881313072
1781773079.6917238,916.6344849330585,-402.9389041202159,576.3903592680623
1781773079.7138891,982.6586525740855,-391.7268442532147,574.5982934080806
1781773079.7250042,1015.3924714980991,-386.14355244733315,572.182251746456
1781773079.7361503,1048.2771225675647,-380.9349089100109,568.5530945153998
1781773079.7529662,1096.5205085425887,-372.7774352326287,560.0355026750595
1781773079.775021,1161.106896353479,-362.4284743793612,545.5128736039605
1781773079.7860925,1193.1691023689514,-356.749689392216,535.1660987056813
1781773079.7972326,1224.952904836727,-351.77984779082834,524.9169662721827
1781773079.8138683,1272.3175195707233,-344.21114409723594,507.33401338472595
1781773079.836119,1335.0210311131705,-333.8998962824999,478.13603934512923
1781773079.8472605,1366.1895032437649,-328.86805986765336,462.33646213367314
1781773079.8638618,1413.194127401184,-321.4856913328229,435.55311827556693
1781773079.8919358,1489.0712130236643,-309.84180920481407,386.29995532306185
1781773079.9029863,1519.9474245826227,-305.05590690923304,363.60382830143305
1781773079.9195359,1564.7938423024607,-298.1105320963358,328.4669389875648
1781773079.9306262,1594.247990252606,-293.74283803150814,304.08690502452714
1781773079.9417741,1624.3256965666935,-289.2876750531289,277.4404285065134
1781773079.9583242,1667.86197954505,-282.560942986977,236.20970738970257
1781773079.980645,1726.2071805374674,-274.08477120112764,177.34853963090384
1781773079.9916573,1753.376890976958,-269.43582535796156,145.92724359182986
1781773080.0029566,1781.806988325114,-265.92098032564974,113.6006051356606
1781773080.0194376,1824.6757579337452,-259.8543692298978,63.28939723894073
1781773080.047197,1895.7434734311241,-246.18110500914108,83.55857938901063
1781773080.0695646,1954.1116922431543,-234.20415063168056,139.24443639586548
1781773080.0806484,1982.0704736053094,-227.74695587896187,165.5135910091045
1781773080.0917754,2011.1702432181542,-221.9563604438229,190.0606550013657
1781773080.1084094,2054.599335794033,-213.58462818405027,224.4675968859059
1781773080.1148245,2083.151171307105,-207.17479381884985,244.83430441633539
1781773080.1310453,2110.883580661486,-201.59451189560045,264.68628155956293
1781773080.1419654,2139.76885993677,-195.8718210082321,283.3702649286818
1781773080.1583724,2182.479631125892,-187.59137476231936,308.24394996940555
1781773080.1810408,2237.3335720523633,-175.77832603331842,336.5389782017944
1781773080.1921124,2265.4642807284977,-170.20976362197916,349.464667170048
1781773080.2030718,2293.636577197844,-164.81432229905187,360.3955410428051
1781773080.219611,2334.5068395906865,-155.7385713349203,374.33084830952504
1781773080.2417629,2390.1903755156077,-145.30601136221622,389.3946304853826
1781773080.2583735,2431.536130622204,-136.31618723247996,395.85022346331453
1781773080.2810013,2485.831733653212,-126.1146763617171,400.9999843309594
1781773080.29205,2512.8304609542765,-121.35726189412712,402.0922700133058
1781773080.3141348,2566.61244638649,-110.24137906982322,399.6354782379163
1781773080.325102,2594.173932052544,-105.01965904208446,396.7329713063232
1781773080.341937,2634.45737973114,-97.72642137291751,390.10069253841067
1781773080.3638947,2687.3667256759677,-87.05922909105676,376.5585644800892
1781773080.3751295,2714.2078222166933,-81.92851988679722,368.6153179991255
1781773080.3862388,2740.565172793599,-77.35753630244673,358.97209224249036
1781773080.402797,2779.2112800049435,-68.30132597233137,344.09785389361116
1781773080.4250576,2828.003466584797,-48.76156903492804,355.28487406742204
1781773080.441747,2865.6001420432253,-33.56372671391829,359.56911646250995
1781773080.463922,2914.121653520492,-13.360491660097855,362.6491574173513
1781773080.4750073,2937.5741706090957,-4.169453037930837,363.32238437282115
1781773080.4861324,2962.9811896188403,5.69701840818472,360.97098662097676
1781773080.5029342,2998.9677713427373,20.479955288889084,356.8044250949598
1781773080.530873,3058.859783042287,44.277223301512606,342.3831509615227
1781773080.5420525,3082.3896021703144,54.46689327843905,334.4916441363705
1781773080.558678,3118.021812226763,68.82142270286026,320.69370335831724
1781773080.5809135,3164.8934684089054,87.3812099796271,297.47489594720173
1781773080.591999,3187.3614474255523,97.63128019737579,284.3547086514432
1781773080.6084337,3221.8636414393914,111.52037194756672,261.69796699537255
1781773080.6198268,3244.6196681038855,120.59332436026959,246.349482637994
1781773080.6309676,3268.364513600429,130.2018249016035,228.20199251245677
1781773080.647218,3301.6413686556443,144.57770909571468,200.29143377429907
1781773080.6695812,3346.352540891824,162.78419465775664,158.98078766507712
1781773080.6809475,3368.468886930475,172.71758460608692,135.2998785430661
1781773080.6972964,3401.2755224881143,186.8481133779455,99.29813628149608
1781773080.719452,3444.9835984997358,204.73084667356164,47.40705130135858
1781773080.7420182,3487.218221854698,223.9731439902081,-9.89005094584166
1781773080.7640486,3529.2713681673936,241.58940876088354,-70.75869746744897
1781773080.7701447,3550.2361382537856,251.19590867151697,-104.09974401910578
1781773080.791742,3580.5409418524473,265.0350003026433,-154.49207581851425
1781773080.814058,3621.3828822666687,282.47821481747053,-225.56343456555427
1781773080.8250568,3640.7978480602405,292.143044198325,-263.5031647309891
1781773080.8419976,3670.5404835654053,305.62399584163614,-321.04384949377686
1781773080.8642287,3709.587114145714,323.003508657275,-401.8053955627464
1781773080.8806372,3737.202514076166,337.10387020192235,-464.995659272757
1781773080.9029062,3774.133626254966,354.5254768939234,-552.805849550693
1781773080.9140031,3793.337925307561,363.4523823930988,-599.2954515311678
1781773080.9306335,3819.488953082136,377.22272859019574,-669.2236961400117
1781773080.9527812,3857.528109089165,391.21982513881625,-686.3411273738794
1781773080.969547,3889.362084802679,398.93658813789835,-627.783174269317
1781773080.9920957,3930.7458372071637,408.28262311847374,-551.7677179257261
1781773081.002982,3951.2919713725937,413.03500208135785,-516.5846859810113
1781773081.01955,3982.6144605081417,419.61032592090265,-464.7732731304688
1781773081.0361092,4013.6974940650134,426.9370472779381,-418.987290314228
1781773081.058344,4055.1060160641327,435.88166323016,-360.6765373358126
1781773081.0695236,4075.5945206187434,440.42271678019705,-333.59437321177273
1781773081.0810294,4096.464116780041,444.87122192934805,-306.83130812283036
1781773081.0973587,4127.70885369506,452.0224035055493,-272.14651373170307
1781773081.1195474,4168.127152172672,460.22804635229284,-228.248698394094
1781773081.136137,4198.612493150571,466.73324967651206,-198.94119848720814
1781773081.1639423,4250.442428476302,478.4024577640454,-157.85655947644838
1781773081.180654,4281.303558156673,485.0667378934433,-135.6274498422361
1781773081.202755,4322.0769637909425,492.9609935132473,-111.10697562281584
1781773081.2139177,4343.310121691589,497.541960987659,-101.12835217897211
1781773081.2250679,4363.568304229596,502.3045661148158,-93.41458088396598
1781773081.2419996,4393.9721736074125,508.6587495901024,-81.58137941649204
1781773081.2639296,4434.3104954039345,516.9372857894807,-71.52926627328559
1781773081.2750905,4455.283936302026,521.1448342358556,-67.77599622661896
1781773081.292019,4485.503655157119,528.0854924488301,-66.67487154173125
1781773081.3029158,4505.186079047681,532.0795600364556,-65.79099679143029
1781773081.3139055,4525.420786480941,536.9928225165116,-67.17873965961596
1781773081.3308604,4553.3539758488205,542.5374341427122,-71.54298024554124
1781773081.3417401,4574.484258213732,546.656615887119,-75.81004795148436
1781773081.3528006,4594.220887036853,551.2004263098627,-82.15320711779223
1781773081.363902,4613.844633418644,555.0873014065621,-87.8829303998751
1781773081.3805652,4642.192238077757,560.6142002732353,-99.83290621156738
1781773081.4027848,4681.538609807376,567.7284252247582,-119.35665186462457
1781773081.4139705,4701.253649410527,571.8305045855919,-132.7813961541262
1781773081.4306362,4730.358269169663,577.461280018773,-152.21980671240152
1781773081.4527676,4769.175730846416,584.8674440510347,-183.63210233457585
1781773081.4640503,4789.046197409665,588.5673044447111,-200.09487553634946
1781773081.4805648,4818.112551028489,594.4033921194351,-230.19262463749868
1781773081.5028696,4854.8197030730735,601.2753917787127,-270.00317498726895
1781773081.513888,4872.360148112645,604.823589219267,-292.3395038968905
1781773081.5306976,4898.432629628611,610.1955846185023,-327.36679557656
1781773081.547248,4925.99468086519,615.6566680746462,-366.7508649808139
1781773081.5697641,4959.062764774972,624.1368728514846,-419.96780766551467
1781773081.586121,4981.783451505399,632.5499791654089,-458.5704739717713
1781773081.6027677,5007.217191540283,639.3908049382009,-504.29789805890726
1781773081.6250224,5042.21379163435,647.0304018866508,-570.5490267514577
1781773081.6361182,5059.733781512188,650.5353342116146,-606.1780706877407
1781773081.6472507,5076.2744015745675,652.8022192212903,-641.4320772174258
1781773081.66392,5101.73809196806,657.8722165154446,-700.1393739059923
1781773081.6861336,5136.894328984089,665.4976366835705,-659.9081675966148
1781773081.708468,5174.686011862661,673.2950484786832,-598.0850936414229
1781773081.7250094,5193.900558752627,676.6368815035241,-556.7920502546
1781773081.747326,5232.182686605694,684.5768941190466,-505.9678253315613
1781773081.7639012,5259.557520302582,690.3515665245254,-470.59332810169826
1781773081.786131,5292.214784753874,699.9285708484604,-427.40280190951233
1781773081.797236,5308.650055022708,703.0711074986389,-406.790941302728
1781773081.8139117,5333.779818093294,708.1206061415044,-379.0114839470691
1781773081.836221,5359.210941398177,715.7963684445941,-344.5181659876284
1781773081.8472793,5372.77050463512,718.7194481391357,-329.1714593478686
1781773081.8639386,5395.737055708065,724.6383261058314,-308.289503365031
1781773081.8919451,5442.705591100492,735.6812290888463,-284.45257296169643
1781773081.9083571,5468.666720124344,741.8252162015873,-272.0819717475949
1781773085.036337,-830.9254682286079,-1090.9287652820951,-674.2388715081454
1781773085.058765,-829.093615635032,-1099.2751958397637,-674.5423204274995
1781773085.0750575,-827.6283428271948,-1104.7337713352024,-674.6275484367708
1781773085.09728,-825.8204761882528,-1112.5485718209186,-673.4673752355376
1781773085.1092134,-825.3430283722367,-1115.8757987367717,-673.4141415397282
1781773085.1250267,-825.166703785543,-1120.568424512509,-672.0980539279227
1781773085.1361687,-825.6387304941649,-1122.664972883942,-672.26162428572
1781773085.1473403,-826.5893416749643,-1123.7523319392815,-672.8405483878253
1781773085.1621,-827.6971108658024,-1124.59585063463,-672.6084021402972
1781773085.1752524,-827.8126546117037,-1124.7565245576784,-672.2396294165765
1781773085.1861968,-827.4854333868471,-1125.1071952571617,-671.6281086152857
1781773085.2031286,-825.9169365096209,-1126.0267867040448,-671.4663586155451
1781773085.2251532,-822.2877141040952,-1127.9723967538284,-670.877904974485
1781773085.2363975,-820.2488696336401,-1129.2833796709433,-670.5537232638984
1781773085.2529073,-816.3315916877391,-1131.743727702719,-669.6236660861432
1781773085.2750852,-809.9936119110786,-1136.2273019596155,-667.944767088105
1781773085.2861865,-805.8521184724544,-1138.6311335929329,-667.2066407205167
1781773085.3029819,-799.1504047875945,-1143.6040532146055,-665.9475625902676
1781773085.3250916,-789.0424978830846,-1150.4125793148153,-665.3065956491813
1781773085.3362129,-784.1258204855026,-1154.6179975802343,-664.8839478814862
1781773085.3473096,-779.1459230279567,-1158.680143091676,-665.3158923574455
1781773085.364226,-772.2268028923903,-1165.3773602832505,-666.0555565705347
1781773085.3921015,-762.0884062668533,-1176.0902117765386,-669.9957961534845
1781773085.4084218,-759.5583773696321,-1181.9019580864006,-672.9811266800612
1781773085.4280345,-759.1582412836274,-1187.7625437897675,-677.8545340484899
1781773085.4420953,-759.6805553564601,-1190.1611598804247,-679.7960370550129
1781773085.4586525,-760.2291691321252,-1191.1300167892732,-681.5475092539925
1781773085.4697702,-760.1864441649426,-1191.5362187184264,-681.8382393336276
1781773085.4809885,-759.9443982466022,-1191.2515537780776,-682.0426873369548
1781773085.497674,-759.8394859371259,-1191.0081155186792,-682.0372708259385
1781773085.5197172,-759.9011908074339,-1191.1190981842183,-682.3711413057476
1781773085.5365334,-759.7844402897445,-1190.893035719451,-682.6432340239106
1781773085.5531101,-759.6851906940434,-1190.5504211553648,-682.9300922078207
1781773085.5751348,-759.5324633627022,-1189.6794037838608,-684.1621579508214
1781773085.592051,-759.4996663319259,-1189.2435836173865,-684.5482144639977
1781773085.6139603,-759.6360385108035,-1188.7364260085062,-684.918175694439
1781773085.6250873,-759.747075417909,-1188.661767521648,-684.8509213314126
1781773085.6418076,-759.9594319692766,-1188.4248477706021,-684.9199627530938
1781773085.6640015,-760.1584571494922,-1188.1194563476072,-685.0529871504706
1781773085.675129,-760.2316137928555,-1188.052400800058,-685.0330496005903
1781773085.6917825,-760.3008612238605,-1187.7413006208621,-685.2038295716426
1781773085.7139778,-760.304857014606,-1187.4095794283699,-685.445180427674
1781773085.7250807,-760.339657782324,-1187.2176733281176,-685.3770440466598
1781773085.7419882,-760.5021921163901,-1186.79632184534,-685.4489309503608
1781773085.7639456,-760.6740059531878,-1186.2982844731591,-685.3490770310841
1781773085.7809055,-760.9939060880712,-1185.7404792660764,-685.5052029645466
1781773085.8028414,-761.3214221491402,-1184.8843797827901,-685.4230100571389
1781773085.8250575,-761.4933865811183,-1183.9035972167155,-685.8693635772194
1781773085.8472817,-761.608047570551,-1183.8819366604935,-685.3978991649908
1781773085.8584447,-761.5889710761119,-1183.7872292924733,-685.1782755689858
1781773085.875072,-761.6439193720724,-1183.8751559285517,-684.7706550987625
1781773085.8973134,-761.5821379355664,-1183.9913730998542,-684.4411368247582
1781773085.9084218,-761.4915450887594,-1184.033344892638,-684.350785242626
1781773085.9198945,-761.336888387021,-1184.1184641174104,-684.2953177876966
1781773085.9361765,-761.1467561698571,-1184.164910219407,-684.2852235720663
1781773085.958514,-760.8439937042339,-1184.3154230318057,-684.113414810388
1781773085.975056,-760.6717468333582,-1184.4174240646598,-684.0485555288947
1781773085.986176,-760.4906388778458,-1184.4655426412785,-684.043227176689
1781773086.0030363,-760.3115522832402,-1184.586149887355,-683.9952456282701
1781773086.0307398,-1070.0787637200185,-1448.7243202881075,-575.8280156630291
1781773086.0531802,-1079.6359330114735,-1433.7747745016914,-563.1311192813566
1781773086.0639749,-1083.0580463010488,-1427.6097928595266,-558.8657640746243
1781773086.0810227,-1084.764186718343,-1420.0977453791704,-554.0481170723876
1781773086.1028137,-1086.0532759532696,-1408.9354136077388,-552.1264246085693
1781773086.119512,-1090.5296567887126,-1399.0088959601808,-554.4622597171148
1781773086.141805,-1101.2526095991427,-1380.7225158173017,-563.8351904647288
1781773086.1529055,-1109.8579668527873,-1371.2317827519803,-569.3785125007182
1781773086.1696172,-1125.1690809869638,-1356.350684812437,-579.5664281439291
1781773086.1917655,-1149.0638411322866,-1336.0121003740976,-596.2108009392232
1781773086.203079,-1161.740558572357,-1325.2024343127891,-605.7891689228067
1781773086.2139537,-1174.1754241955525,-1313.3184865073897,-615.369653779576
1781773086.2306314,-1192.7352052289114,-1293.2791570788977,-630.0866619464754
1781773086.2473025,-1210.15813271998,-1271.367095578473,-644.5441051066105
1781773086.264011,-1225.359032466819,-1249.213416931278,-655.0170603414979
1781773086.2861726,-1241.6300481717196,-1219.013448810647,-667.2861192337936
1781773086.2972932,-1246.8922900588511,-1203.6137144676786,-672.9306056810049
1781773086.3140094,-1251.129323422961,-1181.6902177046773,-677.8981146893666
1781773086.3361828,-1252.6878461031624,-1155.6573850052591,-682.1827208980095
1781773086.3476346,-1252.8502623732509,-1144.3949419427336,-682.8063308351773
1781773086.3640165,-1252.7216387357284,-1131.875876713313,-682.83343463686
1781773086.3864017,-1253.9838023930677,-1129.5286304997085,-682.5402836710422
1781773086.4029496,-1256.0963098256186,-1129.8805740475518,-682.0781421406318
1781773086.4250746,-1257.6049371376075,-1130.1466400816637,-680.9030808877799
1781773086.4361782,-1258.069173619568,-1129.9765898584942,-680.7327586265765
1781773086.44754,-1259.1093778475001,-1129.899624924369,-680.2104859823411
1781773086.4639413,-1259.8975203481523,-1129.7245219383074,-680.3380076916366
1781773086.4861596,-1260.4418780301846,-1129.6537404736753,-679.8239679817425
1781773086.4973693,-1260.595093204584,-1129.5486821200907,-679.8117422386681
1781773086.5139325,-1260.8270513940388,-1129.4741314346497,-680.0059875358754
1781773086.5361865,-1261.141827669986,-1129.994370174657,-679.9625653764876
1781773086.5528295,-1261.3493800230851,-1130.161444760836,-679.9881764334642
1781773086.5751095,-1261.5726988944093,-1130.462675925958,-679.8047312091942
1781773086.5861936,-1261.6240813036977,-1130.484856167196,-679.8721864197515
1781773086.6028588,-1261.5827557479297,-1130.4780784128386,-679.7933728891334
1781773086.6139524,-1261.5632831180124,-1130.4479324374788,-679.7502351294901
1781773086.6250963,-1261.5657351020104,-1130.4104623734363,-679.7351472462212
1781773086.641863,-1261.600026791609,-1130.4210923521448,-679.6839164999072
1781773086.6753328,-1261.6949643802584,-1130.5758217406153,-679.1727662662668
1781773086.6973412,-1261.7289224977508,-1130.284131934386,-678.6734758832332
1781773086.7139845,-1261.7509660805556,-1129.8816163642161,-678.2434409169085
1781773086.736221,-1261.7443395256425,-1129.2787553219093,-678.0106774425822
1781773086.7473955,-1261.8632894306736,-1129.075615183956,-677.9643814219179
1781773086.7642,-1262.0179881695199,-1128.8391695599214,-677.3481718595608
1781773086.7870889,-1262.1573133269615,-1128.2410663696603,-676.7448823253081
1781773086.7973323,-1262.1186473945247,-1128.0821780477756,-676.4043741926772
1781773086.8147705,-1262.1593171385477,-1127.4399130729873,-675.9568426990639
1781773086.8365285,-1262.4014614706286,-1126.6105318101413,-674.9540647858519
1781773086.8474133,-1262.5344724492768,-1126.2584139586386,-674.2870449428093
1781773086.8639967,-1262.7568094167582,-1125.7010582737737,-673.2617475916637
1781773086.886249,-1263.3921389589693,-1125.5802720919692,-671.8215205574126
1781773086.8973296,-1263.6614459138486,-1125.1797086099543,-670.8658710317164
1781773086.9085562,-1263.9630485805499,-1124.6988064865445,-670.348097886995
1781773086.925097,-1264.4566035140745,-1124.345708123768,-668.8659627279948
1781773086.947371,-1265.1824924706495,-1123.6542585873606,-666.9191765630462
1781773086.9584708,-1265.4606933706418,-1123.1396409092074,-665.9951814078813
1781773086.9751318,-1266.0039458098302,-1122.9051508416646,-664.7766070635989
1781773086.9935267,-1266.7199414397735,-1122.6305261081243,-662.630311114281
1781773087.0085015,-1266.993841659593,-1122.162328474249,-661.8372336231546
1781773089.0297613,-3373.4829430375307,-556.2370693515866,-703.1440744582629
1781773089.0405052,-3397.8402907495415,-545.5646161471858,-699.7746467144664
1781773089.0574007,-3430.369906114392,-530.4617113948162,-696.5686059644951
1781773089.0683622,-3448.5200043874815,-520.9829298780836,-695.9137516699662
1781773089.079187,-3463.5308196612978,-512.24161609236,-695.2662320600894
1781773089.0961158,-3481.1958825433276,-501.14568511399943,-695.2335623807618
1781773089.1125875,-3492.2159929744284,-492.50339667492744,-696.013716865161
1781773089.134477,-3501.5000641166016,-483.57156156890954,-699.2565319382862
1781773089.1455495,-3503.9677320023497,-480.07887375723055,-701.3505823977324
1781773089.1624384,-3505.7189071671833,-474.7546890410955,-705.3975029416544
1781773089.1741405,-3506.100189192258,-471.2789218092605,-706.4849445607359
1781773089.1901422,-3508.567173435593,-468.30929543849146,-707.5419224104667
1781773089.2120678,-3516.3270582229457,-464.79284337126023,-709.1412549667095
1781773089.2242565,-3519.4876320111007,-463.24362659960065,-708.256004891016
1781773089.2404428,-3522.5288788796934,-462.37152244819885,-707.546428410003
1781773089.2565494,-3523.8458840207863,-461.3802762514055,-707.2166019381086
1781773089.2688136,-3524.9177261843747,-460.75653006540193,-707.0871968381942
1781773089.2863305,-3525.352308158042,-460.5225966305547,-707.0823971759124
1781773089.3088055,-3525.748892231205,-459.9819373933044,-707.1078128994662
1781773089.3252354,-3525.8766162624,-459.6991389093058,-707.3014499591312
1781773089.3474646,-3526.1341873169563,-458.6246944539311,-707.137051605098
1781773089.364139,-3526.4158577131584,-458.47322098650807,-706.8711529481271
1781773089.3864033,-3526.676063150062,-458.07591939970155,-707.0149034190333
1781773089.403113,-3526.7583111745676,-458.1485536353975,-707.1151351809126
1781773089.4252553,-3526.783380631229,-457.97010847349344,-707.3001400811123
1781773089.442069,-3526.8091047865037,-457.99606775471153,-707.3829195295123
1781773089.458979,-3526.840773087676,-458.0269546935094,-707.4730170855087
1781773089.4810977,-3526.941975907328,-456.41792259630057,-707.2651722006688
1781773089.5031767,-3526.9217624275407,-456.22952351761995,-707.3350926984798
1781773089.5200596,-3526.8979616067036,-456.2717281194293,-707.3522582797459
1781773089.5422695,-3341.749679794495,-401.94817378995623,-554.4919654608391
1781773089.5539148,-3371.5353166264294,-387.5088443678898,-570.8528003408192
1781773089.5754008,-3404.961755921404,-374.3249781699455,-587.6815136913825
1781773089.5823517,-3427.3543053299004,-364.6055224852727,-600.7967851685713
1781773089.6001298,-3461.929145162755,-350.2243218044275,-620.9380565200807
1781773089.6253045,-3516.0043472026423,-332.13462497841016,-643.0310133683989
1781773089.639128,-3556.5948250152505,-317.0568777387382,-660.8958315420073
1781773089.6642873,-3601.8676996558784,-294.88276814001455,-677.9199613195502
1781773089.6810756,-3641.305771619853,-279.3927735160178,-688.7868869992366
1781773089.6979034,-3685.591251545274,-266.2314156820169,-698.5338663654267
1781773089.7141805,-3725.6396948029947,-252.85247481235083,-702.0633779782909
1781773089.7363894,-3779.1251873244205,-238.2949955412528,-704.8077561158765
1781773089.7531047,-3817.990077766331,-230.13307244274904,-705.1121269572045
1781773089.7753127,-3866.822893617481,-222.55163878973914,-704.2263891146215
1781773089.7922952,-3898.3076976233083,-216.5428516704073,-703.63441930934
1781773089.8032224,-3916.425543644403,-213.11031469032116,-702.4088824177411
1781773089.8200068,-3938.3736413772576,-208.92478892059026,-700.7021824769386
1781773089.8371558,-3957.189638150427,-207.50671250316248,-695.2365454149145
1781773089.8529541,-3963.0082184609782,-206.52841168230475,-695.374254856923
1781773089.8696768,-3970.192956313122,-203.22457254437322,-700.4650111602626
1781773089.8810458,-3972.153894263213,-202.72876128985845,-700.9013960287566
1781773089.892272,-3974.31687391232,-202.0129699064238,-702.0511863157428
1781773089.9091053,-3978.810007464504,-203.04238721566531,-700.3510485467565
1781773089.9308975,-3987.2813569835344,-201.55599131301975,-700.4529283047702
1781773089.9419684,-3991.472164879962,-200.6771566739893,-701.4214929382873
1781773089.958639,-3996.672646603345,-200.46574786977314,-702.286018475223
1781773089.980894,-4000.8303257224184,-201.08745235172282,-701.5764741073865
1781773089.99754,-4002.1986124724144,-200.56696105105087,-701.7892917198109
1781773090.0198667,-4003.4635026924298,-199.57328085860902,-702.2765796421684
1781773090.0364616,-4003.8175167478066,-199.17003820808537,-702.570239903283
1781773090.0532103,-4004.197700490673,-198.60909420184072,-703.0605857922089
1781773090.07532,-4004.837792477718,-198.07602731312355,-703.5854102774078
1781773090.0921383,-4005.505600047516,-197.87123207177925,-704.1120692812693
1781773090.1142006,-4006.4004325153746,-197.39310732159396,-704.9167698805636
1781773090.1364138,-4007.0566135851927,-197.0818888853736,-705.5341923483238
1781773090.1475935,-4007.271754303127,-196.99169280042534,-705.8098812489111
1781773090.1641817,-4007.4636149044645,-196.81490365072048,-706.2370177691361
1781773090.1919568,-4007.4786833610724,-196.53734807744766,-707.0455413033094
1781773090.2141862,-4007.525199918172,-196.46597780258648,-707.634506581705
1781773090.2253866,-4008.2964707730403,-196.47686529235676,-707.9713337750445
1781773090.2419295,-4015.16255315571,-197.38873430033098,-709.7393067233473
1781773090.2642756,-4018.0735965843282,-197.04130177841103,-710.177325631252
1781773090.2808974,-4017.5609827712365,-196.0657252524835,-709.4177667792945
1781773090.2920866,-4017.8194871060255,-195.8816684327108,-709.6967356504804
1781773090.3087616,-4017.6525113673656,-195.76286740807848,-709.8071090062807
1781773090.3307893,-4024.816107405324,-195.66705573139643,-712.6700101759646
1781773090.342,-4026.94006952998,-195.4589684488955,-713.4428165673078
1781773090.3587399,-4026.6947477859812,-195.34748278046985,-713.5104205901881
1781773090.3811944,-4026.434926250524,-195.32912410016235,-713.6695340410795
1781773090.3979948,-4026.242794226005,-195.13863152443093,-713.7996287361188
1781773090.4087234,-4026.1097980918344,-194.98109556468216,-713.8682663475646
1781773090.42273,-4025.903005370021,-194.723212935048,-714.0654485768581
1781773090.4477518,-4025.563173152576,-194.6662220980163,-714.2236049942805
1781773090.4587882,-4025.406760909664,-194.67048187464337,-714.2863605158464
1781773090.4758794,-4025.1166049328644,-194.5806949606157,-714.3698681805248
1781773090.503377,-4024.7238131558424,-194.28845388083053,-714.6921256842368
1781773097.5253882,-1363.918823937351,1101.0687589513639,473.26268484270224
1781773097.5420732,-1389.3694710048292,1103.5977066696366,500.699614193724
1781773097.564734,-1423.2686649143611,1108.2244384077305,532.3265632230479
1781773097.5762663,-1446.844567663799,1110.1647080202006,552.7132679100267
1781773097.598564,-1477.606311513235,1112.5111315394597,575.446751568956
1781773097.6263797,-1513.6738962493312,1114.8105352782206,595.8737324969757
1781773097.6484642,-1542.3274903147337,1114.6026878566267,604.2080613376187
1781773097.6651545,-1564.6799179475156,1113.4879702867374,606.9744928240143
1781773097.6871004,-1585.5188440728857,1111.9221361627488,608.36898625917
1781773097.6925862,-1600.5128535083247,1111.2135867143904,608.1701280322098
1781773097.7097569,-1623.5169935225204,1109.699403098127,605.7020137153382
1781773097.7368908,-1656.2604927260588,1107.4362158205026,598.2271911973055
1781773097.7531836,-1682.2682842304623,1105.3539411563497,589.6657562121742
1781773097.7729557,-1718.5113120264234,1102.2806410808196,574.3249478684041
1781773097.7897065,-1746.7715396245053,1099.5000468171693,560.8010139620775
1781773097.8217416,-1805.3270457422566,1090.649614229458,526.4684668963672
1781773097.8480692,-1844.758414917055,1084.003150657958,497.5685616320396
1781773097.8596096,-1864.1547761556174,1080.349688813692,481.0916609688611
1781773097.8708036,-1892.2872323070585,1074.598129296368,454.2742187647271
1781773097.8983622,-1934.9957674755387,1064.9047914772348,404.835789306736
1781773097.9152699,-1956.7233643184532,1059.7203833295616,373.8192185254932
1781773097.9312959,-1969.3246159213222,1056.3228464449849,353.33545284282985
1781773097.9481757,-1985.4037163785174,1051.8933224473878,323.2608141299133
1781773097.9706843,-2002.1140119894553,1045.7950021850625,287.36082438800366
1781773097.9812043,-2009.110286880178,1042.944937213385,271.6737335591731
1781773097.993044,-2019.027089701255,1039.0751144398223,251.37948141419244
1781773098.0206835,-2035.251052774724,1034.4463094958521,223.66490199839788
1781773098.043315,-2048.617870540648,1032.8218275828751,204.5353409094056
1781773098.0646546,-2059.254228160244,1031.928778671966,191.91306218840077
1781773098.0756807,-2066.8277804567006,1031.206681920719,184.3311724054041
1781773098.0931315,-2079.043882282159,1030.2011553305415,173.41799030862924
1781773098.109708,-2098.722181088632,1030.0605251075733,159.83360880146864
1781773098.1320856,-2122.890916657464,1029.862038620789,147.92868244140865
1781773098.1646285,-2159.1186336678024,1029.3808969191937,135.43807264852404
1781773098.1872175,-2201.03901772089,1028.2202781357935,125.4824982665421
1781773098.2151475,-2248.2527065176478,1025.8160491479687,119.73707949812686
1781773098.236917,-2278.4486481967815,1023.7239498604753,118.0502052146423
1781773098.244715,-2299.240045078632,1021.9533712226811,117.8444542585954
1781773098.2650476,-2342.108681643643,1018.3102232654377,118.83019389238733
1781773098.2929246,-2397.2468055618647,1012.9300817081153,122.58214119318168
1781773098.3147106,-2430.5610048630133,1008.7281089949743,126.04579093382851
1781773098.3309975,-2463.965259268746,1003.9554053126842,130.6390325869874
1781773098.353336,-2508.3820744516306,996.9740627294809,137.89648127827328
1781773098.364454,-2530.190392614124,993.6979345672329,141.697251922767
1781773098.381174,-2562.6434569274193,989.3942002801732,147.96516214650282
1781773098.4033785,-2604.3727071431636,984.6436897144158,155.74855909296048
1781773098.420331,-2646.8202087846307,979.7441989484972,165.22986950633833
1781773098.442187,-2677.7523903587107,975.8917245545159,172.609010271711
1781773098.4592655,-2707.6673755047327,971.9251294564386,180.0315003912798
1781773098.4700136,-2726.9712250499783,969.1758669475292,184.79971245229396
1781773098.4869123,-2755.1786368961425,965.4174102507137,191.6871666300807
1781773098.5200644,-2808.5359844080613,958.8319805365377,203.90413646233475
1781773098.5368567,-2833.4377337730916,956.5428074514488,209.27167871441543
1781773098.5494156,-2858.676329618684,954.3594710188696,214.94904452475726
1781773098.5663192,-2883.4661321442745,952.2114061809566,221.03537849385566
1781773098.5886629,-2915.971776843616,949.2964081844472,229.94049316677615
1781773098.6067646,-2940.1195390465837,947.3605118988845,237.0573273857209
1781773098.6232607,-2964.3138306094093,945.6465013002871,244.18602275924889
1781773098.645121,-2996.1041534244096,943.9111614760191,252.8167512519972
1781773098.6645885,-3019.6201435747516,942.8658421948488,258.1055178142866
1781773098.6868148,-3050.629388757271,941.6858329724382,263.68801012128665
1781773098.698215,-3065.9738730131144,941.0475001653089,265.86155042786976
1781773098.7145429,-3088.846390350022,940.0640524113388,268.367367084267
1781773098.736821,-3118.683643861295,938.4608010409695,270.7897827101027
1781773098.7532861,-3140.5467867299426,936.7610761426721,272.2094673623825
1781773098.778448,-3175.8872729336413,933.6223676516614,273.7477350023947
1781773098.8042338,-3202.78988155888,931.3051974475488,274.00345662839095
1781773098.8151748,-3214.8250963944492,929.7225467036549,273.28021912471445
1781773098.831892,-3233.5684511928794,927.8376513830488,272.4518169169593
1781773098.8543649,-3262.59159269942,924.8871666894739,270.95546037221845
1781773098.875854,-3281.0080388171154,923.1297135163002,270.85263547791743
1781773098.8979554,-3303.6514459634286,920.8908989325317,269.2621616704064
1781773098.908851,-3313.9503236256433,920.389245089419,266.72200788748717
1781773098.925868,-3327.0312211401333,920.9165679078156,258.49349671812314
1781773098.9311464,-3330.225262189267,921.0087990203025,255.91809926446194
1781773100.0203388,-4239.305841797225,650.9734040749939,537.8192555388963
1781773106.5373836,-5032.376922905926,422.6369487535524,42.464041833501796
1781773106.5539951,-5030.38231500986,416.5321544388466,42.734765019292865
1781773106.5874553,-5025.968615193508,404.82963822332573,43.883014987362195
1781773106.6094983,-5022.605070313896,393.96262877627623,45.11492448212841
1781773106.6203365,-5021.0683188810945,388.31969177347145,45.87456049737257
1781773106.6373234,-5017.386702204884,377.12042944781723,46.72258838205232
1781773106.6592622,-5014.436298503235,367.86448693560516,47.67814756977374
1781773106.681356,-5010.92142358303,356.6170073715966,49.30852996025502
1781773106.6926312,-5008.939993293653,350.0163967726923,50.51303740111718
1781773106.704162,-5006.183214791578,340.46010301141513,51.22065987221189
1781773106.731496,-5002.644455890177,327.571005553178,52.47437282232233
1781773106.743021,-5000.188610069338,317.75813206002243,52.92609362404831
1781773106.7703192,-4996.701835879404,301.6428637952184,53.77621781189809
1781773106.7762225,-4996.068809130588,299.5517726312767,53.75518769772435
1781773106.7983806,-4993.415171973918,287.2945775749849,53.78482566732328
1781773106.8260074,-4989.41148081108,272.5905248214202,55.32735244398449
1781773106.8484669,-4986.526468996622,266.3494296664829,55.1940733763561
1781773106.8593898,-4983.371281132603,258.88296789396065,54.54380533683196
1781773106.88746,-4978.21886697329,250.34607254853944,53.73104464375981
1781773111.5428538,-4741.878238974449,459.69044966293944,-192.96750180944804
1781773111.5587752,-4741.43797916968,461.1199632163375,-246.98543297171526
1781773111.575925,-4739.277389564105,461.702360129063,-329.32643544819604
1781773111.5872483,-4739.215917496233,461.95895203944735,-415.26205846781005
1781773111.6183908,-4739.470129494708,462.92796585824334,-562.8047587073356
1781773111.6296089,-4739.4136234992075,463.41850101387155,-623.3622344057569
1781773111.6465423,-4739.44956474858,464.07329510572146,-716.1190852900239
1781773111.6735516,-4738.200205906044,466.35521958130306,-700.4430689339911
1781773111.701381,-4736.065986842214,469.7185389544235,-572.4594891710994
1781773111.729306,-4733.231222795963,472.8126780812003,-453.654776028153
1781773111.7514849,-4730.087868160987,475.2039665526137,-365.02398978094755
1781773111.768598,-4728.534473065767,477.0940909604476,-301.87254259109847
1781773111.7795744,-4727.494994815058,478.11825991851464,-261.6821677821239
1781773111.7964296,-4727.8927509813775,478.648022079068,-205.24664943859008
1781773111.8069098,-4726.821288496138,478.68658138797895,-169.50662151685492
1781773111.8236897,-4725.101050256509,480.2559447714327,-116.31741272333028
1781773111.840631,-4723.450623946985,481.6611431866127,-66.17112633054037
1781773111.8625991,-4720.898285243704,483.55489202559727,-4.0031848555264595
1781773111.8796008,-4718.9585939004555,484.7029993774195,39.483697891469724
1781773111.890831,-4717.426110609023,485.4661827576816,66.58313242655043
1781773111.907791,-4715.350087342058,486.6364619038226,105.16342057944837
1781773111.9293904,-4713.421393968891,487.50390108070116,151.3261923157019
1781773111.9574928,-4709.567114273093,488.4399481257867,202.18555959016894
1781773111.9687183,-4708.260603269714,489.2339110181087,221.02902653555026
1781773111.9847875,-4705.961427946106,489.9839018769227,246.38985450017532
1781773112.0128508,-4702.079185227992,491.4987491192232,282.60405265717264
1781773112.0405936,-4698.754747861075,493.19788982097816,312.2829388878705
1781773112.0570378,-4697.49478735465,494.4283336566574,326.942863872853
1781773112.084891,-4694.242107612753,495.42135436455845,343.2125224214335
1781773112.1130219,-4691.123191882955,497.12969576205586,354.8111263648314
1781773112.140581,-4692.689262598429,505.2227919898004,386.5598588829361
1781773112.1688025,-4699.709473844531,511.4860193973379,412.92383211479125
1781773112.196316,-4711.127634496067,518.4319798805924,433.1635835002353
1781773112.223761,-4723.022899060795,525.7068940817916,445.3569349305847
1781773112.2515447,-4736.164441077434,536.0216570532208,452.04123030964354
1781773112.2795742,-4749.374874027805,546.2850215625095,446.3604616268531
1781773112.3017297,-4760.060073740486,554.5045194005165,435.2500702284544
1781773112.3296182,-4773.479791437671,565.6570721729079,415.73061247683796
1781773112.351654,-4784.244874493336,573.2366925709532,395.68673455376984
1781773112.368446,-4792.172573063856,577.0415675297367,377.9698116516196
1781773112.3848078,-4800.223900838916,578.5039578852219,357.74603694576786
1781773112.4124522,-4813.247674458189,577.6724128512868,323.03325464343715
1781773112.4404352,-4824.743284333374,573.8409183830445,286.00187826422683
1781773112.4684618,-4833.740286445251,565.2016073597879,245.7945216360734
1781773112.4798295,-4836.411644881954,560.4764988696113,229.75114479553875
1781773112.4964092,-4838.811121436117,554.084430493959,208.6162021917994
1781773112.512708,-4840.8078220651905,544.5962052153081,185.73512143320536
1781773112.5406923,-4842.32675062749,525.353477988545,147.46973624958306
1781773112.5579207,-4841.483113534635,511.42236367268924,124.5864895551575
1781773112.5742154,-4839.22144182666,496.028302890929,102.71852219575821
1781773112.6016254,-4832.69786381752,466.6691101908905,69.56734084273863
1781773112.6295433,-4824.297349343052,432.72614141121824,43.27840112725105
1781773112.6407216,-4820.63951549839,418.4422190421979,35.26196436810734
1781773112.6578171,-4815.211182493011,397.0663113723024,25.77867456341944
1781773112.6796947,-4809.022543206889,369.89164959275774,18.33376068453838
1781773112.6850123,-4808.041215426586,363.3535042260094,16.774053057848885
1781773115.5346344,-127.62315991373481,-4285.5014588724325,-4456.704583342386
1781773115.5517654,-127.49892264345361,-4285.550334444716,-4456.774327817988
1781773115.5796726,-127.52669795008697,-4285.560100668286,-4456.874699060574
1781773115.592776,-127.43999701613417,-4285.623258207908,-4457.015727206642
1781773115.6092534,-127.45609073690846,-4285.611223543022,-4456.891594889287
1781773115.6204758,-127.47363511562273,-4285.5814812532135,-4456.893516292382
1781773115.6371107,-127.54612660064818,-4285.492135938362,-4456.82524691308
1781773115.6703537,-127.40760740396779,-4285.781875138521,-4456.973291780928
1781773115.681627,-127.50419959247962,-4285.737013185754,-4456.896795613936
1781773115.6934085,-127.4503597803479,-4285.795993383045,-4457.024848343003
1781773115.709544,-127.41837399207559,-4285.92299075217,-4457.142195056894
1781773115.7262657,-127.52571582710681,-4285.690766295221,-4457.007284922993
1781773115.7322054,-127.42302190653538,-4285.885619677264,-4457.12518815183
1781773115.7543113,-127.3908432171414,-4285.836472218373,-4456.9098988414735
1781773115.765567,-127.47753567444875,-4285.774300908403,-4456.877965122777
1781773115.7932067,-127.39975987847922,-4285.877209287554,-4457.077203971139
1781773115.8261306,-127.36259657830031,-4285.855237975661,-4457.206205635696
1781773115.8433056,-127.48594613661099,-4285.689569941717,-4456.86913369429
1781773115.8654242,-127.31467206548923,-4285.933708386941,-4457.3099695818255
1781773115.8874485,-127.6050126040651,-4285.349147775097,-4456.5341514387155
1781773115.9042633,-127.5526463899882,-4285.373704215559,-4456.600353427976
1781773115.9374852,-127.76514343913342,-4285.0977878090425,-4456.3217308959975
1781773115.9651084,-127.53077886878884,-4285.443350609726,-4456.744426734324
1781773115.9930468,-127.48338902599332,-4285.604910715416,-4456.806891046812
1781773116.0092967,-127.46599564048142,-4285.70494006343,-4456.963309716007
1781773116.0375712,-127.14976261375867,-4286.36559961498,-4457.589773296529
1781773116.0598662,-127.22653314144117,-4286.237248234702,-4457.351653452323
1781773116.0877054,-127.34375181468214,-4285.886092955647,-4457.213060175009
1781773116.0927827,-127.50532498560383,-4285.616133698539,-4456.911370784103
1781773116.1152692,-127.68063166399307,-4285.399564748785,-4456.558323449617
1781773116.126535,-127.74073113810013,-4285.152760759067,-4456.418060366019
1781773116.1486313,-127.63209559757097,-4285.415960600271,-4456.613086415312
1781773116.1703846,-127.51785263188167,-4285.496392450888,-4456.813984241479
1781773116.1821158,-127.3326900315079,-4285.947647425156,-4457.2532600061995
1781773116.2093983,-127.25269280538603,-4286.013913835414,-4457.3162814461175
1781773116.22621,-127.19694087984739,-4286.181921644174,-4457.3585709555455
1781773116.2540596,-127.46737391787993,-4285.661972128441,-4456.852347981046
1781773116.277224,-127.63700991334026,-4285.371272495556,-4456.633334719747
1781773116.3041775,-127.64432501392476,-4285.307608099737,-4456.500996655265
1781773116.331896,-127.43166265645685,-4285.694861697416,-4456.957329101443
1781773116.3654683,-127.22973248571631,-4286.103379706538,-4457.3809861589025
1781773116.3875477,-127.15948576321198,-4286.147285228839,-4457.381944813382
1781773116.4041288,-127.29691897131674,-4285.975203183277,-4457.172297358606
1781773116.426135,-127.55356018027211,-4285.504260079076,-4456.763410350582
1781773116.4542007,-127.64893790399523,-4285.390381869937,-4456.666875128593
1781773116.4764824,-127.68278287066182,-4285.298225170401,-4456.45735422007
1781773116.5041552,-127.50192017906465,-4285.584448188272,-4456.781077728719
1781773129.5267746,-5033.322122892085,459.2919000451926,341.79288388576526
1781773129.5603356,-5029.634418806171,459.1395492145228,345.8449768388319
1781773129.5874538,-5025.0260575524435,462.8157175456871,372.66519480311456
1781773129.5934808,-5024.268986837198,463.5831952552487,377.30303293909964
1781773129.6330626,-5021.050735639259,469.9858202608099,406.64397555047816
1781773129.6546993,-5020.991107550943,472.7378834645206,427.4675293510066
1781773129.6769974,-5019.668642823225,474.6476448844153,452.6425429286604
1781773129.6929045,-5019.112883987488,475.3292758312987,466.01720027537397
1781773129.7210946,-5020.838554822997,477.5558038050936,510.4776863771885
1781773129.7436857,-5023.058086039628,477.4259135746532,540.3605043564472
1781773129.759597,-5024.455548818905,476.5720045370333,555.32931641044
1781773140.0409358,-4595.117092436993,166.9508646935251,327.9765050615392
1781773140.06884,-4585.656445719515,153.6974887526769,220.33285037599092
1781773140.0796404,-4582.154586417882,148.89759810090027,176.060115515705
1781773140.0965245,-4577.547856532602,144.30288465795937,110.09008587517951
1781773140.1128638,-4572.540349922754,140.85129871891053,43.1017195365526
1781773140.1405144,-4564.414740316903,134.45776133764588,-72.75194661232076
1781773140.1685255,-4557.650367918596,128.14109713232483,-195.28698319203693
1781773140.1850216,-4551.685041897917,124.71842192903921,-271.1353500246655
1781773140.201813,-4546.487398799165,121.31491610869553,-349.18939284790116
1781773140.229401,-4538.76286947918,115.33965783119108,-484.08404949515045
1781773140.2467248,-4534.119120267257,112.05117268183457,-567.915991667606
1781773140.2738163,-4526.444823567967,106.36628460857584,-712.5591609557899
1781773140.3015347,-4521.391782325676,105.2560467546867,-713.4963251823364
1781773140.3125734,-4520.567880583408,106.17033498195592,-663.822440100097
1781773140.3299723,-4518.124415980741,107.06565175697813,-591.6620805185033
1781773140.3467145,-4515.671270460446,108.14699389557144,-522.8146797633733
1781773140.379643,-4513.100956597673,110.62302362479191,-394.4730158383339
1781773140.3963845,-4511.888848264673,112.09364981818074,-334.9340194433096
1781773140.4127965,-4510.750325260303,113.6848438833916,-278.30583553811357
1781773140.4242654,-4510.068253192796,114.5394546117874,-242.28060292900724
1781773140.440487,-4510.130744663015,115.75385413098311,-191.59960615472883
1781773140.4572375,-4509.390662560522,117.02860812129424,-143.28862269843225
1781773140.4736853,-4508.1821985781735,118.53060741731942,-97.38705202303525
1781773140.5014486,-4506.045821765343,120.591872578987,-27.300355787221626
1781773140.5185037,-4505.808553430521,122.53210231345038,9.964758060812047
1781773140.535338,-4504.141176111378,123.68177395680638,45.19192962892106
1781773140.5630608,-4501.382099392155,125.46358530725314,97.76604261394021
1781773140.579494,-4500.177695948515,126.43955298051429,125.84368625707414
1781773140.6073616,-4497.883402305589,127.79313214003429,166.50791571720433
1781773140.624012,-4496.583109945981,128.4687312416047,187.3169954705065
1781773140.635397,-4495.372441083977,128.66705443035949,199.78694348494838
1781773140.6517444,-4493.060361748506,129.26158900182247,215.87067004161284
1781773140.679555,-4490.10091420487,129.5782189193223,236.3066834375836
1781773140.6966465,-4488.706410497401,130.2247384642433,245.38610339483606
1781773140.7126243,-4487.064608593212,131.10318908889576,251.75798451642356
1781773140.7297342,-4484.598326773793,130.9224316522214,255.49838658122601
1781773140.7572093,-4467.471827906599,127.78604691504205,272.7133019868128
1781773140.7797177,-4449.919220705859,124.70541588975213,296.69250337006685
1781773140.7962434,-4435.3430091275895,120.06398189495702,317.7208451756632
1781773140.8072174,-4426.443449948451,116.48683747342457,333.7675610809749
1781773140.8238165,-4412.39308056452,107.73015821035233,360.59410416521695
1781773140.8408852,-4398.9265836061195,97.9114862494179,388.43267539848557
1781773140.8684747,-4379.672587067867,83.71327674173313,436.96406568244515
1781773140.8852897,-4369.2627087243,76.9784061322847,467.9296202703778
1781773140.9015002,-4359.5544061585215,71.45347016874142,499.65628397693104
1781773140.9293058,-4346.04526919253,63.99107896678236,552.3174242610517
1781773140.9573047,-4333.152182789157,58.78105440679606,601.7485782751289
1781773140.9737718,-4328.458788447589,58.99042640171763,634.5667167236797
1781773141.001816,-4320.981529993595,55.621832713978804,676.5669115008395
1781773141.0188584,-4317.708553418585,54.018831006514326,696.0486286424212
1781773141.03558,-4317.1811442191,55.039400929733766,717.0300235900314
1781773141.0518084,-4316.234047774796,54.98408870832407,733.7157710087474
1781773141.0687692,-4316.9545346364675,52.82033182307212,745.5246613965022
1781773141.0849934,-4318.6806751628155,55.74780830455414,755.4954038747898
1781773141.1128273,-4319.06035329512,53.55346939589465,760.5772528462642
1781773141.1403942,-4309.586385788931,51.604941582073096,755.758820124609
1781773141.1573503,-4305.3332209791915,50.12780005172589,747.5484375121598
1781773141.190548,-4292.718319744484,41.84926518407683,720.5723035394708
1781773141.2076476,-4284.68155569149,35.99191666163095,702.0938643910399
1781773141.2350836,-4269.194832405818,24.505236820765017,663.5315729029782
1781773141.262695,-4251.57796970273,12.435958150483565,614.994497543087
1781773141.2915454,-4228.1598030639625,-2.4212855193399765,553.9651494278314
1781773141.307737,-4214.467361752818,-12.111103750928695,510.42610727020644
1781773141.323836,-4202.055067960071,-21.93593650077539,460.195582215712
1781773141.3514996,-4179.824196552972,-40.46498339118971,356.65365689914756
1781773141.3631763,-4171.539113484878,-48.549601335983304,308.1617119301109
1781773141.3803356,-4160.9993863901,-61.1325619752925,228.03023910058434
1781773141.3965375,-4153.054434508783,-75.13101028932641,143.16342682147464
1781773141.4131346,-4144.362787136193,-89.35822756643081,55.28487642941186
1781773141.4237487,-4138.69855258769,-98.48018307105916,-3.9313285100789463
1781773141.4405346,-4130.059592588339,-111.11110961784085,-93.96261548042521
1781773141.4577954,-4121.544901137784,-124.6966540289761,-187.1132327979506
1781773141.4874103,-4106.128245058529,-147.48930860798666,-346.33327465838596
1781773141.5101962,-4091.5319656035695,-170.0530493456923,-508.6045970929474
1781773141.5322766,-4081.0368128811483,-187.6533554881865,-642.81639602923
1781773141.554277,-4071.6310841393424,-203.64409875623693,-748.3856810660577
1781773148.0279558,-3772.3342987254287,136.0047243500751,-449.8987082339739
1781773148.060854,-3733.4734707753123,131.05796336402474,-637.80896695473
1781773148.0951307,-3703.366719784289,126.74600594831773,-718.2672648778959
1781773148.116383,-3693.4408055892345,125.37886553977583,-614.1920924295854
1781773148.1389961,-3686.4075420380636,124.40416963548027,-540.106994401854
1781773148.1614478,-3677.3202357559203,123.13474462331769,-445.43159332485834
1781773148.194488,-3660.828469164319,121.93854820706851,-293.12041582022545
1781773148.2278018,-3646.349599318826,120.29350292652977,-176.92847721637733
1781773148.2502742,-3636.956975613985,119.68198265145203,-106.2657964493664
1781773148.2721713,-3627.6805896678347,118.73047455714566,-40.44265965120876
1781773148.3010948,-3615.7676446614046,116.71228736390823,35.17893509442518
1781773148.3224146,-3605.5935189465135,115.29771923913377,89.55904182148535
1781773148.3557677,-3590.61579236891,113.35672183450971,160.6778730271911
1781773148.3778229,-3583.4977951572037,112.0630917142571,192.38171190725868
1781773148.4000828,-3571.506346651743,109.642063288557,239.87379721392665
1781773148.4224668,-3563.837068915586,108.4835862164965,264.6382275302881
1781773148.4442375,-3550.684528549685,106.31297560249453,297.6290198679015
1781773148.466667,-3549.4021558877935,111.35639788979805,304.12117307805676
1781773148.4890213,-3564.251239147988,131.11640113432424,287.69908268472136
1781773148.5226533,-3583.6776104376313,151.07429808522286,256.8750219859882
1781773148.5445654,-3597.1070133432954,166.03802865567346,230.65538942453338
1781773148.5776536,-3617.665941361881,187.8510294867451,182.19629027167537
1781773148.599729,-3621.4158636017933,201.36381930851985,157.68038978218993
1781773148.622646,-3633.3425616059503,219.0484149933762,108.8170585598416
1781773148.6555657,-3621.0736399440816,217.81473095668406,80.36213431160647
1781773148.6777751,-3592.4488667016035,203.60216682024634,61.37543796593934
1781773148.7003152,-3568.973361347734,190.5460500696492,42.29009473813463
1781773148.7220364,-3544.048492739449,177.73887440663484,21.299634899099676
1781773148.7441576,-3524.7137326039488,169.03970277248024,3.430991610901534
1781773148.767076,-3498.255362545983,156.31754722497476,-25.98934839861768
1781773148.7889383,-3466.637081838427,140.69438837269377,-68.16188403969069
1781773148.8111813,-3440.208074241281,128.7413615914211,-106.76024992390167
1781773148.8337326,-3414.6600263654377,116.00212313074312,-150.82105867148502
1781773148.8670497,-3376.3842890132546,96.99004297221958,-222.61544611372318
1781773148.889233,-3351.833603697995,85.2512327189328,-278.84149110000004
1781773148.9114757,-3334.086649283334,76.1737549346679,-323.2784844278169
1781773148.9339662,-3303.1378915928576,61.242981906720466,-402.25911774369206
1781773148.9559255,-3279.746034734357,49.12542936034866,-471.05930499659667
1781773148.9778202,-3262.1149010955046,40.937540263734824,-524.4416178866355
1781773149.0115247,-3222.272100608479,21.14630102431263,-661.8310108401139
1781773149.0447598,-3189.9355509681077,4.789689867675952,-749.4061620386005
1781773149.0671706,-3173.5402534665386,-2.421052549078544,-679.8753404559895
1781773149.0891721,-3158.0594564477806,-9.325594488541933,-613.7221317957705
1781773149.1114178,-3141.214050146679,-16.99449656941974,-553.1943913826653
1781773149.1337023,-3126.328770969041,-24.17520447931942,-500.8431966549722
1781773149.1669626,-3103.218431150316,-34.47919660624932,-428.40906780952133
1781773149.1892076,-3086.578350681708,-41.605496063937174,-386.48899437534897
1781773149.2118175,-3071.7803107326104,-48.92231589999423,-349.42169425645943
1781773149.244582,-3046.68894569861,-60.376427687388784,-302.46010917421177
1781773149.2671227,-3030.562072425611,-67.1148724252738,-278.7638614222627
1781773149.2891984,-3018.5533977086475,-72.45614368539688,-263.70372584287577
1781773149.3111784,-2996.0918039756175,-81.68312644103571,-244.05905332705865
1781773149.3334599,-2981.5654435530855,-88.629321709468,-237.2906711271926
1781773149.3556514,-2956.1398708796137,-69.49091252760009,-254.48873851267786
1781773149.3781059,-2961.717782774613,-59.340382889709765,-288.6682020472148
1781773149.4003289,-2981.727030500896,-38.834715806752506,-311.99453819777733
1781773149.4336174,-3018.2323192298886,-4.2280510009833625,-353.9978952239189
1781773149.455563,-3043.4070454068883,19.480656773925993,-388.1932254430091
1781773149.4778993,-3068.509464622149,43.38709248917832,-426.8961914507304
1781773149.500715,-3092.188423867936,66.92352184038386,-468.9842820194071
1781773149.5238407,-3115.207674703423,90.94110563494621,-517.8460250197949
1781773149.5576828,-3152.324609391795,125.08671711146891,-599.0415549015241
1781773149.5894191,-3189.1239707788113,157.87645151575117,-688.2410698631702
1781773149.6114166,-3211.9130886674448,177.65985181963043,-751.3767635326667
1781773149.6335468,-3220.0318572571073,193.0366223606308,-732.491006295673
1781773149.6559331,-3221.30056486985,204.8993842469404,-678.7049002015716
1781773149.6782613,-3222.3601822682535,216.69126041642528,-626.5988181924241
1781773149.7115972,-3224.3115473361977,233.90468557207927,-560.3735285177701
1781773149.7338135,-3226.56200961954,243.02969627188966,-522.2270590185493
1781773149.767057,-3240.1954267340398,245.67259610281494,-480.46765541827335
1781773149.789491,-3250.2576515414708,246.9296747970372,-460.6934024882485
1781773149.811195,-3262.6075859751754,247.83254944089435,-444.26524842716844
1781773149.844648,-3279.7748273338007,248.37532193159691,-432.2600029750139
1781773149.8670378,-3292.0683596844933,248.12007900772048,-427.3087217512492
1781773149.8894858,-3302.7922794513606,249.4789217120027,-430.25137553347236
1781773149.911492,-3314.004503421415,250.38332584765254,-436.13068749377305
1781773149.933626,-3325.735270654361,251.183242021807,-446.3500526691997
1781773149.9669704,-3342.324842042389,251.83861262592708,-473.0297518230791
1781773149.9892902,-3354.0343333622454,252.22211135374792,-494.3018770507739
1781773150.0119264,-3364.1000830744897,253.06427734265904,-523.4338555814619
1781773150.0449157,-3380.513491083082,254.3360951673412,-571.8223079911659
1781773150.066667,-3390.5155937469867,254.72770725763036,-611.7210865247597
1781773150.089389,-3402.3541198242974,252.76569777524105,-656.0959672655028
1781773150.122471,-3418.237997420779,253.03440935532655,-730.4939439927338
1781773150.1447527,-3427.887566304216,254.01113862672494,-770.8031840079315
1781773158.530801,-5328.765430800172,26.283063717250183,-661.414752183159
1781773165.5355928,922.7584664383945,553.0681430314419,-681.1051171280516
1781773165.5520513,966.0155584568769,556.5241963150064,-678.210979015202
1781773165.5689647,1001.0655889904173,560.0916990080456,-673.7326249944385
1781773165.5858085,1030.0913088181069,559.616339760164,-672.1137516008225
1781773165.6019516,1050.478558516192,556.861024276466,-673.8066677392668
1781773165.618821,1062.0331249166754,553.7621775864478,-677.8852238533226
1781773165.6358826,1067.3643051870436,550.8073461106509,-680.8183772035117
1781773165.6520178,1072.663940021102,548.7735006746186,-681.5583323242403
1781773165.6799672,1084.5651030890147,546.8689338288093,-678.9624296358726
1781773165.6968272,1090.1277051207267,546.4050117345744,-678.2630700738532
1781773165.719042,1093.46291850108,546.3278297762339,-676.3452109247648
1781773165.7360513,1095.5096724651169,546.2017250805463,-676.5227835130172
1781773165.7519875,1097.930924223353,545.3994200086663,-677.0625417972336
1781773165.7919781,1103.2338101578373,543.157300594398,-678.8549259850321
1781773165.807841,1103.7993245977655,543.1660012185502,-679.1443410451967
1781773165.8250108,1106.2414722357441,542.6450175843756,-680.245015262125
1781773165.8306513,1108.3537914056114,542.0797640411254,-680.8559125329446
1781773168.0457866,3326.1697116478526,-13.398673205047203,-650.186921603463
1781773168.0682077,3323.613194245313,-82.95865783278722,-644.8683718665707
1781773168.101742,3314.3146665639306,-182.21186602109051,-643.011060199811
1781773168.1346972,3297.3364695712607,-260.7913546649652,-641.5248809257972
1781773168.1571984,3281.519181144121,-300.7628189490213,-643.5710947523422
1781773168.1902812,3256.190045718976,-341.38350792315407,-650.7422012558185
1781773168.2238815,3237.301473284175,-360.7730861846547,-659.3238904474437
1781773168.2572892,3226.7717156225335,-373.0604634308283,-661.9384662777325
1781773168.290542,3224.5540731287933,-377.35642715842846,-660.9150628618014
1781773168.32376,3224.252777852502,-378.362077528299,-660.6692658518484
1781773168.3569264,3224.558268738689,-377.94408344986783,-660.1907024337279
1781773168.3794568,3224.605563596555,-377.7438708091053,-659.7263937835842
1781773168.4015877,3224.597481560963,-377.87861162296343,-659.7676186163401
1781773168.4350297,3224.653969773434,-377.72461200092556,-659.5806552548671
1781773168.4573464,3225.090992707617,-377.41356342111607,-659.2276592457663
1781773168.4793172,3227.702784288187,-374.4723287933756,-656.0911173972256
1781773168.5128012,3223.1017828833023,-379.99555642033766,-661.4325245675963
1781773168.5361097,3141.7044830450022,-414.550605355384,-527.2676454148975
1781773168.5693312,3146.410191037451,-521.8788368658406,-573.0622720523967
1781773168.6026218,3145.7157989876373,-638.600371553043,-615.7959837936556
1781773168.6346147,3144.7818291213694,-764.6820856952352,-648.4235383561446
1781773168.6678977,3146.0375591372085,-878.9623330579825,-653.4169083591019
1781773168.6907878,3152.2041136019193,-939.2339917796918,-652.8166310717254
1781773168.7128072,3163.582523292539,-981.0724198274078,-650.7228896414259
1781773168.7459028,3177.629638432174,-1001.7620736912945,-656.8588635573441
1781773168.768564,3183.8374909216627,-1014.7730107625263,-656.5782367334971
1781773168.7908406,3184.4180724081034,-1024.0934129887041,-654.8611495817189
1781773168.8141632,3183.6823103839065,-1031.3360964032972,-655.4517910224653
1781773168.8302283,3183.248592931606,-1033.3987391967678,-654.9483022039942
1781773168.8470902,3183.1394578801783,-1034.2503234574353,-654.5208177914909
1781773168.864067,3183.34988077799,-1034.7869537066608,-654.1991818966142
1781773168.891262,3183.93256110382,-1035.6572135144904,-654.0926327006881
1781773168.9080753,3184.3097312713135,-1036.1545287557594,-654.1547140857084
1781773168.9365268,3184.636565297915,-1036.7406627541075,-654.1519851100496
1781773168.952514,3185.9922893510147,-1037.0452995783753,-653.2134771461148
1781773168.969051,3187.6458202786994,-1037.2570267251015,-652.1324632312865
1781773168.985887,3188.621506043202,-1037.3784779086227,-651.6339987109687
1781773169.0081148,3189.2611639442157,-1037.6821032666185,-651.2409002974123
1781773169.0470316,3288.642609565327,-826.3957740691375,-435.1229490499155
1781773169.0638359,3287.695461553104,-869.0207440055175,-445.9330822707988
1781773169.080011,3289.2224405796446,-912.5123756302961,-459.57203468549085
1781773169.0969577,3290.968087869986,-957.5338284192809,-476.65802662251826
1781773169.1137679,3291.406809153494,-1004.8018555148016,-497.44285395466267
1781773169.1301117,3292.6830012360992,-1054.8168554928975,-520.3921166976166
1781773169.1471374,3293.498782916035,-1107.615443587868,-545.1399762155319
1781773169.1693316,3293.872981059096,-1183.2089934261749,-579.0319078108191
1781773169.2023284,3293.581808481011,-1305.3325354947697,-623.5625469228543
1781773169.2362108,3290.998534573277,-1425.9325201128179,-648.4030912650708
1781773169.2744505,3277.2543126363776,-1528.2643231750856,-648.4838631961368
1781773169.2920916,3269.18153858875,-1559.350177262952,-649.2214366521924
1781773169.3139462,3257.944263661851,-1581.8754142760006,-647.649523906981
1781773169.330124,3250.2112696904283,-1585.1155013927164,-648.7019364880291
1781773169.3470383,3246.255441955692,-1585.4195488165997,-649.2283862668434
1781773169.3637798,3245.0935318144543,-1586.1505081835328,-648.4559058886628
1781773169.380304,3244.753694876058,-1586.7535257924367,-648.0348732244057
1781773169.3969798,3243.8555380523812,-1587.9131841537717,-648.4938515089076
1781773169.4141123,3242.589076728279,-1588.9994544349156,-649.5994444314597
1781773169.4362013,3241.6332412039137,-1589.6461187752402,-650.0354505563967
1781773169.4692235,3241.9287007923276,-1589.1547362054448,-648.4518265847529
1781773169.487356,3242.3036822344184,-1588.9261745729887,-647.2288004557288
1781773169.5031974,3243.154280379747,-1588.7610700620328,-645.3725694529037
1781773169.5178964,3242.8148741284676,-1588.7692171648182,-644.4288438135588
1781773169.5412729,3182.1836350817243,-1396.2728390608447,-455.96672682353295
1781773169.5636265,3163.873029562707,-1441.3495740645021,-464.1247355155867
1781773169.5856686,3140.9313548878863,-1485.110609670871,-479.9222211024548
1781773169.619536,3098.2731073747173,-1547.1601919751918,-513.4375383293241
1781773169.6414235,3061.8498159401156,-1586.0767701574778,-540.0755429326954
1781773169.6608853,3023.199877280515,-1607.2912400190462,-559.1850356678099
1781773169.6866376,2973.21433224791,-1644.8433877463958,-589.0572524480423
1781773169.7084544,2919.4625763108243,-1678.3567332189175,-613.7168466760664
1781773169.7302938,2864.2838596058978,-1704.4987799851901,-628.9162897326421
1781773169.7646985,2783.4455035959436,-1748.8905258703223,-638.9739358560244
1781773169.7866411,2741.8637718845835,-1773.764714772315,-637.8613207044073
1781773169.808365,2715.752084666458,-1799.2096617686445,-631.2878050402543
1781773169.8308148,2705.927889089201,-1819.217762563907,-633.736862077908
1781773169.8639758,2704.616579566124,-1834.6978341326042,-638.6442203892736
1781773169.8862646,2694.4480435241308,-1841.3734838290102,-638.5160929194328
1781773169.9189537,2685.888746884733,-1844.1149313517642,-637.4595550929965
1781773169.94071,2682.5397464263838,-1844.482223842443,-636.8911745913003
1781773169.9748633,2680.6465432207465,-1845.4157520052327,-636.7789796192952
1781773170.0080955,2679.38879091551,-1846.9526116156226,-637.2190049597223
1781773170.030418,2678.7436670389898,-1848.3291091845986,-637.5878291572644
1781773170.0517561,2678.288598107016,-1849.3020930643806,-637.9408780799581
1781773170.0850782,2677.9961527723344,-1849.8684678434224,-638.2078027509132
1781773170.1081667,2677.831398560874,-1850.274275200125,-638.5902839190983
1781773170.1296933,2677.714931662572,-1850.809186827941,-638.9530855734946
1781773170.1602695,2677.6554601286775,-1851.3112064873217,-639.3033002357254
1781773170.1861942,2677.505620763925,-1851.810369379648,-639.4240678600675
1781773170.2033026,2677.292204910211,-1852.2171791206117,-639.4963236407673
1781773170.2192528,2676.836740171538,-1853.4966524139502,-640.038156171432
1781773170.241506,2668.4767465342347,-1864.9500944079296,-647.3903305482849
1781773170.2751143,2666.6269820209764,-1867.2777233665968,-648.2079125321935
1781773170.2913964,2666.5130304675167,-1867.373306718217,-647.6679264410018
1781773170.307968,2666.1407445232176,-1867.6867888854838,-647.262278379641
1781773170.3248768,2665.8209622999702,-1867.9569628844645,-646.7419246942296
1781773170.341093,2665.5438958399404,-1868.2959118088604,-646.0839897652389
1781773170.358674,2664.8730303669504,-1868.8325777322589,-645.4668075460246
1781773170.381419,2664.56041587391,-1869.547729848166,-643.5143638408065
1781773170.3985353,2663.619286954015,-1870.4086799300676,-642.5164407010666
1781773170.4132495,2662.862880817352,-1872.039396110815,-640.2090723449587
1781773170.4299612,2661.0728398377073,-1873.4636213208787,-635.6547821004228
1781773170.4466317,2658.101122778764,-1874.7847376436978,-629.9102498027925
1781773170.4632833,2653.972729577814,-1875.3720905802968,-621.5462160133962
1781773170.480665,2647.860047015564,-1875.6153764594262,-609.3471519585299
1781773170.5080054,2627.439452114324,-1877.1993548929215,-579.0562701810604
1781773170.530101,2597.7081633842963,-1880.2858770836551,-546.9731071000623
1781773170.5470395,2567.894047697942,-1882.150645594861,-521.169242791887
1781773170.5801697,2495.1126941555312,-1881.1068851742891,-469.37701421556216
1781773170.6140313,2423.3957021768965,-1888.3456757757438,-439.48014714152384
1781773170.6301641,2388.602501652099,-1893.4880271725533,-432.84466005892784
1781773170.6484082,2351.268678778589,-1898.644985021926,-431.2543743569643
1781773170.6639988,2312.7641935410975,-1903.175180106228,-434.349992800035
1781773170.6859133,2261.7681715551134,-1907.4777903770862,-444.56916856223074
1781773170.7029276,2223.798484088084,-1908.0003559887987,-457.1892459218777
1781773170.7190502,2182.424496932579,-1910.6475768834507,-474.0500377271623
1781773170.7361913,2142.3919334602006,-1911.6833111361566,-491.62519870708206
1781773170.7526708,2096.7445120783364,-1914.1846938115932,-514.4506006092919
1781773170.7690392,2049.5997672824674,-1915.7615490835326,-538.2454383423518
1781773170.7911637,1988.962925985226,-1914.9259665878162,-568.450916631325
1781773170.8190517,1897.0374601396259,-1916.0952642344237,-610.0326634975116
1781773170.8366847,1840.1061328819458,-1915.2922107189884,-628.8862106121541
1781773170.858018,1769.4978341779304,-1914.3090917998886,-639.837504929622
1781773170.8970006,1692.202301230886,-1907.5868624174193,-636.0242032708107
1781773170.9145,1671.9152983189956,-1910.569738027535,-632.2454350804392
1781773170.9299622,1654.4596021317545,-1915.8820724908678,-634.369168121631
1781773170.9469,1649.5664579955671,-1918.7851656321593,-635.9607407904374
1781773170.9639978,1642.4986210928591,-1920.9338909604348,-637.6646746325723
1781773170.9802313,1633.270719912418,-1922.6525257027322,-636.6475381969201
1781773170.997918,1625.6085018484405,-1923.1177578516663,-636.049445175482
1781773171.0139523,1620.553640831124,-1922.881520862877,-635.2908415193144
1781773171.0360293,1616.9264039776945,-1923.4166301835094,-634.83528433585
1781773171.052084,1614.508812341618,-1923.5750479842811,-635.2978847738335
1781773171.0738168,1612.688237319899,-1923.8500135920567,-635.6388680178071
1781773171.091149,1610.8308760413438,-1924.1249081644323,-636.3649346352278
1781773171.1236737,1608.953137788561,-1924.3058497093025,-637.2187881986042
1781773171.156947,1607.418461051344,-1924.3688705539023,-637.9582538408465
1781773171.5521224,1074.9049237547897,-1422.3075379198551,51.888697891409464
1781773171.5738223,1067.7774181057875,-1422.4994082181454,58.940943136273646
1781773171.606987,1051.9630964303146,-1422.7977325333961,64.36001065015842
1781773171.6406138,1033.7411749501402,-1422.2175653441373,59.23550886948672
1781773171.6628315,1021.7350134531848,-1421.7826396796866,50.01110461265034
1781773171.6959622,999.8329618586557,-1419.217935469641,43.19894561093445
1781773171.7291472,981.3722140135934,-1415.8102696681199,44.261707308430644
1781773171.746586,965.5381362649351,-1413.1324683245707,40.48406460067707
1781773171.7798748,944.3249648800029,-1409.918681457887,42.54817987081482
1781773171.807582,925.7987945526661,-1406.9305184607877,39.149251223214335
1781773171.8297732,910.215362396386,-1404.8888907185703,41.0586480185579
1781773171.8628294,883.6631436088459,-1406.5338485694074,40.699745465536594
1781773171.8847675,865.6319341863253,-1407.794574938614,38.9607802171292
1781773171.9070213,847.7989618593278,-1408.2781908453817,40.77907079118069
1781773171.94071,820.2578533389682,-1407.670817565865,40.78655841912851
1781773171.973768,790.4450223053622,-1409.0915016560846,41.165829901747365
1781773172.00716,760.4243998192787,-1407.2374121822484,41.39488901821608
1781773172.0298688,737.6075159894223,-1404.0007078784927,41.11928184959538
1781773172.0520275,715.9461145878678,-1401.270880278852,40.79623557790555
1781773172.0849154,684.7216195058522,-1396.5679920395376,40.64152926015447
1781773172.1296868,643.816721033522,-1390.2646022475242,39.804669386638274
1781773172.1519005,623.5586579736142,-1388.449828842159,39.719433258003555
1781773172.1739328,603.6666234487229,-1385.7432067016452,39.17013220463468
1781773172.1963208,583.5849613242707,-1383.6535077128012,39.372433770143324
1781773172.218439,564.9117245624356,-1381.5437412827048,37.50040183149629
1781773172.2518628,535.8330152091388,-1379.579518181117,35.94298492547879
1781773172.286161,506.0209373666859,-1377.266286031718,35.65274508733865
1781773172.3181555,477.3154672566031,-1374.8051771913108,34.9715030755025
1781773172.3471112,454.04984838052223,-1371.512638425802,35.46252472040397
1781773172.3689008,435.2847146659451,-1368.6424167859557,34.36961644403301
1781773172.4019632,407.93643805818266,-1364.8226098492066,33.59109600846972
1781773172.4240992,389.4314019838676,-1362.3160161135477,34.35682046207448
1781773172.446013,371.1388533053958,-1360.0663521180713,33.72831488258058
1781773172.4685895,353.10418131058873,-1357.276272608769,33.212263035151814
1781773172.4906416,336.70368798079494,-1354.0436279772907,32.91848101464118
1781773172.523704,309.9651632322968,-1349.2517583796791,32.655881547570694
1781773172.5577662,283.6798612274568,-1344.1958803131688,32.458901041420916
1781773172.579403,268.7451874123858,-1340.540250106653,32.77285223472583
1781773172.6130774,247.23330442871085,-1334.9339908494542,32.016697095615854
1781773172.6460855,228.21900553040354,-1328.0849510223234,31.44056939799426
1781773172.679914,211.05809525043867,-1321.2700914609973,31.615190681054184
1781773172.7127452,196.58405988086278,-1314.3095455894663,31.54156231495138
1781773172.7354112,188.3439282494122,-1308.9892441494912,31.15179038923468
1781773172.7594345,180.42183267053736,-1304.0398371173976,30.522303392214337
1781773172.802158,171.54542934887854,-1299.0305584555122,30.372859668858577
1781773172.8247309,169.67829415034544,-1296.6037896663904,30.118065085767736
1781773172.8411582,169.01917264359327,-1294.7830727603514,29.96935099183819
1781773172.857966,168.73913132882515,-1292.911701536262,29.834661533962645
1781773172.8748012,168.09769480964508,-1290.9208323025725,30.16892335197298
1781773172.8912752,167.53431356365883,-1288.8095698484415,30.349109687194193
1781773172.9081275,166.0471007130835,-1285.8160075850453,30.2958786100157
1781773172.9259493,164.14015238542845,-1281.6760355892875,29.87166594641036
1781773172.9427903,161.39741075993035,-1276.5135281119483,29.435642567767225
1781773172.9692051,158.9446701960864,-1271.9492043539303,29.251772654464506
1781773173.002982,155.77368255499144,-1265.6041854639532,28.94878748632274
1781773173.018973,154.28938201816788,-1262.6531979706122,28.739629039544468
1781773175.0412762,-249.18732683826263,381.9933692653226,-677.9289550117255
1781773175.0580375,-241.12880191005925,380.5726202099502,-680.2017313174149
1781773175.081033,-234.66036544749974,375.9943521543555,-685.3276993074182
1781773175.1026647,-229.42232847586513,369.3570961312601,-688.8352092762509
1781773175.130054,-226.95793841172778,369.1524956288746,-688.2359514724818
1781773175.147589,-226.4533017214589,369.56362083443787,-688.1603514479806
1781773175.1690865,-226.12644794114283,370.06568585355035,-688.0809222085084
1781773175.2023304,-225.7819650176317,370.4879446249261,-687.8079489623805
1781773175.2302217,-225.34549452600243,370.66958548805644,-687.2313185793438
1781773175.2526627,-224.64749299954144,371.0155603888024,-686.0622452089544
1781773175.2690444,-224.01630798964746,371.4251567603876,-685.1622999450956
1781773175.2859547,-221.82390851164595,372.3699723604021,-684.1539185589215
1781773175.3036642,-221.75165882237144,373.3109626866665,-682.65450494807
1781773175.3191366,-219.71343019824025,375.13897690029705,-681.5391469594117
1781773175.335994,-219.06585033268118,376.14868625434394,-679.6282678776739
1781773175.3581579,-218.08630173193532,377.29729561666164,-676.9817613764654
1781773175.3918145,-216.1813933677905,378.5068680373011,-673.4356646430697
1781773175.4080777,-215.32555791124992,378.5048753645226,-671.3275219375787
1781773175.4248693,-213.9622401067314,378.53213327358094,-669.9223699539855
1781773175.441855,-212.96971713429724,378.3816873281021,-668.2525701718386
1781773175.45809,-211.8559008994112,378.24781571411853,-666.6894907531968
1781773175.486282,-210.1014239870851,378.26244307867586,-663.4947625583724
1781773175.5025318,-208.81949681583257,378.40581103781784,-661.0160657337208
1781773175.5320623,-206.15117978848724,379.3507180381311,-656.2679528551628
1781773175.5653067,455.2129014260203,376.04549315519654,-686.6729143865031
1781773175.5874693,466.9276747175448,380.95483023365597,-686.8971926386358
1781773175.6262543,483.91502840925284,386.7766858827712,-685.9550957085113
1781773175.6481044,488.9692156566619,387.8049442378147,-684.6982575708048
1781773175.6756568,491.94559810503665,388.30655048485846,-684.3095207829931
1781773175.6975582,492.99793278435766,388.23844426173093,-684.4087297859783
1781773175.7196703,493.727542771787,388.4128696169415,-684.5559851396433
1781773175.7359276,494.18087344548206,388.56536003182794,-684.6907972554636
1781773175.7525287,494.59069086236315,388.7298010834389,-684.836695469759
1781773175.768774,495.0847174489301,388.9477407915588,-685.0021896318993
1781773175.7860546,495.9778389672461,389.50709049253373,-685.5163054793904
1781773175.8080506,497.88284924005336,391.3808173715827,-686.6261352607896
1781773175.8356476,502.6689633559103,393.2044952264297,-688.6844266357598
1781773175.8527896,502.7824269303848,393.0838128982744,-688.630936763743
1781773175.8688877,503.50727456052897,393.3253057415471,-688.9098102886852
1781773175.8859193,504.8910792739498,394.113731946776,-689.6296675604036
1781773175.9023652,505.37332901420655,394.1439617951304,-689.5135196027791
1781773175.930091,509.9236264466884,395.8859306115779,-690.7661596842421
1781773175.941773,512.4250312597145,397.3475468605381,-692.3283153065289
1781773175.9638872,514.1837378645921,398.3545115888461,-693.0901886836863
1781773175.9802177,514.2238907124516,398.38140302793295,-692.5936322068877
1781773175.9972124,514.4723223815683,398.26020737910545,-691.8694554343195
1781773176.0140448,514.8417126125316,398.39631293777995,-691.3447545870055
1781773176.0361445,739.3893063643228,563.664518742759,-661.9689334969914
1781773176.0689883,851.2499101477962,573.6567455259703,-674.0298808122897
1781773176.0860186,910.0663373874487,575.1945501439128,-676.0519292627707
1781773176.1084464,979.7941538962639,575.5696780067694,-673.5886337906173
1781773176.1248417,1021.5565730791537,575.913471457741,-668.9226084840075
1781773176.1467757,1066.655477423694,571.8689375277316,-668.2159758323389
1781773176.1638572,1090.6082712394466,566.5252107992604,-671.8952211666392
1781773176.1799438,1105.4042990258395,561.3498027783057,-677.9365853158449
1781773176.1969385,1113.1345578494931,557.3518117869863,-678.7725759532636
1781773176.2300494,1130.156431749787,552.1178830360981,-677.8234077859428
1781773176.2470906,1135.447632174872,552.1472746306837,-676.2243986264187
1781773176.264087,1137.509654422263,551.9484474245746,-675.736864700778
1781773176.280041,1140.2129005159284,551.0891631122029,-675.4913857792756
1781773176.2968702,1142.6403547235195,549.6600887857273,-675.808506481674
1781773176.3189893,1144.2598986883663,548.5308331068978,-675.9872800637054
1781773176.335852,1145.2853522156136,548.4036325883131,-676.1062690931172
1781773176.3579335,1145.966602112995,548.5226901830727,-676.0272531805907
1781773176.3749275,1147.5869903122457,547.6549625097324,-676.4430850967327
1781773176.4081376,1148.3182170528464,548.7139497328909,-673.0660733923349
1781773176.4359007,1152.2194915100524,544.1077592918649,-673.4993659537794
1781773176.4524465,1152.748919288643,543.8284862129555,-673.0009529727629
1781773176.4690204,1155.1239728391129,542.4981201933931,-673.4192087660041
1781773176.4920292,1156.9127691916801,541.8707382235422,-672.8681704361264
1781773176.5081563,1157.0164017874424,541.630861961288,-672.246406593369
1781773176.5307171,1165.828898083948,424.768823879749,-532.2244610934229
1781773176.54701,1215.5483099818566,420.79813777572883,-553.9840685234406
1781773176.5642703,1255.9881438425496,411.62390886738996,-572.8219447769463
1781773176.5830653,1308.8407911200682,403.3029544467658,-596.0530527796959
1781773176.6187615,1445.0887639423486,377.6973781801056,-647.6983742021894
1781773176.6517103,1561.7134613773396,348.5402758884311,-673.2431775105275
1781773176.6738849,1630.1457025756683,330.932504143196,-673.3892235296005
1781773176.696353,1688.3604029105952,324.95934224556385,-673.1799721924721
1781773176.718803,1731.789531784344,329.5502989269382,-672.8960615693956
1781773176.7518764,1754.2205951707608,342.1119025163659,-676.5401934622403
1781773176.785042,1770.0526148626395,347.1548551705863,-674.5293298235221
1781773176.8072264,1779.2096652082573,345.32998059715715,-672.4139253002453
1781773176.8296046,1786.245684755258,346.2700519274831,-671.7876371184872
1781773176.8628244,1789.8266760230204,346.8694976880726,-671.3517664405845
1781773176.8850543,1791.4805420395344,347.21920449642295,-671.4596245758426
1781773176.9077282,1792.2357086302766,347.40541506079313,-671.570877349889
1781773176.9409306,1791.8516900621046,346.06416020293915,-671.1655408175994
1781773176.9739954,1792.5302000486079,345.8941242636089,-670.6706298769068
1781773176.9961724,1793.0711658859545,345.96499480173253,-670.8370689103772
1781773177.018886,1812.6544396856377,349.30140838447574,-676.861817971186
1781773177.0630636,1655.578227650148,486.94958794408456,-479.3723146883911
1781773177.096112,1737.3190630336067,482.7287239479725,-511.7269770792319
1781773177.1185398,1781.6169326314603,482.0228361837359,-532.6041450636242
1781773179.535074,3267.595300160497,-1210.8822594288508,-579.0935462996426
1781773179.5580237,3255.1788455434335,-1289.506746267407,-604.9658300862318
1781773179.5800147,3241.3486606239608,-1369.872065778925,-625.1431257718293
1781773179.6130633,3222.3477006687485,-1479.045901692661,-632.8738102842277
1781773179.6461818,3191.32805713924,-1576.8093675850002,-633.6604797570569
1781773179.679888,3166.2618497975786,-1645.0049895363359,-632.3399047761427
1781773179.70171,3153.3613774173755,-1667.5867516735514,-639.5888026795916
1781773179.7245874,3139.9015872151094,-1681.702972508964,-647.2477135690957
1781773179.7574258,3128.5809748869347,-1690.625399391588,-647.6958476315842
1781773179.780023,3124.8203789993745,-1695.0562452956722,-645.2960944118737
1781773179.8017738,3123.2850448128793,-1696.108298531167,-644.9967710060516
1781773179.835413,3122.5526739064885,-1697.2824151163343,-643.6940041883452
1781773179.8684778,3121.8092891544293,-1698.3699903054226,-643.0362323803421
1781773179.8908544,3121.240292643258,-1698.8131260073849,-642.3850935895579
1781773179.9243574,3120.037630195581,-1699.0154591061741,-640.8766146629895
1781773179.9576874,3119.4820168616156,-1699.895432724536,-638.5688714815313
1781773179.9909801,3119.528714051501,-1702.2609381012069,-634.756821259899
1781773180.0131671,3119.0200600838243,-1704.2988426261334,-631.2969969779504
1781773180.0576735,3012.925963323299,-1576.583301106367,-500.36049840147854
1781773180.090823,2955.307659536449,-1639.1012724686796,-540.601601759429
1781773180.124002,2884.347267410195,-1694.1232045291197,-581.0913131406203
1781773180.1462338,2834.871891216793,-1721.64078559907,-601.3344950448162
1781773180.1690013,2775.716969917821,-1757.6443210802172,-622.5746232490063
1781773180.2021177,2692.4070635550115,-1797.258914057347,-631.2179543109415
1781773180.2243655,2645.513563824376,-1813.740016060842,-626.6661240521407
1781773180.2465763,2611.2233375427336,-1829.4917499481246,-619.8309032057356
1781773180.2797499,2589.223233032361,-1852.954019856009,-628.0739162062471
1781773180.3023908,2583.1023971544287,-1862.5546191320273,-630.245494317776
1781773180.3245242,2570.4649541594194,-1869.4848785760116,-628.465912292437
1781773180.3577156,2562.4435306008168,-1872.7955200924591,-628.0497736039257
1781773180.3909035,2559.4599529019033,-1876.36469862808,-629.7576204504234
1781773180.4239635,2557.948254604241,-1877.149011595335,-631.798322677149
1781773180.4576218,2557.1994162156457,-1878.0134442266917,-633.1528898504356
1781773180.4919167,2556.7799313714413,-1878.8792625320846,-634.3402936445524
1781773180.5238492,2556.077125489782,-1879.5346553904067,-635.4893518364461
1781773180.5573668,2796.8305188593927,-1905.773308354741,-431.6104712964194
1781773180.5907228,2728.705689252986,-1935.6227494559143,-452.68100487207073
1781773180.623881,2653.432677674079,-1965.4658273331845,-485.95162730208
1781773180.657593,2566.517885670043,-1992.3146188374335,-524.3460694844501
1781773180.6799617,2503.13562914285,-2005.0005071707062,-547.0726769045707
1781773180.7134652,2406.0271772662168,-2023.4144024238176,-577.601686448711
1781773180.7462296,2308.2628920273005,-2036.425081869628,-601.0131550662081
1781773180.7689855,2252.6081837980746,-2043.9350969687139,-605.8583854116913
1781773180.7908647,2188.1346905449805,-2045.0359505875701,-613.6460156172586
1781773180.8239095,2092.277911295748,-2034.4347209874259,-619.2148661371477
1781773180.8573332,2010.6889278244137,-2019.5001460497954,-621.6090822589066
1781773180.8909652,1960.6901034687842,-2006.7822459154338,-625.0190392866804
1781773180.9239907,1938.3140430252433,-1991.2903492376474,-634.0259061327774
1781773180.9578216,1923.826187811257,-1982.1293739972,-633.498155504735
1781773180.990871,1914.3292362325194,-1980.826751513362,-630.3060174823902
1781773181.0254922,1909.3531665034993,-1978.6012107001804,-630.874689107638
1781773181.0575058,1906.8116009344478,-1976.7014648133595,-631.7713035892085
1781773181.0826893,1905.1297741546107,-1976.3160310605708,-632.4086628294624
1781773181.1160684,1904.01524558094,-1976.5762114751228,-632.8405800068302
1781773181.1468873,1901.6573224517915,-1974.6000793290536,-633.1815080413893
1781773181.1806967,1898.380229023015,-1974.0578516704131,-634.8180438345365
1781773181.190909,1892.4961030553259,-1973.4969116321918,-637.2763237571027
1781773183.5353363,81.53574623727276,-1060.6223848469388,25.757796134326952
1781773183.5605705,79.11328232840482,-1052.4507608236077,25.382087954606753
1781773183.5835764,77.20449877863688,-1045.637059019076,25.216719409822943
1781773183.6076963,75.52004543581992,-1038.6972781024144,24.53907945509154
1781773183.6356595,71.47937310768778,-1029.2549707168903,23.366433444076677
1781773183.6581032,68.04451953877863,-1021.7496599704056,22.949543629080214
1781773183.6798446,66.01116754881345,-1016.4946236127183,22.86236196129341
1781773183.6971064,63.53842541420341,-1008.8744970345186,23.33865053246123
1781773183.740855,58.93977645970761,-992.2670333250551,25.046919380025567
1781773183.7747734,56.07318021538686,-978.5586368976195,26.12989804043138
1781773183.8076715,55.50201371308067,-961.8144765825283,26.143659034605992
1781773183.8338935,53.30853105407361,-946.7083357884504,26.25306566782382
1781773183.8591826,52.06503974538496,-933.9739740601648,26.271582347304026
1781773183.8856702,51.77864591962547,-917.2025490814748,26.19598993582684
1781773183.916589,52.65791067226955,-896.0355693720901,26.212443978261792
1781773183.952445,53.2738445695878,-873.4267274132634,26.322274058176614
1781773183.9746633,52.623133642819965,-857.5171274743624,26.30823118667023
1781773183.9969778,52.4880983141822,-841.5405680768965,25.965649408047675
1781773184.0191092,53.333140174047216,-825.3892925569435,25.349695226585364
1781773184.0412335,53.880200806709354,-809.2772412332259,25.05765141770943
1781773184.0661318,54.49289657070248,-789.2129423493427,25.109917210252526
1781773184.08565,54.64675434932554,-777.239422454652,24.986586811360144
1781773184.1187882,54.44793547394193,-754.5389298621861,25.064290350108138
1781773184.140933,54.668274191594435,-739.3243348346779,25.139040794861984
1781773184.163509,55.369691950973724,-723.8838785831196,25.380208761729442
1781773184.1964488,57.68428981980011,-699.0078519544301,25.137061284830605
1781773184.2299428,59.52393035655432,-672.4023289626032,24.64643129980738
1781773184.2639942,61.22998926208647,-643.145783626393,24.37536929638577
1781773184.2968974,63.4177534744914,-614.0369884151734,24.401602087553094
1781773184.330273,64.10060423889256,-581.3475201492989,24.906077778096897
1781773184.3638265,66.3875297980164,-547.8631854990176,24.963092699845983
1781773184.3966002,68.40385176215156,-513.7893040439827,24.371857041505827
1781773184.4188418,69.87931482237488,-491.3201881268051,23.956276389205158
1781773184.441004,70.68336412951525,-468.8199694350998,23.57948830907126
1781773184.4743507,72.01472872614862,-436.16126889426096,23.467982036414305
1781773184.5076027,74.29062155750408,-403.99921843774723,23.493826111133156
1781773184.5528076,-562.7452652727737,-190.4067419535963,-687.6639523710497
1781773184.5860622,-547.0583064116514,-140.6973353831193,-686.3207397044957
1781773184.607972,-537.0814060567811,-123.07240111020614,-692.9569446759845
1781773184.641276,-527.3832277235327,-110.92616286644714,-694.2645485258081
1781773184.6747098,-521.4806523215814,-102.72412811791973,-691.3803044394134
1781773184.7082062,-517.1857904915144,-99.30837517330782,-692.4798450882813
1781773184.741428,-515.2770847936538,-96.75081431144953,-693.6772817587113
1781773184.7591033,-515.3552838203452,-96.48511848575244,-693.4658047208209
1781773184.7750676,-515.4097378469081,-96.15453993243655,-693.2988098673874
1781773184.792068,-515.4040054529665,-95.98231822695851,-693.0090404220089
1781773184.8082523,-515.3484954713572,-95.87942910268663,-692.5339147003064
1781773184.8304532,-515.0203825135031,-95.72683060668027,-691.8820660709216
1781773184.8644197,-514.72737101424,-95.15056919509986,-690.7902939327123
1781773184.88022,-514.4714914288517,-94.97986694246566,-690.2357457719959
1781773184.8971655,-514.3280708284071,-94.88052343894857,-689.4268204250953
1781773184.9141223,-514.1781749058276,-94.60680191171383,-688.5735459078431
1781773184.941352,-513.6646819732904,-93.95469707684454,-687.8368354263731
1781773184.9750195,-510.1435970884522,-91.51593747567689,-687.316694083695
1781773184.992008,-509.9598233277359,-91.0695718972644,-686.5359214346089
1781773185.0137234,-510.1298155572405,-90.76047286202032,-684.827071318122
1781773185.0364795,-286.8572400478105,18.87117550737801,-630.7526900941289
1781773185.0529182,-257.94049652904715,59.055554195895915,-649.7169426100448
1781773185.0691993,-226.69840500102148,101.00817591015236,-665.896827832021
1781773185.086077,-194.80193139306465,141.49178705642154,-677.4813698136329
1781773185.1080792,-152.28265598865713,189.8748328499392,-685.0361721550889
1781773185.1419532,-103.80786985961439,253.37432598831964,-680.5098804162068
1781773185.1819396,-77.3460181192616,298.824249649878,-682.6887162807152
1781773185.2312162,-91.6957270285837,311.7062272976829,-693.1507701779857
1781773185.253072,-83.42285400030441,319.1880186143416,-691.154277190569
1781773185.2749548,-79.47835933691783,321.9776801355485,-690.6307221930286
1781773185.2916396,-75.62852179379392,322.92738007702013,-691.8597156439992
1781773185.3079436,-74.05919318409303,323.64466114713895,-691.6905470458132
1781773185.324672,-73.27063593244199,324.1247665474601,-691.7664486170219
1781773185.3529701,-72.18673202110885,325.1104568523971,-691.8538128221046
1781773185.3692598,-72.06314310787376,325.87500415097776,-691.7192032982946
1781773185.385659,-72.3141741660025,326.6186227226718,-691.5608083924197
1781773185.403239,-72.33136054487854,326.8551238976888,-691.5641868863333
1781773185.4191337,-72.37091913474313,326.9626104469815,-691.6066612516963
1781773185.4358203,-72.44950977571061,327.1310247272913,-691.7039971411174
1781773185.4580839,-72.45485985681313,327.26875818971286,-691.8177798477421
1781773185.4749262,-72.37315976884928,327.3734582214623,-691.9639204757514
1781773185.4919794,-72.21906846951761,327.55241651319056,-692.0080967407416
1781773185.5082264,-72.25858744600647,327.9713581972261,-691.9766502714709
1781773185.5250728,-72.19432211985013,328.10773909409374,-691.9392789353922
1781773185.5470054,-293.65713102094605,313.1234758314022,-511.73504782920185
1781773185.5647364,-273.12294828358245,345.10062437174736,-525.9540797572434
1781773185.580306,-249.93966417838746,378.11621921168444,-542.066440638093
1781773185.5971792,-222.6958110188597,410.7253693980144,-559.7137003511972
1781773185.6140358,-191.2681911650035,442.874647914624,-577.3704735352803
1781773185.6360354,-142.0368429998022,483.02847521388105,-601.4576010835331
1781773185.6691763,-54.08491843698224,533.1937870742984,-634.4241057312995
1781773185.6859996,-7.202070631724242,551.4262454297692,-646.3973862917452
1781773185.703092,46.01390185045924,565.6262102075506,-658.1632924192866
1781773185.725847,115.41679491002249,577.3175686104752,-667.7828552136367
1781773185.7471216,190.8455038407291,581.4759928616463,-674.9308584190777
1781773185.7692673,264.5326106527462,579.6792216970791,-677.8426427956517
1781773185.8031733,361.9215414648201,565.8119948637437,-674.14066315399
1781773185.819289,409.02345386367534,554.2004877680055,-672.5508919418476
1781773185.8357413,445.35519949192883,542.8751644005113,-669.3769757596389
1781773185.853309,472.84128764586325,533.0754562203788,-667.3313066525416
1781773185.8691988,501.3556792449891,518.614042242321,-669.0745963579247
1781773185.8912883,527.7474801503173,497.93218420789185,-674.1967795162489
1781773185.9251235,548.3155855779543,470.4455928175335,-680.5247634547201
1781773185.941465,555.7866184315291,463.46344228613947,-681.932853992389
1781773185.959162,563.8236274014783,462.4333416548846,-680.4777552650606
1781773185.9751878,568.0161440303964,462.4418640551483,-679.2676988898177
1781773185.9917676,571.4697957017645,462.2137613060928,-679.2586024203813
1781773186.008305,574.5352163015913,461.92073127520536,-679.6830339317463
1781773186.030347,575.7710737716781,462.2773781437807,-679.9190488886105
1781773186.047883,576.8396651773364,462.2391235918996,-680.2162434063233
1781773186.0639744,577.7263595233597,461.97603879468096,-680.3365175842082
1781773186.0802767,578.6536467183594,461.8712711634207,-680.4962968821302
1781773186.1029673,579.68220911241,461.899493348023,-680.678911963929
1781773186.141856,584.1947030455873,460.9400054154886,-681.3064283484208
1781773186.1582828,585.0730190940968,461.0110369652553,-681.1467189983267
1781773186.1802018,590.1981308853805,459.50467054437473,-682.4660787633427
1781773186.2323244,609.7019321886105,455.15541976531347,-688.4724577221831
1781773186.254344,610.0990024228959,455.15749787033155,-687.7793375042008
1781773186.2871723,610.4619820729474,454.8634974816209,-686.6448733805872
1781773186.3089788,610.3174648620254,454.1489525993899,-685.0882185976409
1781773186.3308575,611.4689301391663,454.0179114936314,-683.9028541978292
1781773186.3528645,610.9164295849497,453.7603645018151,-681.1658105765914
1781773186.3858187,612.1128517390774,453.7095860949757,-678.379047853607
1781773186.402815,612.596070304261,453.91559800386557,-676.7779663506137
1781773186.4245822,613.661857923701,454.800981203345,-673.6999741757504
1781773186.4582164,615.88175904867,457.3402523796803,-666.069072363299
1781773186.4751105,617.1395043461513,459.7993793289545,-660.4013327299334
1781773186.4922526,620.0359156031114,462.2081015468139,-653.4624455662424
1781773186.5094829,624.3345672191604,464.18599662530903,-644.726700422158
1781773186.530331,1223.8586469115655,437.05206955528286,-672.5861523706204
1781773186.553194,1228.3980074223534,437.16665548390836,-671.71959815983
1781773186.5692637,1230.3113626997279,437.7354840830954,-671.5515121492067
1781773186.5930517,1232.4473915969609,438.47966104849013,-671.8166373960242
1781773186.6136386,1233.915962843513,439.09701996792205,-672.1104625127816
1781773186.6475728,1235.51470555791,439.85852641527504,-672.5567449247874
1781773186.6640239,1236.2363755333527,439.0183524333133,-672.8334252386315
1781773186.680089,1237.7191225970946,441.24523571997827,-672.9614668498771
1781773186.685933,1238.4771240722346,442.0596841025356,-672.7323205010055
1781773187.0413318,1818.0853208139124,563.3652036798335,-671.9241466468703
1781773187.0581553,1832.8274608940003,559.0400262603065,-676.6270595294419
1781773187.0752184,1838.177595337013,556.1126647088004,-679.6877434471555
1781773187.0983357,1846.85968183603,552.378344460937,-681.0182071407456
1781773187.1138768,1855.816850391987,549.3140450100605,-679.1985696155101
1781773187.1302466,1862.0350281905442,548.4644475008041,-677.4817550427045
1781773187.1468544,1865.5390714070975,548.0154127221472,-676.4924685586469
1781773187.1639445,1867.3302008899557,547.394060143652,-675.9869707839232
1781773187.1859229,1868.2227346577497,546.719968410609,-675.5787346715364
1781773187.2190292,1869.040703605525,546.4879337702822,-675.6155156404081
1781773187.2358482,1869.1622783690875,546.5154054064731,-675.7206528162103
1781773187.2529016,1869.4233186334138,546.4851050171386,-675.5496238548842
1781773187.269209,1869.5868437324823,546.4340770373587,-675.4456947516255
1781773187.2861998,1869.799756972786,546.3395048304318,-675.3698237582312
1781773187.30828,1870.0157703985678,546.1531287300198,-674.9914266984898
1781773187.341478,1870.310187513839,546.1589224018675,-674.22896440997
1781773187.359731,1870.4642868856936,546.0638165009891,-674.1145088905612
1781773187.391597,1870.7659294054508,546.1700543548554,-673.6570812870937
1781773187.4251559,1870.9711166205748,546.021464783489,-673.2601121813609
1781773187.4419556,1871.1014108851725,545.851258348917,-673.2746524244993
1781773187.4606907,1871.1205405586893,545.7761322651759,-673.0266823686761
1781773187.496785,1871.4335934418125,545.2191157026475,-672.7743485582507
1781773189.5581899,3270.7486263788755,-968.2949090174874,-656.2110696971712
1781773189.591037,3265.336364737497,-985.8047679194348,-658.6271444796711
1781773189.6243892,3263.4724865041517,-997.0397430007181,-656.5289652478232
1781773189.65775,3260.790378599889,-1000.4589254887114,-657.0049965469543
1781773189.6910646,3258.36544858004,-1003.3757234328788,-656.955193739672
1781773189.7243588,3257.915084671521,-1004.1826661144465,-656.0362469801471
1781773189.7579432,3257.365004734332,-1004.4396594302917,-654.5543247415559
1781773189.7911777,3256.495092215336,-1004.9938695242896,-653.5035314060437
1781773189.8133068,3255.932421690559,-1005.2684327327879,-652.5865285214032
1781773189.846675,3254.8327778525527,-1005.997832782268,-650.907024014184
1781773189.8688715,3254.1016146168627,-1006.4844279683981,-649.2895073823901
1781773189.8910315,3253.474160808593,-1007.2357450866856,-647.1430679826243
1781773189.9243257,3253.3949829583908,-1008.8094288572272,-643.5923482027592
1781773189.9580848,3252.7808452094414,-1011.1416765922935,-637.5435549202949
1781773189.9910512,3251.7715562854664,-1016.636620492652,-625.4182269754266
1781773190.0244865,3125.7307278793546,-1236.1444675290231,-641.8700374642449
1781773190.0579321,3124.8496867944486,-1238.9003096859983,-642.5722495955753
1781773190.0910804,3124.5329441621516,-1239.7427027436909,-642.4588744547314
1781773190.1243582,3124.333413643908,-1240.2857254341689,-642.1090133569537
1781773190.1689835,3124.7576264679647,-1241.6918934210953,-641.8153403465072
1781773190.202138,3125.9651440780754,-1244.4664674361823,-644.3461714859868
1781773190.235791,3125.9694448718988,-1247.44179647323,-647.6640736258635
1781773190.2689848,3126.079429363191,-1247.560039940528,-647.8866148485787
1781773190.3018131,3126.102700146871,-1247.4961139432635,-648.3700277495712
1781773190.3357189,3126.116524226205,-1247.1681600968634,-649.1870107142979
1781773190.3689072,3126.007325248757,-1247.2109635617562,-649.6340486837254
1781773190.40269,3125.842898674675,-1247.3217199202536,-649.884042534703
1781773190.43578,3125.7373981987225,-1247.4656219498202,-649.955112011554
1781773190.4687867,3125.5779460791864,-1247.4030418684486,-649.7943145896011
1781773190.502088,3125.598829266669,-1247.458471451482,-649.503115887779
1781773190.5473297,3490.100091719648,-1630.1987227393029,-644.5806411938032
1781773190.5800526,3491.508151856047,-1631.5966779532207,-645.9447400414148
1781773190.6023643,3491.972729877684,-1631.6275164605345,-646.039723037141
1781773190.6358347,3492.194274890612,-1631.4652230835597,-646.0352016381312
1781773190.6584005,3492.3244924749324,-1631.4009596023584,-646.0108905315258
1781773190.680002,3492.495946422852,-1631.3901898938755,-646.0966766884065
1781773190.7136514,3492.7248451616565,-1631.2578564725552,-646.1945555585818
1781773190.7468889,3492.941584423073,-1631.130460570081,-646.3345983941016
1781773190.7799406,3493.2879225015977,-1631.0395138808592,-646.3649815765681
1781773190.8137126,3493.680441514829,-1631.1346222877658,-646.5438036882258
1781773190.846722,3494.7002512418326,-1631.24441947911,-646.112520950244
1781773190.8691385,3494.9119871572243,-1631.2541626243033,-646.3764845930124
1781773190.8941414,3495.1483190841886,-1631.3606461494026,-646.7405627473653
1781773190.9300938,3495.3570632456726,-1631.5676578353575,-647.223107730342
1781773190.9448748,3495.5251702156615,-1631.6174247818474,-647.1843453983842
1781773190.968968,3495.530141422302,-1631.6113502700316,-647.2635477909494
1781773191.0024858,3495.6501172092676,-1631.6248173574215,-647.204819686627
1781773191.0354502,3505.083769510461,-1266.8658358788641,-593.9595844113443
1781773191.0692031,3504.129891861742,-1271.944346917907,-596.3696688808659
1781773191.1023135,3504.4036451604197,-1273.4194714505325,-597.472436753814
1781773191.135767,3504.7209922373704,-1273.256084970901,-597.6588806180126
1781773191.1689687,3504.656738011786,-1273.062809382529,-597.4989530417994
1781773191.2021205,3504.2452706099684,-1273.1974765266789,-597.2539077705521
1781773191.2359464,3503.732348512273,-1273.611899380505,-597.1829411416934
1781773191.269176,3503.504035742979,-1274.0144631203545,-596.982980456307
1781773191.2916362,3503.3882020218907,-1274.1356727012258,-596.6499441428313
1781773191.3237765,3502.9816925961754,-1274.1037820599495,-596.3186160454743
1781773191.3578084,3502.1805069567854,-1273.8045698138123,-595.7202545003447
1781773191.3911328,3501.599658682975,-1273.6533128793906,-594.2595332635673
1781773191.423722,3500.769862712802,-1273.1827633371806,-593.3978860807222
1781773191.4563236,3500.0201244767163,-1272.9911186302472,-592.2962136886272
1781773191.491065,3499.3967630440275,-1273.0429412990686,-590.842403024916
1781773191.535519,3422.8868444607638,-1293.756259610345,143.12502930388405
1781773191.5911658,3421.6700472282523,-1294.8952003284053,144.54953688772022
1781773191.635557,3421.466947894149,-1295.8442388390372,145.8908937456089
1781773191.6578557,3421.0987923286953,-1296.0839225949148,146.25137386723804
1781773191.691111,3419.552180763583,-1296.050518266966,146.56405466781945
1781773191.7244825,3416.905348771533,-1295.4969156672619,146.71831411044096
1781773191.7582338,3413.0365266386125,-1294.6666745421714,147.37921260308647
1781773191.7910354,3407.9477786749353,-1293.2676728787917,148.44535298245327
1781773191.8251185,3400.9172284546985,-1291.2906547681139,149.54613213347278
1781773191.8579378,3395.389541280396,-1286.731125437516,150.48517061057032
1781773191.8909957,3389.5537140876318,-1278.259828198351,152.34797112847673
1781773191.924858,3382.707135357434,-1264.2313498637504,155.53687094650547
1781773191.9580443,3374.0318687611975,-1246.350039834082,159.07813775052168
1781773191.9912746,3364.7161638715343,-1226.8902293641618,163.33008093401966
1781773192.024076,3357.9878739231144,-1208.3438742290252,167.93806430204492
1781773192.0577576,3354.4533394556893,-1191.2164593432171,171.4097684074662
1781773192.1027675,3353.015965379672,-1170.8075211054138,173.36327118670272
1781773192.1358807,3354.1720266012317,-1156.3767321928747,171.77625885436976
1781773192.168981,3356.916142742195,-1141.9733945009998,167.46273734730383
1781773192.1911285,3359.21409086099,-1132.3251545889364,163.26432280377108
1781773192.2133617,3361.918752489206,-1122.662695398713,158.43075594585306
1781773192.2463686,3366.2829143109093,-1107.6643086360295,150.24317715360868
1781773192.2793045,3369.519721393141,-1090.9327355474882,140.37318552670425
1781773192.3021271,3371.307312668408,-1078.7096717830009,133.0068777095709
1781773192.3347719,3373.214034285862,-1059.4842482281392,121.54486581026678
1781773192.3686726,3373.62074786695,-1037.638951116369,108.48802827300523
1781773192.3867316,3373.361391819575,-1025.8556514698885,101.18793372656212
1781773192.4191852,3372.4957994978486,-1001.2012689366776,85.31486221675223
1781773192.4522762,3370.3090635353774,-976.7547631691913,67.38197994295196
1781773192.486078,3365.7921357373443,-952.8682176681596,49.477589834354276
1781773192.509705,3362.177486386271,-937.8934969324408,38.97257946015916
1781773192.5418124,3355.3031906249844,-914.4294317680444,27.015164035099446
1781773192.5674653,3348.7779717386907,-893.7028785013491,21.039051024680006
1781773192.6023653,3343.1705394330097,-867.4783150250819,16.79294599900976
1781773192.6361241,3334.975795424716,-841.1184718067116,14.544299051483963
1781773192.6693885,3329.4484314439505,-813.8262535237207,14.980842293074073
1781773192.703382,3321.1279723962466,-786.9441494945488,17.362496373732444
1781773192.7290053,3312.108425797546,-764.8075773778486,19.925096044647816
1781773192.745206,3305.549910785891,-751.7300017630183,21.741549605476123
1781773192.776572,3291.354666713263,-729.7700727007409,23.655815144897378
1781773192.8089824,3270.8286755645595,-704.7836140917341,24.100990577326613
1781773192.8426468,3249.40040658673,-681.6678004701388,22.017045361343495
1781773192.8636198,3233.538069365902,-666.925242038213,18.060576800659383
1781773192.885599,3218.285032720678,-652.7728156913931,12.419935569316506
1781773192.9215918,3191.996870327487,-628.3512463843272,-1.3227815349467413
1781773192.9475255,3176.8130130371205,-615.4309254959132,-12.299426202310833
1781773192.968932,3162.4364268052036,-602.3501255457509,-24.784857164934404
1781773193.008322,3139.383478654397,-580.78973691864,-49.30223655860943
1781773193.051504,3115.6506080660142,-558.400035422524,-77.35491227168004
1781773193.0862584,3108.153638777742,-546.0520807042284,-92.4092977522612
1781773198.0309741,-127.1569083110159,-4287.068797511703,-4458.30158646588
1781773198.0640087,-127.02697865693732,-4287.12328711875,-4458.445174111313
1781773198.0905561,-127.13963573843465,-4287.086794064285,-4458.339032013458
1781773198.1120274,-127.07132986370763,-4287.3120439673685,-4458.46530071909
1781773198.1343274,-126.86135782233664,-4287.816470887595,-4459.002080200685
1781773198.1673534,-127.14675968775809,-4287.304956314514,-4458.309626456638
1781773198.190697,-127.34007502291206,-4286.883105023158,-4457.878621764481
1781773198.2237937,-127.09359720361783,-4287.221136535476,-4458.553604781756
1781773198.2571533,-126.89518694552503,-4287.504803153174,-4458.81436873006
1781773198.2908626,-127.20088500875816,-4286.953247493733,-4458.053968536488
1781773198.3138266,-127.090197367999,-4287.2092576486275,-4458.534598088044
1781773198.3470745,-126.75332196142637,-4287.9807606865825,-4459.005407807406
1781773198.3800685,-127.24508015913887,-4287.084173542717,-4457.9471672603595
1781773198.413517,-127.3093813494947,-4286.855473087427,-4457.923377068699
1781773198.4470284,-126.71019689208144,-4287.736906041096,-4459.306551261745
1781773198.4801989,-126.9401753390544,-4287.528848579883,-4459.00139622765
1781773198.5139306,-127.26143908083436,-4287.089040206332,-4458.036099619522
1781773198.5471394,-126.90966329757694,-4287.664880411312,-4458.6710427834105
1781773198.5697484,-126.9023889012871,-4287.654278177758,-4458.982150240481
1781773198.5841844,-127.28652024667196,-4287.096292963906,-4458.04988380963
1781773198.608322,-127.19805524158525,-4287.148927206845,-4458.2756489196645
1781773198.6345055,-126.83368130220713,-4287.806214178063,-4458.923443678384
1781773198.6579516,-126.87325836079626,-4287.3723953766375,-4458.71853466029
1781773198.6803334,-127.12167526541985,-4287.060746554517,-4458.490983759449
1781773198.7025657,-127.43392670297476,-4286.481644825351,-4457.427996615003
1781773198.7251842,-127.05321056937228,-4287.106271689654,-4458.669355065058
1781773198.7580092,-126.76388211758852,-4287.839132713208,-4459.1202788074115
1781773198.7917688,-127.24628802227879,-4287.2427592617005,-4458.040991039455
1781773198.8248796,-127.01935420277347,-4287.5190958346475,-4458.438075720384
1781773198.8582044,-127.0231962477372,-4287.285607613883,-4458.391407842094
1781773198.8915915,-127.35988608693307,-4286.560202611159,-4458.095156444165
1781773198.9251437,-126.94590028215308,-4287.391061830395,-4458.778269280142
1781773198.9584775,-127.00567476090549,-4287.387508791102,-4458.602000265431
1781773198.9808557,-127.03942084125563,-4287.472454387246,-4458.560899853575
1781773199.0143209,-127.18654939435606,-4287.339466042963,-4458.29476614061
1781773199.0478609,-126.79703429153564,-4287.870263769798,-4459.0306690403495
1781773199.0694654,-127.02067831762973,-4287.374380063721,-4458.596259098351
1781773199.102554,-127.27924401358383,-4286.844640340239,-4457.938043581572
1781773199.136018,-126.85307202247625,-4287.5806158274845,-4458.899476980438
1781773199.1692033,-126.93996568218795,-4287.529891029919,-4458.747952813069
1781773199.203059,-127.2238822730562,-4287.210591837755,-4458.022212287209
1781773199.2361114,-126.82775113779502,-4287.7693390371305,-4458.932572264522
1781773199.2692165,-127.04937241493728,-4287.198935311582,-4458.682145383611
1781773199.3025148,-127.26722230911118,-4286.87874297344,-4458.160377156999
1781773199.3250103,-127.09293105964065,-4287.194175714072,-4458.305170788778
1781773199.3580961,-126.9162737140913,-4287.535501646084,-4458.719585978251
1781773199.3803759,-127.01636458719344,-4287.494095915688,-4458.705590822786
1781773199.4139473,-127.00736401294469,-4287.578029833951,-4458.757067484712
1781773199.447263,-126.89440318346415,-4287.72756253734,-4458.698471098682
1781773199.480661,-127.26629895508067,-4287.087898042443,-4458.014998690128
1781773199.5141056,-126.94769662538248,-4287.367660721526,-4458.633404512825
1781773199.5468771,2918.0058975200154,-1364.15405091289,91.21690215727848
1781773199.5808723,2932.985497427519,-1344.2898944458461,90.16581579695884
1781773199.6141691,2931.072338474585,-1324.7497461702535,90.04510732548835
1781773199.6471407,2920.4342241238437,-1306.143407174152,93.64372605621833
1781773199.680371,2902.0492462118473,-1287.7013791346012,99.4190679546584
1781773199.702792,2887.9563924490476,-1275.8022999217917,103.01607813376171
1781773199.7358954,2864.4435218395724,-1258.1674002909813,106.56047060951843
1781773199.7692263,2838.0374809230193,-1242.0715058407645,109.83061150815242
1781773199.802591,2810.6115737432892,-1226.1019595974276,110.27898708926708
1781773199.8360295,2782.761571818857,-1210.0414152395672,109.32062484646184
1781773199.869432,2756.621057955866,-1195.2694557516693,105.59121209589455
1781773199.9028816,2734.677924121336,-1180.136798561832,98.67033347230092
1781773199.9359512,2712.4566178089376,-1168.4149932224311,90.03343817473421
1781773199.9692144,2694.997201149182,-1157.4959713125688,83.92057782462021
1781773200.0025132,2681.0613124721485,-1147.1537053474403,78.58528184926767
1781773200.0362704,2668.9342584844353,-1136.0443911655075,71.75948460310644
1781773200.0581448,2661.198161632906,-1128.0273493086006,66.35027727763557
1781773200.0803895,2653.7080745443473,-1119.386525946602,60.14692323094084
1781773200.113496,2644.6978362851946,-1106.2511147285677,56.617178707326545
1781773200.148407,2636.9058973075744,-1094.3154193438475,54.65583509690965
1781773200.1802576,2632.259377313356,-1084.0807729104583,52.967934961095814
1781773200.2138438,2631.4709004562874,-1074.9469582894574,52.06052887350117
1781773200.2469394,2631.821080118713,-1068.4891200511893,50.95969890311728
1781773200.2802646,2632.8190586611368,-1061.92774798168,50.586145877124956
1781773200.3137627,2634.6641730115934,-1055.1650482784155,50.369781394550934
1781773200.347066,2635.779404386846,-1048.5830705385956,50.09953844213417
1781773200.3802617,2637.196030569335,-1043.2883659712688,49.656159813883704
1781773200.4136934,2639.977821659769,-1037.1006454124326,49.54132353877471
1781773200.447091,2641.5607438608504,-1029.025145947829,49.86787835368679
1781773200.4693315,2643.4076436304795,-1024.8995608604246,50.16075723718534
1781773200.5024695,2646.638985111741,-1018.990180128771,50.61587439103152
1781773200.535982,3297.6162137669717,-801.0361497676065,-580.4015871159997
1781773200.5588033,3289.1197954422405,-782.5805025348342,-595.859128381634
1781773200.5913992,3282.457861243168,-761.5801059768095,-620.3829806657918
1781773200.6250596,3278.8249440327936,-748.0661904772387,-644.66041185016
1781773200.6566486,3278.735384045206,-742.917289406226,-656.5027541110128
1781773200.6924183,3280.832753829572,-742.4717266500376,-658.2309428165189
1781773200.7236326,3281.8562247901564,-743.2480962040843,-658.7044902190324
1781773200.7509427,3281.0851910734923,-742.9993955019927,-658.6220919127288
1781773200.7748923,3280.732903187598,-742.8629539342768,-658.515445858601
1781773200.8081176,3280.617771424035,-742.8746784849312,-658.7730414959709
1781773200.839442,3280.452269928163,-742.8186996322703,-659.2221153149059
1781773200.873564,3280.30196045184,-742.7720690357602,-659.4776225153608
1781773200.896313,3280.1791135279495,-742.7363175355815,-659.6867899356158
1781773200.9192214,3279.9511734730995,-742.7538513673072,-659.7229813132468
1781773200.9528556,3279.5169435259736,-742.6044187401633,-659.4176046521017
1781773200.986361,3279.3300911029282,-742.5177439027766,-659.3505967589938
1781773201.0200698,3279.1021595608013,-742.3202114446725,-659.2661138682397
1781773201.0532584,2738.8784982717702,-1345.3494250468543,98.55053344485547
1781773201.0750918,2735.9407168261982,-1363.2242878629456,97.54210957150163
1781773201.1083174,2731.4804002378214,-1387.9273564683403,95.63469429078488
1781773201.1416554,2728.133763797881,-1409.9984503647738,92.68603362248491
1781773201.1750793,2725.6374797834446,-1428.163166477601,88.72530812012114
1781773201.2195015,2723.0160178894243,-1447.8116087992253,84.41461423215296
1781773201.2530677,2722.2431871642775,-1458.745432965033,82.0479783743698
1781773201.2863624,2722.540257183267,-1466.7642810175907,79.28057580418734
1781773201.3193278,2722.5776272717735,-1471.3092795402463,77.37871161202226
1781773201.3525183,2722.845381873511,-1473.1152052663429,77.55058958772574
1781773201.3858607,2723.7610646443854,-1475.0112685764368,77.70435504724728
1781773201.419384,2724.325199923164,-1476.5990947532778,77.15859517484893
1781773201.4526255,2724.1711963364887,-1476.568074256689,74.83985550064499
1781773201.485927,2723.670318326398,-1476.8101411055754,73.88006158836676
1781773201.5190623,2723.5635461335,-1477.2680361169912,73.27409325827523
1781773201.5524986,2723.9459390251914,-1477.5833313293888,72.3473679665849
1781773201.574711,2724.143330648691,-1477.5847633301466,71.75115745064322
1781773201.5973828,2724.286880438137,-1477.5889592274275,71.76585302884244
1781773201.630136,2724.267001642701,-1477.471326469991,71.88383398035702
1781773201.664076,2723.693519641322,-1477.0334663927233,71.3778681237245
1781773201.6969578,2723.376886896961,-1476.3515837854247,70.54461299923453
1781773201.7302985,2723.4665458342556,-1475.836069530278,70.22406883581606
1781773201.7639384,2723.393694137362,-1475.334084845123,69.42644931017645
1781773201.797261,2722.7647268590035,-1474.7497168334073,68.51440614189664
1781773201.8302984,2721.2275574495097,-1474.5462384055704,68.37427341716533
1781773201.8637333,2720.3648065268458,-1474.6784245054303,68.16935006535738
1781773201.8970962,2719.7934801499277,-1474.8007215586317,67.44342074802927
1781773201.919188,2719.6563278179074,-1475.1038457152429,67.29772322782468
1781773201.9415395,2719.53453865176,-1475.4924469149219,67.16138636862551
1781773201.9860864,2718.965302505912,-1476.615025327878,67.07418425795504
1781773202.0191705,2718.4249638332044,-1477.384566849112,66.49685265897699
1781773202.0526905,2717.941181187335,-1478.12960215057,65.7332887186359
1781773202.0738459,2717.752762617372,-1478.746059750053,65.09459488193426
1781773202.1075144,2717.9046432455343,-1479.3970294601215,64.00272047740039
1781773202.141019,2718.0057916861597,-1479.7941797740598,63.612618157522505
1781773202.175371,2718.047984907656,-1480.0158319520635,63.64018449195653
1781773202.2082345,2718.1917390299636,-1479.8587709490398,63.38788747890277
1781773202.2414684,2717.973038417115,-1479.4321859041756,62.93031111982089
1781773202.2732632,2717.542212803417,-1479.234005708614,62.74016964240488
1781773202.2970266,2717.3655174023356,-1479.1847607518898,62.664627828934115
1781773202.3293447,2717.161705143561,-1479.3217459420168,62.75585112920348
1781773202.3536813,2717.015620542092,-1479.33316051049,62.792292881245515
1781773202.3760865,2716.8200120355987,-1479.3456461345002,62.62328817293744
1781773202.4080105,2716.634181523691,-1479.4017835432148,62.50060782581551
1781773202.4311879,2716.68064507285,-1479.5812290228025,62.49528126777387
1781773202.4530644,2716.7742513460826,-1479.7892732899074,62.61051096338492
1781773202.470116,2716.7296194877035,-1479.8464295774604,62.541098244169156
1781773202.4920743,2716.4889073496693,-1479.8208198813359,62.41112977277669
1781773202.5109415,2716.173264717685,-1479.7024422433572,62.32447150955591
1781773202.5472784,2715.952701627713,-1479.6027562016614,62.46434628724803
1781773202.5642128,2715.689154375281,-1479.2852053916738,62.35849457358404
1781773202.5935595,2715.0027051885786,-1478.9427116304796,62.37024885954022
1781773202.636694,2713.9293764827135,-1478.766632468332,62.721022229415745
1781773202.6586106,2713.3106395231584,-1478.9593248883848,62.735979917256245
1781773202.6750052,2712.621597844835,-1478.9893630734389,62.601938807106315
1781773202.697076,2712.239843062343,-1479.3624822180257,62.822838768140954
1781773202.713709,2711.985725386882,-1479.4622546366722,62.807156110157905
1781773202.7303917,2711.78239840028,-1479.5051068473754,62.77595675402985
1781773202.7476108,2711.589541614614,-1479.634955888914,62.86054534533554
1781773202.7641065,2711.398355680103,-1479.597868651346,62.86163167969918
1781773202.7923028,2711.504243087397,-1479.6587657953307,62.79515617295559
1781773202.8140504,2712.0963760537493,-1479.8793969372841,62.97550785722739
1781773202.83081,2712.4762741070303,-1480.0867093887248,63.11847426643758
1781773202.8472745,2712.8179231329655,-1480.3328170820373,63.39054252162529
1781773202.8692267,2713.279028103422,-1480.6874625070352,63.76125253114048
1781773202.9031527,2713.9995354749417,-1481.3569525337227,64.3565804926721
1781773202.9197989,2714.4226044225084,-1481.7682724995846,64.71814706481283
1781773202.9371235,2714.8081630340685,-1482.1818923520673,64.99686317877891
1781773202.9582434,2715.189750576357,-1482.7759831012709,65.2564131145918
1781773202.975036,2715.464160945661,-1483.2822316197003,65.46459212801216
1781773202.9919803,2715.6483380809445,-1483.5921141822375,65.61797568488842
1781773203.0155044,2715.9297505291424,-1484.0671619895209,65.88645977434757
1781773203.0530043,2716.328710140291,-1484.6035944369307,66.17809724037686
1781773203.0692534,2716.677889776333,-1484.8768836022496,66.40984389003631
1781773203.0915956,2717.083327374714,-1485.0746757090553,66.75631237853713
1781773203.125026,2717.5640236596614,-1485.1179335217112,66.88348588840124
1781773203.1582549,2718.085818082224,-1484.9599645615863,67.04440104823827
1781773203.1975694,2718.6274442363033,-1484.8021008225849,67.37444122901377
1781773203.2192671,2719.170011811811,-1484.7893839417134,67.76607051085146
1781773203.2525218,2719.566413198259,-1484.4248358636605,67.98869892648231
1781773203.2757704,2719.8646976224627,-1483.9136375972155,68.67982139336304
1781773203.2917664,2719.4702794841523,-1482.786355098083,69.71762272501977
1781773203.313781,2719.690995073906,-1480.9690039010472,73.54254244788139
1781773203.3470917,2720.073962694791,-1475.421524417544,83.1945383440173
1781773203.3640618,2719.942678996388,-1470.920378094073,89.02085163329062
1781773203.380904,2719.055284113344,-1465.0870391803949,95.1577471236238
1781773203.3970644,2718.1367362534365,-1457.897642840716,101.2875166444049
1781773203.4148324,2716.378058787222,-1449.5721574296613,107.00499710812673
1781773203.4360645,2712.5758476685874,-1435.8150851983398,112.4521669859417
1781773203.4697452,2706.168787313712,-1411.485253759327,118.5409036732418
1781773203.4862962,2702.072008754457,-1397.233429448578,119.34672291193202
1781773203.5082808,2695.583012229342,-1375.616300899829,117.85600799536918
1781773203.5420892,2698.512068451205,-1342.9005604801757,115.86377957876789
1781773203.5704818,2691.68886891523,-1309.549332865314,105.33755189492865
1781773203.592268,2685.979894094486,-1280.9649763203201,94.9862288007311
1781773203.6259449,2678.174216884388,-1238.318523204007,81.11896072573408
1781773203.6473475,2672.8786427861032,-1209.5449248060606,73.12860562963279
1781773203.6641097,2668.9316402009313,-1188.0094217716676,68.20719089593972
1781773203.6860583,2664.2684692383023,-1160.8130041219285,64.92763204780442
1781773203.7080634,2659.5071829070484,-1135.9864519868245,63.54558245600723
1781773203.7423193,2651.72328055085,-1101.9768654462068,63.26724875511183
1781773203.7642474,2646.995737547115,-1081.290220547805,63.05384560684288
1781773203.7860081,2643.1287386037966,-1062.1237287459676,62.22623342044997
1781773203.8192158,2637.2900407238812,-1036.663296277282,60.42143407806981
1781773203.8359938,2633.7769497227678,-1025.8494167279105,58.50260547515188
1781773203.858096,2628.6313814179784,-1013.139692896936,54.6885968826967
1781773203.8919506,2619.4461290179374,-995.3641040071336,49.35015554260548
1781773203.9142659,2611.26089000693,-983.0800133076156,47.99624179766716
1781773203.9307477,2605.2042710848996,-973.7498996919752,47.11714679965617
1781773203.9530137,2598.501979874351,-961.0069036280972,45.73710619025426
1781773203.9860477,2591.5836545843727,-942.7012584934009,44.09207736963153
1781773204.0082445,2590.8129975153206,-932.061694659032,43.33708777363826
1781773204.0531187,2591.811157792253,-913.7296960656907,41.71521797358092
1781773204.075177,2592.608029538474,-905.3895460616377,41.372796321742904
1781773204.1082048,2593.398763255756,-888.2798924986716,40.8241436390846
1781773204.1318588,2596.1664313786882,-876.7172049153643,40.33867479466625
1781773204.1470168,2598.9090158672907,-868.4992840455507,40.15726292495918
1781773204.169563,2603.1862100439153,-858.3103375564127,40.2488995378872
1781773204.1861458,2607.047306056657,-851.2648378795536,40.57575062337738
1781773204.2080212,2612.7465466585722,-842.5406184255422,40.676711031122515
1781773204.2251124,2617.101380239692,-835.7194661154314,40.70568782524418
1781773204.2415452,2620.7472858595556,-829.2297940815848,40.903040334469644
1781773204.2580721,2624.1130066547366,-822.414285454978,40.93397521229141
1781773204.2808807,2628.1822356817206,-813.0374429301108,41.263011607372086
1781773204.3141882,2630.5533627431873,-799.1169413779894,42.003027084697585
1781773204.3306382,2631.5873373166683,-792.8251954863885,42.744919528520924
1781773204.347148,2632.204881109945,-786.4921114405591,44.202323772038085
1781773204.3640552,2632.5249452301214,-780.4480563442755,46.49934527088444
1781773204.380304,2632.166327737453,-774.2555491877374,48.955234127019146
1781773204.3979235,2631.730791439948,-768.1986258468464,51.43131893282136
1781773204.4192896,2630.7374549441265,-760.1123709357713,54.476813205967495
1781773204.436353,2629.602273337323,-754.0536182460891,56.45184065649834
1781773204.4641018,2627.1728190767344,-743.541703101476,59.79724421701424
1781773204.4808865,2625.7281068908287,-737.1980672700004,61.829956593398194
1781773204.4972873,2624.140018894309,-730.9309452735318,63.22539110551337
1781773204.5191786,2621.7729357637395,-722.106759117505,64.45974893252377
1781773204.5583165,3027.053924237557,-395.7065059129929,-624.9919811587642
1781773204.5749176,3029.3867191753375,-390.3862195376656,-630.6640545532277
1781773204.604565,3034.0747626888324,-388.9823601733972,-640.8563557568181
1781773204.6657207,3043.2581958562505,-388.3328764789795,-657.5332665643083
1781773204.7155263,3043.1337904950556,-384.1076953393597,-661.5172192596716
1781773204.748421,3043.0752899412796,-382.7822640093762,-662.2959232069014
1781773204.7749417,3043.1695545131797,-381.92707130258765,-663.2468131958437
1781773204.8193688,3043.274926950849,-381.03353448574495,-663.9151495524009
1781773204.8526998,3043.2818361898894,-380.4807488461253,-664.1454381526192
1781773204.8862338,3043.114903382496,-380.00009354388374,-664.5165016103348
1781773204.9191613,3043.03856302857,-379.66566166597613,-664.6127711010037
1781773204.9417472,3043.0165334471103,-379.5028368996099,-664.6179299786255
1781773204.96382,3043.0563734934117,-379.4722972410775,-664.5663944662572
1781773204.9973855,3043.2029842555094,-379.34006553862355,-664.4299124518257
1781773205.0306628,2605.8925760934185,-543.7098071624383,48.8507577208311
1781773205.05331,2604.9157388727576,-535.0957299774705,50.50221697165766
1781773205.0862691,2603.6776325217584,-522.9731072300051,49.6078200298013
1781773205.108271,2602.7016586605587,-515.4800030037554,44.486423007206604
1781773205.1415355,2603.2073243550017,-505.4949362153741,46.84604663602533
1781773205.1752613,2604.5964684815203,-496.6962698285846,44.91773189973142
1781773205.2083302,2607.77755960055,-489.1116087856633,42.25065859722498
1781773205.24152,2616.0985625701474,-480.4897586324858,41.38014179617267
1781773205.2750328,2622.6052938637554,-474.5900339470241,42.297220164472805
1781773205.3084438,2626.557048446438,-471.9670879650781,43.53091157035689
1781773205.3311436,2628.8286088735626,-472.5468362557489,46.274136623770026
1781773205.3642063,2633.686879300123,-477.01234494770057,52.80878088536622
1781773205.3973706,2641.7785497103955,-489.8143310193296,60.946177235190895
1781773205.420017,2647.507028891406,-504.2295997203522,68.59162584621652
1781773205.4526339,2659.20395308222,-532.0134966791452,82.64974811221457
1781773205.4861336,2677.825638670722,-567.1665937928716,103.15685977566903
1781773205.5089002,2693.3667012914575,-589.8601905877042,116.46338608700518
1781773205.541924,2714.8900446292523,-625.5672313390354,143.5520039876881
1781773205.563648,2728.0769081894878,-649.0650535496045,164.93672208078982
1781773205.5976684,2748.8457513570725,-678.6752475896953,198.81235571489236
1781773205.6204326,2759.2789251828844,-697.2661463871599,224.275404551329
1781773205.652484,2772.9999544720495,-720.247043035633,260.79392657459977
1781773205.6859016,2784.497383081291,-737.2851760319119,293.64828771416336
1781773205.7305126,2794.6847082345475,-752.9012094865003,330.8246796984361
1781773205.7641423,2801.814748352843,-760.3294180944115,352.71516798618984
1781773205.7865157,2807.112907981418,-764.0333791591879,363.94362144560756
1781773205.8194442,2814.3837070822315,-767.0628223312252,376.39758139448986
1781773205.8638394,2817.752314930824,-763.8487848157035,380.96638691981246
1781773205.897092,2819.1935780391973,-761.6753404996958,380.32242805890536
1781773205.9193323,2819.7352864029904,-758.4405706185784,378.25294377191165
1781773205.9526107,2821.991534730008,-753.9406101476068,375.177359100366
1781773205.9859993,2824.414936105059,-749.694360074915,371.9376060012412
1781773206.020618,2827.0506226614784,-743.9939260371883,365.90628301977597
1781773206.0647125,2828.973672957293,-733.6813008021611,351.60048190746846
1781773206.1082873,2831.3592197035478,-723.8638180330091,332.63850431554613
1781773206.1528285,2833.0319973910596,-714.0679168885296,311.4992298661897
1781773206.1858988,2833.4059955220773,-706.838852639803,299.2858949988334
1781773206.2193322,2834.846263150297,-699.9178966392489,289.06624177392274
1781773206.2534728,2836.9846912644844,-693.0632111951853,280.2082534746846
1781773206.2862875,2838.3931591211776,-686.9931358329502,274.01963287513433
1781773206.3196042,2838.6511065810014,-683.0151686535331,272.3130545141928
1781773206.3418915,2837.1354575651067,-680.7580523738065,273.0006993344152
1781773206.37537,2831.0569813278425,-676.3385566981847,278.55621508433137
1781773206.4087625,2821.0779779874015,-674.0255082775503,291.2538457068495
1781773206.4310193,2814.510396210038,-673.6497951090706,304.4045900972688
1781773206.4642794,2804.4793250380135,-672.2511024655605,329.06421870487634
1781773206.4841042,2798.9551807773814,-671.7514066850669,346.32682201632014
1781773206.5073543,2794.5747154624064,-669.9349852272536,363.0390149056724
1781773206.5308082,2789.9864595611616,-667.7345427432729,378.96882309748815
1781773206.5643103,2784.8595903346154,-664.7122142873682,398.631201918929
1781773206.5970588,2781.481232582658,-662.3065256169857,411.5521038059142
1781773206.6304004,2778.3184451347597,-659.5270217862698,417.76995627157345
1781773206.6529593,2777.6075952451306,-658.4606120691601,419.11281426130193
1781773206.685854,2778.844988109165,-657.8216898252884,416.8286856993895
1781773206.7192998,2781.5993342940974,-657.687756633957,409.77083536656835
1781773206.7527382,2786.4302852325504,-658.2008608226968,400.65273036521967
1781773206.7755704,2791.554292725173,-659.0489203850507,395.301773879096
1781773206.8083835,2800.859645174645,-660.4603322596387,389.7155112932524
1781773206.8305511,2807.853585825043,-662.3563774851164,386.18828642775003
1781773206.864281,2818.075163645856,-666.1241755313226,379.6231231612008
1781773206.8974504,2824.844800768895,-667.6906484517913,372.87876042070525
1781773206.922541,2828.807537562337,-667.4731727635154,364.03509479273487
1781773206.9539719,2832.154755569506,-667.7380356211776,351.71683065175637
1781773206.9755769,2835.508883084694,-667.99078366103,341.16547188527824
1781773206.9972763,2840.0320497139746,-668.9078047408915,332.18818672260863
1781773207.0414393,2848.3731854892326,-670.7419520611749,311.8470955216991
1781773207.0747893,2852.9262174662504,-667.7906729535184,293.90639687123695
1781773207.108203,2860.7115960162405,-664.93337107052,277.83166606472224
1781773207.1415515,2866.855366320999,-662.6536454753151,264.31968096644465
1781773207.1754618,2871.387577425547,-661.4983992560764,252.03282370464697
1781773207.197059,2875.282037342141,-663.197415897218,243.94353975421677
1781773207.2309988,2880.7417107821398,-664.9709224147522,230.16837432198164
1781773207.2531846,2884.234385410201,-667.525684981774,220.56443582753718
1781773207.2865398,2890.1913116262904,-673.3844177733484,205.8031525461398
1781773207.3090982,2894.922502694963,-677.3115236285422,195.7406841725022
1781773207.341724,2903.5439050475547,-685.3339280430476,181.2163253869071
1781773207.364707,2909.192997523089,-692.4066053548133,172.78064312211558
1781773207.3863757,2916.9060422821626,-700.4402634718857,166.31844930521143
1781773207.419568,2930.7013784326873,-715.332408457663,163.72305091084468
1781773207.4528334,2943.539544479191,-737.2315050116492,167.3010014569906
1781773207.4761565,2951.0983455366672,-753.2002071608292,174.0571645605187
1781773207.5095289,2961.427438913326,-780.81576510326,191.99826197688063
1781773207.5422945,2969.949289226391,-809.6368699802408,219.97312709529524
1781773207.5649788,2974.402208573878,-828.8033939233806,245.59136774947498
1781773207.5982773,2977.999037416278,-854.2431720876881,292.40388542255357
1781773207.6193492,2979.29330374772,-869.724450184991,326.54204100635957
1781773207.6533344,2978.9924631162858,-888.2017048389894,377.96350005847756
1781773207.6860948,2975.9688873940613,-901.1709277527145,423.0729207772278
1781773207.719293,2970.221025935327,-911.4346308757184,457.91750960706065
1781773207.7641146,2961.4885928835497,-924.9598092246728,487.51972585395504
1781773207.7976243,2954.059062800386,-935.4749499292233,496.91118779895936
1781773207.8305397,2947.0647022119297,-946.4912439168776,496.57840366866947
1781773207.863982,2939.7112922566866,-956.1256450684338,484.56686064234145
1781773207.8860548,2934.4655644199024,-963.4823987097898,471.3004552984582
1781773207.9191844,2853.535863528906,-961.4448241952381,427.44709349926586
1781773207.9527647,2716.153496060455,-949.5463755988366,361.18680890826926
1781773207.9863937,2580.460905440407,-938.0318617867052,285.0123883987928
1781773208.019543,2445.4672745003577,-928.7749347591587,200.7195556532619
1781773208.0527546,2313.310484848539,-920.2766491642528,106.97759059573542
1781773208.076355,2226.5468643302547,-915.1227977121815,41.51589903655005
1781773208.1081657,2114.257038281198,-905.2064996559807,125.39813176466089
1781773208.1305869,2041.0497149422476,-899.3016858809592,173.88361064433548
1781773208.153784,1967.9839481131469,-893.1107616544685,216.9019035107424
1781773208.175501,1895.6705827896087,-887.3498382870191,255.2313656168959
1781773208.2083628,1788.6272826108157,-878.9247647338163,304.441451495871
1781773208.2303624,1717.4989799456616,-873.034262451497,329.9750306277892
1781773208.263954,1612.476973196973,-866.6967603433792,358.54251680026795
1781773208.2864218,1542.8396337204244,-861.8027219765822,371.14049373418686
1781773208.3196669,1438.8598887648282,-855.5543637671849,381.0952355781815
1781773208.352789,1336.3042525985759,-849.0617462944587,379.81220285489445
1781773208.3861945,1235.2980802983782,-845.0053448875773,366.90506640739954
1781773208.4194424,1134.732469326932,-840.6050428280456,343.9894820856389
1781773208.4529998,1035.11553346933,-837.004492222702,309.7602425427557
1781773208.4859245,936.6044787043719,-832.7951524257855,264.69608834031646
1781773208.5192554,839.892829467391,-829.9700937746254,208.5891501415838
1781773208.552665,744.8249686010677,-827.3385205919601,142.65219397990316
1781773208.5862195,650.6775414169034,-826.1298946807761,66.2296270815406
1781773208.6192617,564.4928380682813,-822.3997159958244,65.85891241234715
1781773208.6531358,485.4795500807728,-818.1500951310601,123.32430858805897
1781773208.6864016,407.3277971623387,-814.3859309607773,169.55504426911298
1781773208.7203827,329.8878888193082,-810.684792268845,202.51312099472534
1781773208.7524073,253.79385423288267,-807.5975488794743,225.488394621129
1781773208.7875335,164.54658667297886,-803.6230116242853,237.98298155398197
1781773208.819132,101.84779655157432,-801.9796953531398,237.17657374541972
1781773208.854489,16.443696016310927,-800.5641468325141,225.8246644353895
1781773208.877175,-21.85892118829571,-799.427810694718,218.5163469621245
1781773211.040275,1424.5089005489356,-726.8550123955273,266.3638536439628
1781773211.0738118,1540.2789336794647,-744.0287763891882,196.82099310265312
1781773211.0969043,1616.515088939304,-755.4239203279101,144.61329601321557
1781773211.1192029,1691.8691244009103,-767.1601988070358,87.81523065049406
1781773211.1529377,1797.7790991345198,-783.8272055304124,72.46603900730534
1781773211.1860452,1892.2707485944672,-799.1550283430597,146.63769824685986
1781773211.219183,1985.5142099941836,-814.7634486619298,208.17847177905708
1781773211.2528458,2078.539810568899,-831.3440397976422,258.773024341867
1781773211.2752366,2139.60215430398,-841.9834573383763,285.57228952158584
1781773211.2972782,2200.744843851549,-852.514580993351,307.1097537564985
1781773211.330395,2290.933700564112,-868.0215071211626,330.9952339355465
1781773211.3641324,2381.274539989198,-885.4215436070756,341.35057649282834
1781773211.395605,2470.540590728744,-902.3462804475727,341.3758521951506
1781773211.417896,2529.1217207602217,-912.7936520986702,335.7412294874406
1781773211.4517708,2586.1978355363576,-922.5705757790927,335.9557096585808
1781773211.4851046,2488.7021454432693,-888.2506659010448,423.37415181787503
1781773211.5191884,2392.228960465262,-855.2771606489147,499.0320109435083
1781773211.5509124,2297.2935674860664,-823.6401859405497,562.0312679606928
1781773211.5736194,2234.6590915322627,-801.8830037052118,598.6674828072295
1781773211.6073983,2141.9693043372986,-769.3177362045957,644.5140442865032
1781773211.6409042,2051.7862040049004,-736.7322580240927,678.6460130220718
1781773211.6640055,1991.3776742377859,-715.7209165256752,695.9050666538753
1781773211.6972754,1902.2473739592965,-683.8056926461032,712.507751394574
1781773211.719364,1843.3090383011959,-662.3274191845893,718.3592886226686
1781773211.752807,1756.1191585763793,-631.1028826349053,716.6364550454791
1781773211.7858884,1670.1802076519002,-598.9445133780451,705.2699542528168
1781773211.8193762,1584.6265001695274,-567.4691346464889,684.0562937599758
1781773211.852706,1500.3047297040196,-536.3543061922333,651.295736886701
1781773211.8760512,1444.5689686332892,-515.1575169504957,623.8224409340942
1781773211.9079816,1361.4445724825873,-483.66487618460343,574.6100572864349
1781773211.9413033,1279.724456376968,-452.3825773320258,514.6066986004483
1781773211.974998,1198.474912727934,-421.07235067211064,444.37784645935596
1781773212.008179,1118.3218537333469,-389.91189524924437,365.51655334664383
1781773212.053309,1012.6974333132189,-348.2360388325533,244.43754064108032
1781773212.0751698,960.7927124703921,-326.70819276588435,177.43017532355103
1781773212.1080678,882.5549884182362,-296.0335795195951,69.37604667817477
1781773212.1414616,815.1295740442839,-266.3159674078105,90.58995894077404
1781773212.175485,754.0453905088209,-239.48663231444607,176.52089235466735
1781773212.1978185,714.564479642803,-222.38191176883652,227.5283668202072
1781773212.2306385,654.265472390977,-195.83181864911725,294.91111929524345
1781773212.2644222,595.1662005384261,-168.03800405217225,350.49070454395496
1781773212.2910392,547.2557705335469,-145.88137879518288,387.46312146433917
1781773212.307594,518.2593111096129,-132.50792287047528,406.226696989137
1781773212.3397818,461.1647821617935,-106.62564064092574,436.15552771925724
1781773212.3638437,422.8769016955389,-88.9855565743867,450.0122056424071
1781773212.38618,384.9921194905001,-70.95779440465273,458.83114946133634
1781773212.4195538,329.73668185405387,-44.329063861365206,462.41010138430823
1781773212.4415693,294.1547573499824,-26.85567070982715,458.66653466440437
1781773212.464229,370.7777665438896,-48.63898642953137,477.8188747691988
1781773212.4970865,501.17209296204584,-87.59699989166573,499.80983078211614
1781773212.5193152,587.7969136706367,-112.4898835463331,508.55457436402196
1781773212.552758,716.4061623665542,-150.2622495253805,512.9086648655344
1781773212.5750377,801.2457298793372,-175.58486852881495,509.5179407128106
1781773212.6088035,926.8774027617287,-214.23403931914746,494.9907328572547
1781773212.6420293,1050.5087481481487,-252.81403129056972,469.6351331358393
1781773212.6637337,1132.3917012849004,-278.50939625798253,446.6451558861754
1781773212.6973493,1253.7235151898217,-316.7832191049474,403.1995104634624
1781773212.729918,1373.6897993875818,-355.39329906416646,349.1619169056839
1781773212.752167,1452.509819213196,-381.1944791744034,306.8889379674897
1781773212.7748,1530.1833544118497,-406.9710131477993,259.83953797229043
1781773212.7971656,1607.2196432609496,-432.69966029799775,209.01224896369658
1781773212.831016,1721.593298806779,-471.04164556736686,123.07455243493868
1781773212.8531396,1796.9847943229045,-496.6651412279301,60.50858818278963
1781773212.8863907,1897.7062047745978,-530.5509678062142,94.76311897149947
1781773212.9084241,1960.854656009632,-551.820702345792,143.69910573914453
1781773212.94206,2054.514558438377,-583.8688933415402,208.46161043430436
1781773212.9748998,2147.9637834748273,-616.3237481157959,260.31072841967574
1781773213.0088718,2239.972272492188,-648.4833347379066,300.44396709544003
1781773213.052663,2360.6338331471666,-690.4478762941909,335.5068594840401
1781773213.086471,2451.063984689564,-722.7414328245588,348.30074520451797
1781773213.1192505,2539.99870663793,-755.1039053457312,350.1650309569011
1781773213.1527662,2625.259920755368,-787.5147254342189,341.64354111545623
1781773213.1864548,2580.3983331197783,-780.610998570778,379.5221616817422
1781773213.2194493,2458.8916879722856,-753.6256244039645,439.0051142046592
1781773213.2428377,2378.7317971675525,-736.3310269058449,472.50144923175446
1781773213.2644877,2298.7483854247344,-719.1944831765647,500.52840086352325
1781773213.2973244,2179.978984053736,-693.7111270916382,534.080977245501
1781773213.3193157,2102.398014448403,-676.7505818714172,549.9948551073583
1781773213.3525321,1986.3641843176417,-651.9769189442495,564.0376065085893
1781773213.3837428,1871.544173655657,-627.4941227135693,566.9490339328177
1781773213.406987,1795.5544399428293,-611.1691915821992,563.0395709657088
1781773213.4410486,1682.0813478084585,-587.2391719597838,548.725431179053
1781773213.462614,1607.1690506283928,-571.9262328503561,533.3454944517467
1781773213.4965198,1495.8899039691023,-548.9598617400502,500.940593323474
1781773213.5295546,1385.7632003770457,-526.4795911087945,458.5647043291925
1781773213.5516047,1312.7725706101573,-511.8633425883283,424.628855157512
1781773213.5847003,1204.4285426194333,-490.2378855358891,365.86847326642186
1781773213.6191392,1097.3701996270524,-469.1700976729799,296.4104376721208
1781773213.6419072,1026.4074602176297,-455.0600966705705,243.82127434664545
1781773213.6752174,921.1635641649294,-434.26263695734485,157.71966437165725
1781773213.7064626,816.9092446665403,-413.17228819653315,62.14612746221997
1781773213.728843,751.3024237536165,-400.71269425031176,55.712681821063235
1781773213.7624009,660.1782914525527,-383.679958457153,135.80191988182725
1781773213.79583,570.12969540774,-366.4384173059396,204.65829013763098
1781773213.8309653,481.6068162899437,-350.50978958195066,260.68157657329573
1781773213.8642528,393.6267976657428,-334.7651801181034,306.58807854572467
1781773213.897353,306.76296079348117,-319.9633728764804,341.39260913351404
1781773213.9303038,221.42680249375428,-304.27469371928754,365.75159584317737
1781773213.9414284,220.94546328411786,-304.59698751409843,370.0151844797206
1781773216.0529637,2488.3652514986807,-940.5682955375466,295.1618117136886
1781773216.0861905,2603.3882866962267,-979.8486969377399,288.53909858005466
1781773216.119291,2716.4943248949844,-1019.2510141722859,269.96808983419623
1781773216.1416605,2722.137774200438,-1049.541161601788,267.88653096042964
1781773216.1753414,2662.7884048747574,-1095.6693339656213,273.19029778831134
1781773216.2082353,2596.859308879485,-1139.2656170555226,275.8082753363824
1781773216.2415507,2531.537219740386,-1183.4876620728962,267.7573733362015
1781773216.2752018,2467.4099905224857,-1227.5765934763995,249.39447555859516
1781773216.3083584,2404.0128888349864,-1271.0359283920911,218.91440839689716
1781773216.3310504,2362.622984364991,-1300.0513597441652,193.53569774400825
1781773216.3638244,2300.5576259354875,-1343.8321933036686,146.01066030892738
1781773216.3973606,2240.5932008745754,-1387.1104574816352,88.31985325950961
1781773216.4290237,2183.870950576548,-1426.4664740053233,70.47541672883153
1781773216.4631817,2129.9019651385056,-1458.7209974139198,124.00914022905467
1781773216.4969368,2077.291615638128,-1490.5272193353667,164.92781516756983
1781773216.5300388,2023.9866951160488,-1523.5869469920299,195.28354311739113
1781773216.5520275,1989.2507862373293,-1544.6056677154027,208.76565342721747
1781773216.5840533,1936.5493488242664,-1576.7947776496262,220.62944443616576
1781773216.6197178,1885.2806186167895,-1609.5655318264278,221.64327173965273
1781773216.6415098,1851.2895192611604,-1630.7115788508015,215.5182232081539
1781773216.6634867,1818.3930956805157,-1652.0998170135551,204.79497204144047
1781773216.6958864,1767.7004250929267,-1684.4975679391357,180.21863888071357
1781773216.7199366,1735.4061443433295,-1706.1666070685253,157.65070339823572
1781773216.7417338,1702.1946611121111,-1727.8502830842076,131.06593711247183
1781773216.7736452,1654.4002868626037,-1759.604558361787,80.91102792430289
1781773216.8071306,1606.6308146468496,-1791.2280662134892,20.70630113784527
1781773216.8419816,1561.0608234696203,-1822.8898481351162,-48.65137567113169
1781773216.8750248,1516.3907884423008,-1854.0060358781327,-129.62461023394263
1781773216.9097648,1468.6936434611434,-1884.859855997555,-219.49244909272792
1781773216.9413514,1426.3649332896598,-1914.4825580885304,-320.940438361732
1781773216.9750938,1385.6761929704608,-1943.339362457298,-429.8764990282999
1781773217.008741,1348.9599739835446,-1970.1557478643324,-549.7403553778101
1781773217.043411,1299.4851911160094,-1996.9583950543658,-699.7476725051149
1781773217.063882,1285.190479462417,-2010.5775443628131,-649.0103974595964
1781773217.1085446,1242.6758175195162,-2043.2244272061039,-524.79005685426
1781773217.1194377,1225.963679602952,-2057.330826708902,-477.6716426761714
1781773217.1419108,1195.9774393732134,-2073.813149133492,-415.56987003982863
1781773217.175279,1152.6855959302193,-2098.710382905375,-336.66969248480484
1781773217.208281,1109.5857439077201,-2122.854704254593,-268.9297044812311
1781773217.241992,1067.93983684877,-2131.1601236505926,-214.55297818268124
1781773217.2975028,998.6444172283562,-2098.024864747656,-155.88128540425745
1781773217.3418765,944.2025476716046,-2067.800627336451,-127.58455962880959
1781773217.3861504,891.4662235130111,-2039.3938508667234,-120.67953201983629
1781773217.4194355,851.3020858706773,-2018.2769470211551,-127.96923034939098
1781773217.4528708,812.4709054167791,-1996.9759012384638,-145.3110836086859
1781773217.486354,773.0204844716269,-1976.561907307569,-173.3006450952912
1781773217.5293705,721.937772896493,-1949.5353454194576,-226.26800946042258
1781773217.575176,674.4651930512514,-1925.3387207560959,-295.3103295226873
1781773217.5975354,648.7379346361694,-1912.2263711057694,-336.73472946965546
1781773217.630426,612.8514496489192,-1893.3071315094285,-409.483261638133
1781773217.6748445,565.7102491810654,-1867.8076443565928,-522.5809048622565
1781773217.708375,531.8734541328962,-1846.6147463550822,-619.1879978315285
1781773217.7307105,509.3023814599812,-1833.8235584527872,-689.4740014060899
1781773217.7642734,473.8630357714504,-1828.3054678555768,-643.2141209992261
1781773217.797469,435.6900436382455,-1829.1864058506505,-559.2362860597024
1781773217.8298488,400.1104114780177,-1828.2457861979378,-486.78212389211507
1781773217.85169,376.70153967973386,-1827.44898590572,-444.93050226219304
1781773217.8845787,341.5670752138577,-1827.3246734002814,-390.65557179812373
1781773217.9189558,307.700861160787,-1827.4147717525955,-348.7919051376208
1781773217.9518275,272.1737170093107,-1825.117726616038,-319.2792837281985
1781773217.98608,238.1562111088809,-1826.2117024159422,-301.54038231307834
1781773218.0084965,215.60095545402638,-1826.8658517218935,-294.90291492242994
1781773218.0298862,192.24195022388156,-1827.2688455777056,-291.0161320291684
1781773218.0518842,170.24537422857154,-1828.3902459040212,-294.1621062803333
1781773218.0850978,137.63331107974955,-1830.9064010947188,-306.5250431949464
1781773218.1193247,104.07391182954088,-1833.16111380536,-328.48865879473357
1781773218.1525857,73.14030118570962,-1836.1844262585093,-361.1816056542181
1781773218.1862383,43.75369788401921,-1838.6533719817621,-404.9929728152819
1781773218.2177296,11.059059979064346,-1840.94298372744,-460.58977383753034
1781773218.2404497,-5.42247136216724,-1842.6486005080053,-502.9901504473618
1781773218.2630649,-24.655610444989552,-1843.9426125115367,-550.643666550344
1781773218.2971456,-54.98323218803496,-1847.5605178951928,-628.6134848388303
1781773218.330562,-83.24530128903149,-1850.5466984490108,-717.3470287083557
1781773218.362184,-117.70321830574159,-1848.8504186503355,-644.6931802732065
1781773218.384965,-139.80180163485466,-1848.7921254962316,-599.413214684496
1781773218.4065645,-159.54678370142435,-1849.6737363591126,-558.7363703934003
1781773218.4398787,-192.69603287917408,-1850.0182295722852,-506.89374080967264
1781773218.4641078,-213.47973869855045,-1850.864336598556,-476.7382135502211
1781773218.4975178,-244.83728264626723,-1851.791999560556,-441.9798316308371
1781773218.530572,-276.2622884057008,-1853.262019888072,-418.8959535005881
1781773218.5531275,-297.1436685176959,-1858.3603330756607,-404.74438761093
1781773218.5783434,-312.29444758746666,-1873.3390526756637,-398.72440417116934
1781773218.6033354,-306.19800411373774,-1883.3529426189123,-361.4324733396909
1781773218.6404426,-309.19218997090087,-1895.500589715134,-309.9577683536378
1781773218.6748319,-315.1382339687635,-1896.6951305765028,-263.18795747794303
1781773218.7082512,-312.04698892112685,-1890.6363739716887,-216.16077839509077
1781773218.731007,-306.4147153732481,-1882.084183685102,-185.25649331566262
1781773218.7639246,-296.3261790701441,-1865.1254612607904,-141.28661563406055
1781773218.7863157,-288.08391130941106,-1850.6768479093926,-111.52712353233343
1781773218.8084059,-278.7062575561408,-1834.158647552543,-81.33425225591303
1781773218.8305752,-267.8908154477577,-1816.2791010716996,-51.19139824452068
1781773218.864096,-250.65138048148359,-1785.572922595273,-4.792270125854376
1781773218.8970566,-232.6151423162647,-1752.0549193350155,40.447753671878345
1781773218.9298227,-212.68474709254954,-1716.1877803790915,85.16766999780644
1781773218.9633732,-191.8557449893627,-1677.1085675576217,126.9171642635833
1781773218.9970038,-169.6861620356821,-1638.8433654974497,163.35377143696778
1781773219.0416937,-143.26288100373523,-1577.5523391743027,204.45174975630815
1781773219.0641277,-130.8213492885821,-1545.1045551457544,223.07765384180007
1781773219.0862477,-120.34536856424839,-1511.9927590644893,239.3254994512934
1781773219.1218984,-102.93136943911227,-1450.7088781718987,261.4098102521789
1781773219.1582947,-95.63026078712261,-1400.888458414459,274.27414963040115
1781773219.1750505,-92.85984887108908,-1376.1726840817041,278.40977478068197
1781773219.2029872,-93.02611547003345,-1337.395302664105,281.39694883446634
1781773219.2359042,-95.55824070383375,-1292.9431850180736,280.52181492795677
1781773219.2698054,-100.69625509346541,-1252.368809551269,275.76833490108527
1781773219.2864525,-103.29194943782181,-1232.961795070061,272.0167106405815
1781773219.3083441,-104.5141085695648,-1207.718282510229,265.7695890151821
1781773219.3422873,-104.28121001831894,-1171.1400254897706,255.48725427018542
1781773219.3582723,-102.90940054870475,-1152.8568938889068,250.42076066677063
1781773219.3751886,-101.05735748199363,-1135.1700544567739,245.58743825598327
1781773219.3921392,-97.46968329864283,-1117.8837905857397,241.71117704758063
1781773219.4140728,-89.74109098719337,-1096.5755882940205,239.4468001488261
1781773219.4307694,-81.70408063324962,-1082.884504949745,240.752468841508
1781773219.4477718,-73.08810637541791,-1072.245214646843,244.19509797251797
1781773219.464204,-64.41444078759271,-1063.98009723088,249.2611641550792
1781773219.4858794,-53.499896052989186,-1057.4523571886514,258.15276495315436
1781773219.5028324,-46.24760249064313,-1055.9284329563536,266.42871855434015
1781773219.527199,-37.90936677142029,-1058.6322201384323,279.66541520062253
1781773219.5663824,-25.943622324599094,-1078.8749249214295,315.3347174368644
1781773219.6208513,-25.49711076412311,-1119.1464830349132,364.7420500736421
1781773219.6543062,-35.82994916056607,-1157.2068353470568,408.4217736285544
1781773219.681466,-46.00453725428502,-1180.4539990043654,434.650642418336
1781773219.7089221,-64.41548676643855,-1209.5216783443732,465.82374255821344
1781773219.7253978,-80.21156682019101,-1225.3605980153047,481.7485452384498
1781773219.747455,-101.63537406839026,-1247.1808915184372,500.4748254524168
1781773219.763852,-117.55698136048454,-1263.3546965285345,510.86911019001695
1781773219.7865393,-138.89876773929657,-1284.6167861418678,520.575386150704
1781773219.819755,-167.99885981348248,-1315.8789635247854,526.8882991670059
1781773219.8420992,-190.2794022087644,-1336.0600038316359,524.0963746071833
1781773219.860667,-210.1172596533959,-1356.586973623636,517.9757556135792
1781773219.8934188,-212.29508366589852,-1374.7267839449394,500.0849362166564
1781773219.9209054,-94.53563159969161,-1352.779605171491,461.86281785933295
1781773219.9484746,24.519715916969634,-1332.8623906090045,418.34641506238177
1781773219.9702282,118.5038181903399,-1315.9606712928844,377.90098504120033
1781773219.9979117,233.6659994310414,-1294.6020913577877,319.2584213395084
1781773220.0143192,303.1507516402652,-1282.5682625422712,281.91002404671406
1781773220.036007,395.153452882991,-1266.8338806469649,229.11909708884298
1781773220.0587993,486.2608525318188,-1251.2222785792783,171.9688670043125
1781773220.0748656,554.0466798454411,-1239.5920526972434,126.55024998580177
1781773220.0922477,621.3453375822438,-1227.6122699849686,79.19884088242378
1781773220.1141615,707.8651846346845,-1213.0045558590045,40.216569069863425
1781773220.1362298,784.2483603086247,-1199.0524961205988,99.90384020124787
1781773220.1582804,860.1369832186326,-1185.5397966297974,154.003015708445
1781773220.192336,972.6156781511769,-1165.9379634825607,224.01744001046086
1781773220.2083125,1028.1784625295993,-1156.4010798528386,254.63697915105755
1781773220.2250633,1083.200438178497,-1147.0036401075185,282.4819097726441
1781773220.2468956,1156.0278173613299,-1134.5778476684052,315.416102157797
1781773220.281048,1264.2213072797238,-1116.2215334036055,355.4935933789731
1781773220.2971778,1317.8702114321582,-1107.1372501641656,370.89674168786195
1781773220.3149478,1371.3077507338633,-1098.151915917052,383.64444465113246
1781773220.3359137,1442.3115411921608,-1086.3206860527496,396.4586984642944
1781773220.3701532,1547.901278182878,-1069.1073946209829,406.33179757364627
1781773220.3861222,1599.675268091732,-1060.5403933590173,406.84021555340667
1781773220.403133,1651.7906473390917,-1052.189959994127,405.1500091119208
1781773220.4193068,1703.8468233961485,-1044.03744500095,400.3228231873177
1781773220.44226,1772.934760244877,-1033.3045013623148,389.8679090469599
1781773220.4583058,1824.4173716770513,-1025.4186082265658,378.9492558995144
1781773220.475255,1875.6331752584656,-1017.5984463501696,365.3746473701757
1781773220.498414,1943.069000737908,-1007.5537268125344,343.0159993494951
1781773220.5141847,1993.8198780055748,-1000.1084150992388,323.01861513316095
1781773220.5470703,2094.3678707557283,-985.7154118569531,275.20946013510064
1781773220.5658517,2161.058087213557,-976.4065612040255,237.60930301874316
1781773220.6031604,2260.4096452354847,-963.0674521470099,173.03176699103147
1781773220.6192431,2309.667438994472,-956.6005373947598,136.8218931964439
1781773220.6363876,2358.7919384116767,-950.055349068593,98.09528065939001
1781773220.6606686,2438.2863120332127,-939.3269257895543,49.65850519675902
1781773220.687182,2494.0609105554167,-930.8743378486122,98.92304249728849
1781773220.7150862,2563.1801122513825,-920.5719069627486,153.6144922034313
1781773220.736998,2617.412066551839,-912.8706300930646,191.57082409597825
1781773220.7589073,2672.180253768625,-904.7607920407772,223.59811248627193
1781773220.7750084,2711.9791589806227,-898.6778490517472,245.0557061749266
1781773220.7941506,2684.7966937883907,-898.7365131156758,292.09810894911976
1781773220.8308427,2566.0355370955567,-907.0229529543918,374.29853649624675
1781773220.8644187,2449.99643638724,-915.6447433322172,446.4805503838606
1781773220.8973866,2335.556727401526,-924.4295770353883,505.459613626576
1781773220.9309578,2223.731409426173,-934.7397678167133,555.3422206860596
1781773220.964976,2115.3020830210808,-943.3468676951262,592.7011847996395
1781773220.9868023,2043.4843554154204,-950.7701886172065,613.0030861876614
1781773221.0195937,1935.1288543705693,-960.2672880408636,633.6469278611446
1781773221.0555499,1811.1766847403496,-972.2240795596722,645.2265162789628
1781773221.091928,1706.2354383599,-983.0839048377081,644.8481035766592
1781773221.1065722,1654.5780768608838,-988.3420129643449,639.8959455472182
1781773221.13096,1585.5748991802118,-995.1755609826107,629.8856719282944
1781773221.1642613,1483.1943596434328,-1006.2859081159196,607.5771386879538
1781773221.1974738,1380.9846374029,-1017.2194090152711,574.1462097743947
1781773221.2305455,1280.6256532708858,-1029.051948966833,531.6657027381225
1781773221.2532027,1213.87227878684,-1037.0597443329425,497.9843450274447
1781773221.286533,1114.9892453739124,-1049.3488185384297,439.5261941309435
1781773221.3195844,1016.0129991922515,-1061.4927201971036,372.0784828461876
1781773221.3644476,886.5021076634704,-1079.2205938703603,266.7752471377245
1781773221.397404,790.4402897648337,-1092.638874327952,178.72407696114846
1781773221.4306736,693.8589341347304,-1106.072000341993,80.86000206819013
1781773221.464361,606.3346957473918,-1118.284755778062,76.17553683774456
1781773221.4974089,525.9406369628833,-1128.6975225918884,156.0642642358641
1781773221.5305552,446.4617060692683,-1139.7687820991246,225.69630994986514
1781773221.553028,394.92403463189385,-1147.3039759898404,264.27905686590054
1781773221.5864396,317.40445638595475,-1158.3561600190847,313.59662392228546
1781773221.6199956,240.94862374774257,-1170.0173575321064,353.9692281154993
1781773221.6529644,166.02379080534033,-1181.572667045503,381.36087569811787
1781773221.6863725,92.38929601488528,-1193.114956546512,398.55496156651674
1781773221.7194817,19.37991932963263,-1204.9987091453756,406.3581683720927
1781773221.7425563,-28.961618799029633,-1212.8771404819165,404.880751640342
1781773221.7644377,-77.1155133396028,-1220.865385631603,399.2777333104365
1781773221.797479,-148.7568921952554,-1233.3072767193962,383.7386765028559
1781773221.8198478,-165.96893881548363,-1236.3449263698433,377.86666073093704
1781773224.0643237,8.70816718045518,-1109.8849817446628,311.6422505496181
1781773224.0973659,170.2456230714314,-1077.6333857244397,286.832280701185
1781773224.130831,326.61030670857343,-1045.3664968393919,251.39400941305465
1781773224.1643133,482.6954376745013,-1014.6758803888993,206.9261580889854
1781773224.1972952,636.5672323555104,-984.7283628080821,152.90380490909507
1781773224.2308662,787.3718151522298,-957.2232855548971,87.32556999588569
1781773224.2528317,886.85549586521,-939.7030921733,38.14120282865495
1781773224.2861342,1023.5104716242712,-914.5258264544116,96.02064426631934
1781773224.3194704,1156.6987911528333,-890.0961744245386,151.52809552025914
1781773224.3531253,1288.2598650702105,-866.3098854244961,195.90117602082123
1781773224.3862462,1418.3720512661218,-843.934244926247,228.78516537846596
1781773224.4203248,1546.2360053422024,-823.0172638210081,249.80293037236206
1781773224.4424043,1630.9980966260528,-809.062390832101,257.05969665645966
1781773224.4643664,1714.0795141594945,-795.4973856343738,259.64294960503906
1781773224.4975128,1838.9039160660204,-776.6087042936751,254.74841189174032
1781773224.530831,1962.2536824582774,-758.3108418588314,238.4106251271593
1781773224.564351,2084.903004480451,-741.7602389197177,211.53714119931328
1781773224.5861309,2165.0054098089263,-730.7612743961128,187.30769445789903
1781773224.6197026,2285.3222666901243,-714.6535561743455,141.91868544501685
1781773224.6418054,2364.5997300179624,-704.8199566261061,105.76328654918254
1781773224.675354,2480.932186564461,-691.0019803447632,43.78670331033767
1781773224.7083623,2588.081275916917,-676.7189034208486,94.51500068830975
1781773224.741753,2691.501780764267,-662.7146040900793,141.00499612930105
1781773224.7754374,2794.7575501995634,-648.3662037029944,175.65552837388054
1781773224.8086119,2893.7913445074987,-635.6344440633104,200.16033579310798
1781773224.8194664,2899.608656358619,-633.1162145223228,204.388363152552
1781773229.0700033,478.51856984160065,-903.305656801551,41.9525141626804
1781773229.1141634,346.9735504119949,-905.674778182407,95.26931318510366
1781773229.1473362,250.86966885218968,-909.0036519065401,141.89533407776187
1781773229.1695614,187.84152827016743,-911.1153440593315,167.15064138118956
1781773229.2035012,93.28810207239397,-915.0860598531931,194.8666248185446
1781773229.2254076,31.35249077613635,-918.0546734648024,207.88836042999026
1781773229.2697887,-84.44950834395526,-924.7727293595262,216.71863585306858
1781773229.3141983,-35.388228326761116,-918.8376128195932,289.3474386367367
1781773229.3362496,41.67870459787509,-910.6677355568653,344.6278066270387
1781773229.3695824,156.36075838073648,-898.2140197525466,418.36689473871905
1781773229.402959,268.4287536248944,-886.5593330142472,480.75171764788416
1781773229.4362724,380.81848378767376,-875.1075287002809,531.6291374098981
1781773229.4705007,492.04123122735956,-864.6744475442614,571.8298532979317
1781773229.493266,565.7397550009907,-858.0242004824592,591.7387527968151
1781773229.5258236,674.9971939847626,-847.7591756551097,611.9995634599161
1781773229.5492117,765.4396040465435,-839.7387817063296,621.4648997360053
1781773229.5712163,819.698556594862,-835.0100279453052,623.3142621539552
1781773229.6043613,927.7066400009737,-825.6435351275194,619.3038742145134
1781773229.6268075,999.0167128179744,-819.6827153736517,611.0696433793879
1781773229.6585455,1105.4503550681222,-811.229964399482,589.7531000502837
1781773229.680682,1175.8575760195154,-805.815141641013,569.2320591940078
1781773229.7145035,1280.3847218509604,-798.5205855048484,530.0365864063552
1781773229.747987,1383.968511644406,-790.9261179252104,481.0064492373606
1781773229.7703276,1452.5820139533555,-785.9142846353014,442.7242451852296
1781773229.7921622,1520.6570352460587,-781.1302962374815,399.9720135091689
1781773229.8146536,1588.0852097932893,-776.5967425458282,352.4289308976317
1781773229.847566,1688.4071839466083,-769.6709729048766,271.8820828525486
1781773229.891997,1819.9805680584266,-760.3955639858417,149.825851891212
1781773229.9251835,1917.7903757160998,-754.0705770132573,47.07144431705343
1781773229.9474697,1959.7857548527659,-750.3967692405554,88.54491546467882
1781773229.9810538,2022.5882560598018,-745.9605331388545,171.62429084508165
1781773230.0141282,2084.519630000533,-742.1273571204852,240.7633736629883
1781773230.0473309,2147.3373083755464,-737.203960684957,298.51259805258223
1781773230.0807323,2208.850667271814,-733.2601281044981,346.1440794013658
1781773230.1143696,2271.989610804861,-729.7365948639481,380.2009978448688
1781773230.1477194,2333.0539511251027,-726.3076652475509,404.0646397455751
1781773230.1813464,2393.4954803407645,-722.8904942480734,415.9892335113439
1781773230.203523,2434.9666289699576,-721.2588774852628,418.95771357208656
1781773230.2364779,2495.631679974837,-718.7523595581653,411.7567075852093
1781773230.2585366,2535.7000337394525,-717.1217034786952,401.9034318885804
1781773230.292325,2594.448354654043,-714.6970874418362,376.94532464766144
1781773230.3257322,2645.1145962797955,-713.6030972758987,346.2538538691533
1781773232.5584815,2324.7990104505902,-1793.8172682591908,1408.2309656751243
1781773232.5922096,2257.8927111230546,-1795.0687942698028,1407.5948848621163
1781773232.615822,2214.2916245372776,-1796.5667411632742,1401.370255535817
1781773232.636737,2171.2300013528907,-1798.4157057886491,1389.7497574074453
1781773232.6693897,2105.3463484997037,-1800.1720801739896,1364.6067442410786
1781773232.70289,2041.6516116428736,-1803.3973077012797,1328.4215199473617
1781773232.7361298,1976.7193185598646,-1805.7814298309424,1283.0799001752919
1781773232.7694318,1913.6532438137353,-1810.021177396488,1228.8440381865923
1781773232.8048544,1850.3669976329409,-1813.2336658886327,1164.3322412784273
1781773232.8368628,1787.2730464126523,-1816.2395655767384,1088.810603777792
1781773232.8583758,1745.3357858826578,-1818.0279245579684,1033.5096585705978
1781773232.8920183,1682.1304265436304,-1820.426533565041,942.258681869817
1781773232.9249816,1619.802689356819,-1824.0627805534848,841.5858862017619
1781773232.9583826,1556.7534288162433,-1826.4255044140725,732.2767184995528
1781773233.0037944,1473.7659048285468,-1830.3179486616507,572.6039664012604
1781773233.0250947,1431.827969259725,-1832.034522607247,486.82280223098803
1781773233.042096,1400.5247952291538,-1833.0337193041137,420.5288248931435
1781773233.064089,1358.6037139403006,-1835.213495001468,328.1741611349208
1781773233.0810616,1327.3041215939793,-1836.0490381642894,257.4310360431648
1781773233.0972185,1296.0145975425237,-1837.0110674057455,183.94700919622312
1781773233.1194253,1254.0635693866868,-1838.135627907357,83.11098366567029
1781773233.1417978,1212.1046105791413,-1838.8362150465027,-22.16661395266528
1781773233.1804817,1138.6349033370182,-1839.6922496028994,-213.32157302956492
1781773233.1971233,1107.2787689510305,-1840.7640546199186,-298.08956482376675
1781773233.2144644,1075.8450540013832,-1840.6843409385426,-385.6986177492166
1781773233.2360692,1033.346353844472,-1840.2896514345005,-503.7572209002607
1781773233.2531142,1001.7262771900184,-1839.2270223761004,-594.6511741709006
1781773233.2694721,969.4357488593682,-1839.6361188009146,-687.1939436327633
1781773233.286109,948.0814259844118,-1839.376400366887,-650.5580112459188
1781773233.3085334,924.645351653428,-1838.485460080567,-545.4164385931301
1781773233.3249364,907.106909735716,-1837.6993340875647,-470.4050830713399
1781773233.3470309,882.8051684016916,-1836.5625620018513,-375.709096135979
1781773233.3802736,843.028155303828,-1834.9733406719354,-245.75166272379903
1781773233.3973062,823.1220781376654,-1834.1815415551496,-186.68893732388077
1781773233.4252527,795.3296369872393,-1831.9699117069754,-94.82869736338196
1781773233.458278,762.5253377048004,-1831.2016175534204,8.221044996290448
1781773233.4751134,746.076882100501,-1831.076249819881,55.84202704639827
1781773233.4921277,730.0934505453782,-1830.8688488948867,100.68318198819425
1781773233.5141947,708.8930527947454,-1830.8486502347807,156.17294896520468
1781773233.5360649,687.9420225192956,-1831.1874498007726,206.73114869979221
1781773233.5692835,656.6629565770081,-1832.3112310855222,272.6992364294113
1781773233.5873868,641.1262133949888,-1832.8892119600746,301.30462109954317
1781773233.603213,625.718438885516,-1833.549183087867,327.11594953442255
1781773233.625139,605.3006229498625,-1834.3557453767996,357.3398042132129
1781773233.641907,589.9514525189865,-1834.8699799664714,376.8601798127637
1781773233.6639686,569.4835391734108,-1835.5711305071666,398.5764172530035
1781773233.6807008,554.0946635734617,-1836.1621178406604,412.0004274087882
1781773233.6974547,538.8340528201808,-1836.8491174273133,422.67762199538475
1781773233.7193294,518.5142109694942,-1837.8676525883627,432.45863262145065
1781773233.7360885,503.44729881061323,-1838.6821047212513,436.5779480834058
1781773233.7529182,488.38825382665715,-1839.5837612423254,437.9198917904019
1781773233.7698407,473.3286566973024,-1840.4839708413338,436.5769894013489
1781773233.7922058,453.1764408870458,-1841.7790220811528,430.8330081093061
1781773233.808892,438.11313084704454,-1842.8063293552032,423.3865006111477
1781773233.8363059,413.17880784555814,-1844.3042165126374,405.29488783101556
1781773233.8583295,393.37294159456263,-1845.6372656318965,385.68375670406175
1781773233.8921022,363.7499009265313,-1848.1416576162912,347.15696891827565
1781773233.9141276,344.13218235707507,-1849.8926265075845,315.3623768490252
1781773233.9310083,329.59417567557335,-1851.2092439959954,288.4518622081591
1781773233.9478834,323.68746640371586,-1849.2924584532184,302.7937921009004
1781773233.9622526,324.8315545887956,-1844.799360461068,347.97148387916616
1781773233.9945974,328.44825885114767,-1835.389849077295,430.3011622657032
1781773234.0199008,329.69368568285705,-1829.5629084933216,479.0877576153012
1781773234.053062,331.7084596329927,-1821.6424188518781,542.5760606531309
1781773234.0752919,332.9607985250289,-1816.5557824731138,578.8229927567895
1781773234.1085725,335.661927404054,-1808.7613256634568,623.8816101865052
1781773234.1421313,338.7607640670183,-1801.4521710087017,658.205654484201
1781773234.1643095,340.7949923191248,-1796.902216497009,674.7071076771239
1781773234.1973133,343.9660585754168,-1790.3886473428458,689.9667646596167
1781773234.2310433,347.2856783118229,-1783.2503557232808,694.7672151652469
1781773234.2530923,349.288617863151,-1778.6155978255342,692.3653139157146
1781773234.2862728,351.9017751262248,-1772.2064858412868,679.388546499472
1781773234.308577,353.6665199093942,-1768.1361205888445,664.6357182930007
1781773234.341792,356.4386880105586,-1761.7939050730856,634.0788576232237
1781773234.3751893,359.3655701809929,-1755.4707011702656,593.6602348762996
1781773234.4085014,361.5243350621294,-1749.8063984124196,542.6575757782077
1781773234.441721,364.4585123204873,-1744.3119940620672,480.33954643060446
1781773234.4752688,367.6918128683831,-1738.6755926271328,408.6250604301937
1781773234.5084846,370.095747004794,-1732.663053086701,326.65309744288976
1781773234.5195806,371.055986074605,-1730.7528774276902,324.53070246897886
1781773238.5476801,907.1341732292592,-697.1853976091548,691.8248895409735
1781773238.5698667,999.560527563622,-707.1364848152523,699.185289535624
1781773238.6033812,1137.2175477290189,-722.3548128603652,701.5257019360284
1781773238.6261835,1228.1890141449508,-731.9744127611319,697.1953873537168
1781773238.6586819,1363.1024382625756,-746.5141822947384,682.1472106823674
1781773238.680983,1452.2394209497245,-756.3626086367874,666.2187778764417
1781773238.7142138,1584.1603319253427,-770.7431943168003,633.6374465914536
1781773238.7475276,1715.8718607661356,-784.0724861834184,590.7509633258643
1781773238.76993,1802.7302468987418,-793.5539792184962,556.5402384491881
1781773238.7923467,1889.1433532618032,-803.3286157495133,518.4095068036706
1781773238.8145778,1974.909385953996,-812.2325690344518,475.7423523272929
1781773238.8476849,2102.097090850438,-825.76752233751,403.1311929637763
1781773238.8697996,2185.9504226902172,-834.9302266550527,349.22705381120073
1781773238.9036782,2311.828168675634,-849.1271703999928,261.0036148168583
1781773238.9255733,2395.0238995745826,-857.9030283323714,197.2124270629731
1781773238.958629,2517.278904359661,-870.5302304213976,92.95541199021541
1781773238.9924169,2628.2185951426045,-882.2720115911217,94.09491921013739
1781773239.0366132,2765.7981763092325,-894.4642828911634,209.42180395715317
1781773239.070626,2868.175761743891,-903.4911746923575,281.1219261690459
1781773239.1038122,2969.291013470499,-911.9722452172598,341.06143321884224
1781773239.136496,2920.4202173181297,-903.3789675560611,391.3758173624046
1781773239.1707845,2734.1175820714184,-877.4400921371692,428.47136020731585
1781773239.192138,2612.199553333933,-860.2914960642871,446.44053899497146
1781773239.2254064,2432.273452803544,-835.3045167343427,464.9242381661619
1781773239.258626,2255.1686112997727,-810.8139285431582,472.88057498197867
1781773239.3035455,2022.5031317646963,-779.7187827508965,466.1588996721298
1781773239.325349,1907.6816097739184,-764.4657594319374,455.6853671551235
1781773239.3590438,1737.6108733893382,-741.9611076353494,431.0016610782123
1781773239.3812375,1625.6403343601016,-727.0278551303534,408.79523692339336
1781773239.4143877,1459.7997131189293,-705.0850381062423,366.33746624185534
1781773239.4475944,1296.2968245392624,-683.7257556825851,313.7112742517918
1781773239.4814458,1135.066408540232,-662.5397905251415,251.14549572762505
1781773239.5145772,976.2929935110895,-641.818950596491,178.4515609978804
1781773239.536424,871.7954830345266,-628.2949605731266,124.46544718398484
1781773239.5703444,717.042761420529,-608.0710173046458,35.172163529006184
1781773239.5924897,623.3771022375105,-595.2445457426352,75.63682502593525
1781773239.6256454,486.8183418323632,-576.6815989201965,144.07025198637368
1781773239.658868,352.17190992811777,-558.2969863783546,200.51592983973183
1781773239.7036657,175.68780398127916,-534.0864547564429,258.8282727996938
1781773239.7369297,48.82748834515526,-515.3433790893466,288.5649638620576
1781773239.7697015,113.08689654562895,-533.1852038605831,319.5000809360309
1781773239.8037605,283.40013458119955,-570.5886191707176,346.6602883032187
1781773239.8253608,394.5943901895075,-594.5997141341688,360.22651292265436
1781773239.8586345,559.2057019384766,-631.6804178787498,369.7260548680923
1781773239.8920867,721.2324586686674,-669.0836641732642,370.73531673116065
1781773239.9144971,827.8840839045395,-694.4664550780136,366.64450499665844
1781773239.947459,985.2587233325085,-731.3978349775789,351.28463739576466
1781773239.980921,1140.4898380344482,-769.5935597600105,326.1327485684687
1781773240.0146143,1294.1258691452772,-808.0583697949473,291.85967532343363
1781773240.0362647,1394.8405621878553,-833.4224312496532,263.9541246858627
1781773240.0580943,1494.7038787169238,-859.4871314530918,230.74974388536452
1781773240.1028917,1692.1033351407239,-911.719096692328,153.49449308185118
1781773240.136474,1837.2212278259847,-951.4700281487742,85.53864252456427
1781773240.168372,1975.34667050579,-989.1973962731297,68.07710145313209
1781773240.2018864,2102.142524276294,-1024.092072709222,128.14127731175384
1781773240.2354503,2228.679978617283,-1059.2740964578716,176.52306343100446
1781773240.2578654,2311.547726165122,-1082.8481023693023,203.3273658358901
1781773240.292524,2434.667818893205,-1117.8245765604242,234.36575256657838
1781773240.3253279,2556.0436350607138,-1153.7246470414364,253.8373805049083
1781773240.3447642,2636.0404720651973,-1177.9510243135833,261.17961156993556
1781773240.3787644,2755.789551045757,-1214.1934345039542,263.0789467550665
1781773240.4125574,2871.072838427827,-1251.9467373641617,255.5484723164713
1781773240.4464006,2758.1725185815235,-1205.886121811611,330.27021015308594
1781773240.5012066,2501.9167317070746,-1102.1722989425957,458.9701611290683
1781773240.5405583,2326.927082720657,-1030.1407515259812,529.3917892934431
1781773240.5734622,2179.853697443258,-968.6627640706832,576.9954768155002
1781773240.6084826,2036.772905566757,-909.0116306540458,612.6672694336187
1781773240.6423028,1895.473277327177,-847.4729196906719,637.0986165421419
1781773240.664448,1802.0833259593198,-807.7715028694615,647.1064433990388
1781773240.697445,1664.9255182219324,-747.108384048063,653.028113827951
1781773240.7322803,1530.5044598418458,-687.3368073014797,648.0724346321166
1781773240.764231,1397.1185965568998,-627.1980770352343,632.3380283796164
1781773240.7864325,1309.5015846192102,-587.3254521889008,615.9139045043763
1781773240.8196828,1180.6543341275092,-528.2759961956175,582.0974385255319
1781773240.8530552,1053.9930931823037,-469.2755442309164,537.5421135309772
1781773240.898105,886.7055801674502,-390.83879667917563,462.7176720823583
1781773240.9310057,764.7637135343289,-332.04306782762836,394.3973587526876
1781773240.953555,684.7022255463537,-293.46145484125805,343.04297378569527
1781773240.98633,565.5822385904559,-235.7550407424116,257.7135439504595
1781773241.0205786,448.36743304312705,-178.85242525068173,163.30438423076592
1781773241.0426507,371.86344715665047,-140.5672496909997,94.43902212497186
1781773241.0647378,296.82107478123913,-102.989206218033,25.91559817729991
1781773241.0978816,195.5876021331121,-51.83503969472275,114.54693006441272
1781773241.131719,98.33904319971262,-1.5324061591326756,190.2364300122817
1781773241.1539083,33.06455704102189,32.00009830863024,232.82419223920064
1781773241.1869354,180.2729446530151,-1.751152623322735,268.5752432082916
1781773241.2107368,350.08016038320943,-45.2664776746155,284.9573789875951
1781773241.250352,583.0439925168689,-105.08963515688767,297.4976061615011
1781773241.2831607,778.4333608029535,-154.5159306596261,294.4177599136931
1781773241.3104737,939.3893238719113,-197.1207056869586,284.14416391798807
1781773241.331521,1034.6078994980987,-222.6103348215851,274.54005728480644
1781773241.3650584,1222.202298218902,-273.48610855244954,247.66195295772667
1781773241.3871908,1345.3641832142766,-308.0442169013273,224.3968261433826
1781773241.4099996,1466.7953628335893,-342.2234664687737,196.42718892262
1781773241.4428003,1647.071909591291,-393.98483163859083,145.4470984572145
1781773241.4757614,1823.9528980270684,-446.7639085913278,84.25763864226616
1781773241.4980843,1939.7397124437118,-481.7440041223914,37.77495577048384
1781773241.5317807,2099.8078344158794,-531.08524406774,89.9148928312721
1781773241.5539892,2205.4280299118477,-563.7076764503063,121.96656257793325
1781773241.5764267,2309.6766254675763,-595.8636944949951,149.03378356332058
1781773241.6154056,2489.843034034044,-653.1665018820235,183.67546378841112
1781773241.6465862,2640.1534589233092,-702.3812795150208,201.22371608844227
1781773241.6688557,2739.3631474436925,-735.767043997775,206.21379396599772
1781773241.7018144,2886.9328658272702,-784.6033245434938,205.572174304629
1781773241.7251081,2984.6515338044505,-818.1108765766869,198.4118062978903
1781773241.7472093,3080.231730787817,-851.6008461500503,186.32355666126105
1781773241.7784288,2928.1996326911462,-824.0561574233509,272.23765287835215
1781773241.8017573,2814.5597490152195,-803.785561972291,327.9669000465664
1781773241.8230503,2703.08242006698,-783.9091930826554,377.3370974502194
1781773241.8588378,2537.4715025393807,-756.0776291121055,443.1058647494239
1781773241.8815575,2427.7223711150646,-737.6343607148813,480.6023101445815
1781773241.9145231,2266.1316570939275,-713.1102161787389,526.3331864144774
1781773241.9364784,2160.2257704737813,-696.9928784651073,550.1809499188166
1781773241.9706008,2003.684644641325,-675.3313231609699,576.8112780114817
1781773241.9929023,1898.7089327132885,-660.7688181319418,588.4681174157207
1781773242.0374916,1693.3802490103837,-634.5502289934277,595.4840162933698
1781773242.0720732,1515.9459214048093,-613.7387841848148,586.3416510386686
1781773242.109445,1365.3445852939205,-596.9569639832827,566.6899309846548
1781773242.1541216,1169.3172687677672,-576.2873286646458,522.5016631357855
1781773242.1755419,1071.9571003742608,-566.774515534816,494.10196678245234
1781773242.1919992,998.9543707750177,-559.5494959913912,469.5206151294222
1781773242.21429,903.2776439822244,-550.9305406950511,433.03836829411125
1781773242.231456,832.1914834836649,-544.7317979332009,401.8544554689566
1781773242.2490838,738.3868286242785,-536.33150373295,356.64007990830265
1781773242.2694535,668.4411005477408,-530.4134791776922,320.2718633559311
1781773242.2921226,575.1803028910576,-522.7984906990762,267.71212377700374
1781773242.3083994,506.52585794718607,-517.7292041450027,225.5244191745737
1781773242.32536,438.86076998783756,-512.6262448389848,180.6674693302774
1781773242.3473477,348.815733181137,-506.0388498717608,116.0849355419504
1781773242.3700926,259.83266457401163,-499.71235023298385,47.78454968786972
1781773242.3861883,196.0049239044217,-495.93713769911926,48.744974796725344
1781773242.4031093,135.2544644907073,-492.63314795002987,91.50519307556992
1781773242.4204063,75.36474471351211,-490.6631602661166,131.01438508760896
1781773242.4420617,-0.43372156675662576,-487.8350958904436,179.00635530354708
1781773242.4642506,-77.1551952691613,-485.3891890132369,222.3786039789576
1781773242.4810956,-134.80796791284757,-483.5630961533252,251.47249136213682
1781773242.498658,-153.53028280476778,-472.46639656644044,274.28683240439636
1781773242.519334,-45.61217790992051,-438.47787424601444,293.67848504924706
1781773242.5362334,35.9849596060791,-413.3874171188928,306.55302257674214
1781773242.5583398,142.04934331454888,-378.58143984480665,317.93021547704217
1781773242.5918684,300.49725715384335,-326.8269313916983,328.5840955434913
1781773242.6085858,378.6751097075848,-302.40863326005586,329.8156206153444
1781773242.6310487,482.519070514493,-268.0745942777889,328.12204451490186
1781773242.6477153,558.2516250084013,-242.8588796465083,323.3677911329276
1781773242.670099,659.8082807788126,-208.93103155792213,312.89345473310976
1781773242.686141,734.5549946971538,-183.06891085335363,303.171947009129
1781773242.7031858,808.2908794124207,-157.41647765865494,290.0858191610478
1781773242.725179,906.4755130162699,-122.6297982377447,268.51102789868554
1781773242.7646646,1074.3556707116168,-61.88750111344462,221.0359540771191
1781773242.7811913,1145.8934114662145,-35.10617499251666,196.76753495118342
1781773242.8029895,1238.7338630342347,0.29863316436079296,160.61220685462308
1781773242.8198469,1307.207924793344,26.6893069723133,132.42409022329988
1781773242.8418677,1365.4615762591766,53.92697023219329,89.70763100541048
1781773242.8583686,1340.1297382434373,52.9810416333811,61.079239569898164
1781773242.8750896,1314.9248807280708,51.01848849571689,30.574660957954094
1781773242.8973188,1277.4843252964856,50.00175149167022,-9.983404133443065
1781773242.9144638,1249.6201290186975,51.82483306596353,-42.08375230272498
1781773242.9310157,1220.9646743788444,50.80317220059557,-78.3631439810996
1781773242.9438317,1195.4153746678835,49.097490680176314,-119.96937721897501
1781773242.986245,1136.7185906154011,45.4080036178709,-226.3370861487515
1781773243.0033293,1111.6219834246256,43.581880347738434,-276.12892832702994
1781773243.0362282,1063.6234426612236,40.70485682683813,-383.90609280592815
1781773243.053175,1040.6251832338635,39.0392539494864,-441.0239473941064
1781773243.0694284,1017.2547535969767,37.37523492924914,-499.3805488160456
1781773243.0922565,987.0176357266944,34.76835837426037,-583.7657591297533
1781773243.1087778,964.6346702230722,33.55092445935882,-648.4616275673711
1781773243.1251938,945.0453572536205,32.02103938316463,-714.4025057240407
1781773243.147153,913.4163043157749,29.20736532469702,-661.0173062112301
1781773243.1641965,889.9695283502673,25.25489107947117,-610.2906256015863
1781773243.187067,859.7625675278199,21.342259736105593,-547.2818211524874
1781773243.214761,821.7456405759236,17.714192076121456,-473.18831563542767
1781773243.2366588,789.9213090083745,14.418406611443865,-418.5765218665046
1781773243.253116,767.0718199420968,11.53664521741538,-382.7079883972292
1781773243.2752843,736.5441135968747,8.570107654325042,-337.7511698060361
1781773243.292291,714.5086086659958,5.5767137315588,-309.3049363372127
1781773243.3145714,685.7745411290848,1.3046469941192578,-274.85479859661683
1781773243.331116,662.800286304806,-2.05588852187153,-252.13017891794024
1781773243.3532038,632.7047243242899,-5.951322597003369,-225.77732633770847
1781773243.3698559,610.1900319301398,-8.294009944848419,-208.75632248273763
1781773243.392079,581.6190555064364,-13.386995560476645,-192.8037401752058
1781773243.4083948,559.254700834148,-14.16660932439957,-184.43733805773152
1781773243.4254103,536.6622029956962,-17.317470741200943,-177.6628518981321
1781773243.4533725,499.57204901305465,-20.873734833558817,-169.67344709706916
1781773243.475309,470.65853187145996,-26.247204823857356,-170.62256394690058
1781773243.4971795,440.0717673413106,-29.731325619706404,-173.25619824568008
1781773243.5153046,418.4792519916271,-34.424253492166265,-181.71196978996426
1781773243.5363135,389.6144344181757,-37.84243116126866,-193.4870673849204
1781773243.558289,361.00596024387175,-43.52233715099882,-212.62173246879817
1781773243.5761402,340.3022239302927,-46.34825175265846,-226.71282963083814
1781773243.5971076,311.32571585572447,-51.04129610156563,-250.9836287600563
1781773243.6142294,290.69354148788955,-54.592931069492614,-273.9454505956386
1781773243.6361675,262.51582588166303,-58.531194482552266,-307.8906004450544
1781773243.6541355,242.36719599607324,-62.66249234112379,-337.57362093490616
1781773243.6752815,215.6956354592857,-67.25251992220977,-377.66224197168395
1781773243.6922545,195.68558580873764,-71.36537428136442,-413.9209330406036
1781773243.7090943,175.9308716767208,-74.59998762717761,-450.85340283264617
1781773243.7310832,148.97173081128318,-79.82438760569794,-504.5235259687443
1781773243.74723,129.4678518369829,-83.05216546935044,-546.4970499410135
1781773243.7694454,102.54101299658473,-88.86550916427474,-608.4964699953543
1781773243.7864265,83.74724106223162,-92.28458731425184,-657.108491206369
1781773243.8083463,59.223748529642904,-96.85880458638354,-726.4243833174951
1781773243.8251996,39.572650022146746,-100.08825685036497,-703.6801579356301
1781773243.8471708,13.571833513459605,-103.50606880948366,-647.6993624017272
1781773243.892086,-39.18273250108636,-109.6011198257058,-553.0491674724378
1781773243.908418,-56.418773250690805,-111.33758702653233,-523.7962633180598
1781773243.9320605,-81.94343438865499,-115.66587759696111,-486.862036037899
1781773243.953305,-109.37569806622389,-121.09996237636523,-454.7160078876203
1781773243.9753478,-135.17088922803364,-126.3134405948835,-429.00609232433806
1781773243.9923227,-158.66003213539025,-130.15070810088108,-410.71126186420776
1781773244.0139499,-183.53752189914553,-134.72656102086214,-393.96658906870704
1781773244.0363739,-209.54186333764503,-139.03986166263755,-379.85874638805984
1781773244.0581512,-234.85787707727906,-143.6712049715721,-373.3887615303723
1781773244.0749667,-253.47321749855618,-147.10693925922465,-371.1875083443389
1781773244.097226,-277.5509101539589,-150.81112299391543,-372.44847816640623
1781773244.1141965,-294.9565135814233,-154.63072136359898,-376.56544947562446
1781773244.1363652,-320.85924757392803,-160.51808797787407,-383.69050440953214
1781773244.1532214,-338.3585933875732,-164.6726676693401,-394.30316632520515
1781773244.1750205,-362.2602140971302,-170.72192999808277,-411.17096405631895
1781773244.1922023,-380.7260556854286,-174.74135206982854,-427.5008856941184
1781773244.2141783,-403.1099371038638,-179.13668027379518,-452.92450801836986
1781773244.2535942,-444.15772308253,-189.79237207247954,-508.48737851652135
1781773244.2755325,-467.7068686155502,-195.04018238067013,-546.3433627145163
1781773244.297623,-490.72833582748154,-200.43341448799586,-589.9846081567748
1781773244.3196359,-513.9381484302685,-205.66494553853937,-636.2468589427468
1781773244.3473234,-543.2331163465099,-211.95129585000882,-703.5111073480833
1781773244.3642223,-559.7248474878445,-215.91342628347448,-741.9922022174605
1781773244.3863893,-581.245083084718,-221.45701535771144,-693.7176668042621
1781773244.4030974,-596.3684277404672,-226.85664787531272,-661.0676666083995
1781773244.4250813,-616.1303824699231,-231.24354316843224,-620.5079225448252
1781773244.4589953,-648.2348091734603,-240.90136059210784,-572.5951998533843
1781773244.4804308,-669.0907781148504,-246.50409747285613,-543.5050397017725
1781773244.4943318,-684.4893854970924,-249.45658309659083,-527.5464378425162
1781773244.5193944,-704.0600458676731,-254.7561813816541,-508.9570846435593
1781773244.5420196,-725.2393376135321,-260.02610984620475,-493.8157264579424
1781773244.5590339,-740.6688133772243,-265.6044117181618,-487.06400848366695
1781773244.5757322,-755.5415661346698,-272.45566563674845,-481.339079498356
1781773244.595738,-772.2006801704101,-292.88540567065536,-480.13349780266515
1781773244.6192863,-791.3940695857079,-298.8359732424382,-472.0868397850178
1781773246.5421999,911.7109703380107,-637.3895012492413,228.5133433688433
1781773246.558201,967.7384593735484,-625.8517089742618,248.0993477020905
1781773246.5750782,1023.5529491915378,-614.6110645764052,264.7910745272076
1781773246.5970984,1097.6557284763844,-600.5486128233192,282.7405077416515
1781773246.6311357,1207.6853756646087,-579.2899244104018,300.01534323036293
1781773246.647738,1262.365732689084,-568.7451924953599,304.30259064776163
1781773246.6640754,1316.7969867853635,-558.3003573413379,305.7282392289489
1781773246.6862104,1388.9524981649022,-544.4804246762877,303.0877386149162
1781773246.7200942,1495.962749436717,-523.6548193964188,289.81376978979375
1781773246.736111,1549.0081177834313,-513.1667468680099,278.86045284721257
1781773246.7531655,1601.7129457206504,-503.41605918588965,265.15905525309364
1781773246.781735,1688.9248764846168,-487.0053061131253,236.9466132599538
1781773246.8036423,1758.3076967612822,-473.6794286182879,208.70388136569886
1781773246.8256176,1826.1505656754155,-460.8919697175358,175.30160180274785
1781773246.8475847,1894.3282763282916,-448.16793182371345,137.1367821241516
1781773246.8640616,1945.091595525352,-438.5281908491823,105.60717525920116
1781773246.8859584,2012.5778761454594,-425.67116115208376,59.476658771981825
1781773246.9310315,2130.6668545196467,-402.98974780047695,96.5848166607573
1781773246.9482,2174.5104971968476,-394.30282302306136,123.7891353367862
1781773246.969401,2231.6214648349564,-383.4551692202759,154.2871475571239
1781773246.986243,2274.7864293466996,-374.70971801810106,173.9272984834348
1781773247.0031033,2317.0285570727756,-365.856075176365,190.52510852410015
1781773247.0252616,2372.726204937185,-355.72573554166115,208.85698878058557
1781773247.0641155,2471.2002922626434,-337.4367031826205,228.93662130730394
1781773247.080934,2512.9849485744116,-329.681494438226,232.5249671555135
1781773247.1031318,2567.2726138884086,-319.07558645955845,232.76541600282494
1781773247.1193416,2602.1682794631774,-311.4900603684934,231.41208110192264
1781773247.1364212,2538.667937692037,-326.0356662617859,258.0267634187886
1781773247.1582594,2450.9408901264637,-344.54988924050446,290.458998283413
1781773247.1922076,2320.9822436526324,-373.13105160660456,326.84107472098816
1781773247.2139447,2236.82299643704,-392.423380796946,345.9143051946591
1781773247.247075,2110.69304347094,-421.53744168926477,362.7957793975539
1781773247.264029,2049.09665354139,-436.29526560303094,367.2633846678128
1781773247.2869823,1968.594827691932,-455.0744382986677,369.0095224914162
1781773247.2994874,1906.7650022549544,-469.94338796707933,365.8826503423735
1781773247.3253472,1825.7062794241815,-489.4569531767945,357.93453727822333
1781773247.3472583,1745.2836283855945,-509.3863475732224,346.56273210255716
1781773247.370026,1665.063550797995,-529.4300466329152,327.79344181610685
1781773247.3868456,1605.850264571444,-544.0616288474779,310.8342145558473
1781773247.4082026,1527.9783033592682,-564.0768183018383,285.32876974042495
1781773247.4249985,1469.6827799027294,-578.7347544957413,261.8613324554124
1781773247.4422421,1411.49363145443,-593.9635878798614,235.69949135191305
1781773247.458297,1355.1411300409854,-608.4002297567826,206.81722038403996
1781773247.4809186,1279.7051566905807,-628.2216871791346,165.75126251787205
1781773247.497252,1223.598688360777,-643.0265902141858,129.79846582467715
1781773247.51418,1168.0040447315848,-658.2670786786854,91.9206445339551
1781773247.5371535,1094.4629607792556,-678.2815212697328,40.20994464915251
1781773247.5582492,1032.3100669130906,-694.9689563950969,73.67741478425677
1781773247.5751438,986.3242341600493,-707.2090087210044,105.61784510983222
1781773247.6087577,894.8923498864405,-731.9482727564989,162.144462680922
1781773247.642484,804.9768468349416,-756.3305973155946,206.6911070316992
1781773247.6755874,715.8645798028318,-781.4431982093057,238.19310631259614
1781773247.7087722,627.5080846411091,-806.5831446954345,259.25622768237037
1781773247.7531788,512.2483324585664,-840.2493816447263,268.87693043779086
1781773247.787915,427.52624275416997,-865.0530860397354,263.6675040101681
1781773247.8216624,344.2439083746056,-890.3930607523599,245.970004865283
1781773247.8585455,248.9404437850841,-921.0217829273757,212.99080440896049
1781773247.892194,351.72974858528033,-917.2268637374951,319.9941161411437
1781773247.9234276,459.7454212099117,-913.0354524472045,420.17971749170005
1781773247.9486265,530.9119144422457,-909.8379993324082,480.3915069604501
1781773247.9707355,601.1363971889593,-906.2516926348442,535.2812153407802
1781773247.992099,671.2687701820602,-902.9497030202122,584.653073285056
1781773248.0254388,776.2723294115733,-898.9561015885868,649.4139249923238
1781773248.0490642,845.3827474019263,-896.1954184981414,686.2510395000108
1781773248.0709124,913.9729893435384,-893.1952228615249,717.8596655673027
1781773248.1035042,1016.3862078465005,-889.3568920570801,756.2133995338825
1781773248.1256123,1083.8272850036199,-886.6493495580896,775.312868426305
1781773248.1700187,1217.2322595471435,-881.1463502682419,799.5913873655184
1781773248.2032945,1316.8724227560679,-878.023106293952,804.0153785667578
1781773248.236347,1416.2750274791174,-874.1303950327552,798.3525054601739
1781773248.2586596,1481.8010366409687,-871.2620358426985,788.8071270483152
1781773248.2926886,1579.0231786815784,-867.2981285262198,765.4638325248923
1781773248.326432,1675.8749301928067,-863.1094949368202,732.2120753270896
1781773248.359098,1772.4190260398057,-858.838048252675,688.701510073245
1781773248.3812768,1835.68593701222,-856.5737321042241,653.3708632015934
1781773248.414684,1930.4394957026775,-853.1309694108888,591.5571371818643
1781773248.4476538,2024.8561704339781,-848.437616495117,519.369289771177
1781773248.4815516,2117.6226066167105,-843.47175786292,437.96857959080455
1781773248.514549,2209.9006814600725,-839.0683284730891,346.4210096610689
1781773248.53655,2270.729107988713,-835.9640720243937,280.3215737514626
1781773248.5594149,2330.3798856766166,-832.2336870643638,210.32944993579312
1781773248.5812368,2389.865622941562,-829.3828215613003,135.5242063363336
1781773248.6146722,2473.9530408987334,-825.5306101220317,63.66608465513674
1781773248.6378741,2518.811305752148,-822.7305018015948,131.37744642225834
1781773248.6700966,2585.230941371191,-818.7730652949875,223.30946995608718
1781773248.7030566,2649.2600073807316,-816.3251390059861,303.34477242977624
1781773248.736451,2713.6581421927785,-814.9435837668383,371.49119871095354
1781773248.7699907,2777.094332640086,-813.5290726957745,427.91122985363614
1781773248.7920346,2819.104578995308,-812.8150828008671,459.238537010645
1781773248.8256516,2847.389568157835,-814.1303368349045,501.6511350120507
1781773248.8586404,2721.764877081962,-828.3275067091748,554.3349798984148
1781773248.8919756,2596.7010123881005,-842.0444082075346,596.0023339292675
1781773248.925254,2473.534114913312,-858.2187493205856,626.8030888208225
1781773248.9479296,2392.881843151851,-868.1078627714545,641.1119760136968
1781773248.9699962,2312.5970749672983,-878.277407969233,650.6512589708327
1781773249.0031824,2192.6920837651696,-893.8395534757143,655.484917137142
1781773249.031502,2094.102796572381,-906.9723451569549,652.2201247626598
1781773249.0644996,1977.8234886208893,-922.8269799684585,637.7755181139618
1781773249.0864928,1901.1214533172435,-933.5172349027874,622.1243130338025
1781773249.1188414,1785.9990173854492,-949.7741735186062,589.9706123607698
1781773249.1520574,1671.9604549196067,-966.9698863891202,547.5824409574592
1781773249.1745284,1597.0452499369526,-978.2346112227111,513.4073590864783
1781773249.2082057,1485.3554517580683,-995.8398004932811,454.09739818811465
1781773249.25345,1337.6766087624305,-1019.4536398694515,358.98461634234775
1781773249.2864127,1229.326412196907,-1037.4330789499106,276.21193496039007
1781773249.308908,1157.7214808130962,-1049.4564158552844,215.52568924928295
1781773249.342231,1050.522569322458,-1067.8698134108918,116.62639991944677
1781773249.3753257,948.6917217164931,-1085.7074947910464,56.07772248572613
1781773249.4095702,860.9057551463444,-1099.7380577529607,139.05994814708555
1781773249.4424093,773.2674046020157,-1113.5266888069227,209.79517092960563
1781773249.475138,686.6662436092738,-1127.8650445505402,267.36433136265975
1781773249.508449,600.7872964100238,-1142.4568000732775,313.9352553277919
1781773249.5418031,517.3426795777434,-1155.3653389731985,349.3540999709996
1781773249.5642893,461.2609516847312,-1164.8630165538846,366.52650076099025
1781773249.5975018,377.76235727854106,-1178.7530128989315,382.9818359717995
1781773249.628751,294.47753241215054,-1193.0707645081468,387.64392090320456
1781773249.6509461,239.4339549700366,-1203.148568844394,384.7249642111625
1781773249.684984,158.42398279714777,-1218.32266456735,371.3585021152918
1781773249.707405,104.7510559608522,-1227.9777708352904,355.7029113382681
1781773249.7404497,25.806559171601606,-1242.9383913729646,324.32905048650895
1781773249.7644136,-18.286406495906743,-1252.0212962109822,302.3114041387225
1781773249.7858975,-50.07806570336381,-1257.1552427933054,278.1162277803603
1781773249.8185081,113.18159686583877,-1212.3830289020364,321.78800726749824
1781773249.8407423,219.5198380539496,-1184.8095970147467,342.9399519002233
1781773249.8748145,377.39597954577494,-1142.796597162388,366.41667296542903
1781773249.9080408,533.1276588990476,-1101.1284176043725,378.91066735163787
1781773249.9314156,636.3585905324749,-1073.4169694906964,381.46992055465256
1781773249.9641378,789.2151587118818,-1032.6918520417323,374.6345108905537
1781773249.9977503,940.0819786118533,-992.1378361239265,355.7041436172423
1781773250.0426652,1137.0154359660412,-939.4882529068667,312.9877683082405
1781773250.0755086,1282.3355354401126,-900.7016061566048,269.191051662138
1781773250.1087515,1425.4698555992795,-862.5867768850437,213.4899980055357
1781773250.142217,1566.5194719870735,-825.008023577002,146.68262465851853
1781773250.1759343,1704.6499538503608,-788.465335232807,69.42579024383843
1781773250.2087762,1830.3395057018474,-754.356699397881,80.2377560382649
1781773250.241937,1950.7585374991586,-720.9459861792756,141.8452944080396
1781773250.2643068,2030.2745238653042,-698.9517983792863,175.76646634362044
1781773250.2976995,2147.498088363034,-666.2242194766014,218.10063997652907
1781773250.3312342,2263.204998990936,-633.5609318083857,247.8935542265221
1781773250.3533707,2339.7609302560777,-612.1276418522727,260.8171263553918
1781773250.3978074,2491.0291260491567,-570.1366326011166,271.8844458862114
1781773250.4312341,2602.5124650577745,-538.9941416419613,266.13116142163005
1781773250.4756217,2748.27188443515,-498.84048229664864,241.43772521765203
1781773250.497768,2820.5084649689975,-478.4160392527374,221.97290375794682
1781773250.520055,2674.2080456431167,-500.7761672789231,282.5932667959459
1781773250.5530727,2475.5304985823423,-529.4939970362655,357.32554061023245
1781773250.564418,2357.7502339347934,-546.1186512912083,397.78685777643494
1781773250.5867555,2202.298237404916,-568.9953280116453,445.6013328027811
1781773250.6311295,1897.7319407134362,-614.172064203254,522.209312628019
1781773250.664381,1675.0427148867116,-647.6785299548936,564.1346274645663
1781773250.6974697,1455.6525144575367,-681.2437437251797,593.1210499258439
1781773250.7313213,1240.000650646601,-714.1126925604848,608.6917523595007
1781773250.753495,1099.4485149493269,-736.0923690307592,612.3356107650375
1781773250.7865176,890.575052216343,-769.2166358982087,606.9402690073033
1781773250.808625,753.8552278981449,-790.2159570356303,596.9491838137004
1781773250.8425639,551.1203461613283,-822.737557970215,571.2899565883902
1781773250.875322,352.49101781504817,-854.0578499378059,534.3935581280028
1781773250.8977058,222.6286697968527,-874.8179969059016,503.14921251351916
1781773250.9310646,32.280193603816556,-904.8330728049651,446.26930499696624
1781773250.9641762,-153.60382272599702,-934.2569934810379,378.15931538876004
1781773250.9863997,-276.29592151762546,-954.7549991505431,327.0614691456169
1781773251.0311337,-516.8919130171504,-995.0110498142352,212.55764187388442
1781773251.064402,-693.0343408313323,-1027.6539565681044,114.51538229531685
1781773251.097464,-863.8009475904365,-1056.0331110450643,5.328864760908832
1781773251.1308343,-1029.1621002295453,-1084.3215167067592,-115.6916212027891
1781773251.164419,-1190.8993382152846,-1112.3749176244223,-246.19737350684008
1781773251.1864147,-1296.2939341229326,-1131.175125449345,-338.1689782585348
1781773251.2196836,-1450.5760231492031,-1157.6094643999643,-485.2131074143242
1781773251.251516,-1603.1777740227374,-1185.2624007235504,-638.4067983058883
1781773251.2851667,-1738.6628431273791,-1204.135068636718,-686.1542042712213
1781773251.306993,-1816.110865789212,-1211.758049366929,-602.1892088803409
1781773251.3417912,-1932.4325405238337,-1221.4698712324216,-488.4674822587905
1781773251.37539,-2046.429061529828,-1230.988755425198,-387.1856254794562
1781773251.4185987,-2197.062667910832,-1242.929512382334,-275.08528708073436
1781773251.4401357,-2271.0635778880246,-1249.5951701907418,-227.5810071826321
1781773251.496801,-2455.4615716009844,-1265.997137583501,-131.80080980601107
1781773251.5301085,-2564.376796885673,-1276.8402571649244,-91.89816672119706
1781773251.5833385,-2743.1661384713584,-1293.795167532983,-50.18480792321538
1781773251.6326733,-2883.3926171701937,-1307.9581181623914,-40.925888124316124
1781773251.6464522,-2935.11855118919,-1313.621162475476,-42.58938299611253
1781773251.6701915,-3003.7844580990527,-1320.614645354805,-49.028906760228146
1781773251.6919975,-3071.844987157683,-1327.7381859031477,-60.90904538238667
1781773251.7262962,-3173.36459799723,-1338.6182488874108,-88.0130590164244
1781773251.758916,-3271.47896023142,-1348.479322160955,-125.8350892658445
1781773251.7812152,-3336.2248547058043,-1354.8288251922763,-157.77334075062006
1781773251.8030639,-3400.8722256951587,-1362.4598545088122,-193.67119096592015
1781773251.836252,-3495.99026080883,-1373.4987117531093,-256.4466962076826
1781773251.8567247,-3558.978593954919,-1380.7751085681944,-304.70641207522425
1781773251.8793464,-3620.3554229792157,-1388.3670445754806,-356.92908113742624
1781773251.9082587,-3696.140801909254,-1397.0984913987454,-429.77007563763425
1781773251.9307241,-3755.9568829956706,-1404.9977266360377,-492.24606645887695
1781773251.9476664,-3800.2280315879275,-1410.1238810202005,-542.383978523918
1781773251.9701583,-3857.814625276856,-1418.1979745261049,-612.9609062217181
1781773251.9868832,-3901.351621100054,-1423.6435193329128,-669.1880735775818
1781773252.009832,-3956.974571201467,-1431.2300341408843,-747.302066406336
1781773252.0373838,-4030.4722167845775,-1437.4697148948592,-673.4079967612748
1781773252.0613592,-4103.382411296508,-1444.6627302974396,-595.8425905422498
1781773252.1028972,-4204.882725608718,-1454.3734736728334,-503.0694400994637
1781773252.1249185,-4263.085068104093,-1459.9123925449696,-457.31030103362696
1781773252.14548,-4319.632923833746,-1465.3740501850557,-417.16226392956185
1781773252.1811867,-4404.427435914137,-1473.2200482684582,-366.2749553058325
1781773252.2147765,-4489.8293483992,-1482.100562258341,-327.60930582663434
1781773252.2477949,-4572.448324645181,-1491.0685467678968,-300.50075399300397
1781773252.2706206,-4628.041004387105,-1496.1249625064827,-288.86271166642825
1781773252.293895,-4681.6601872286265,-1502.7925901184715,-282.3371679360787
1781773252.3318677,-4777.294533410162,-1512.1877096687722,-282.9875703626512
1781773252.3537102,-4831.483632665898,-1517.9602921216613,-289.7756385899815
1781773252.3870215,-4910.39991697924,-1526.9823232518597,-309.11128966856563
1781773252.4107952,-4964.118968928781,-1532.4840352483634,-327.887879035719
1781773252.442628,-5042.960934853217,-1541.166987971669,-365.11046817242476
1781773252.4644787,-5094.6150912688545,-1546.9907804563304,-396.4679800157338
1781773252.497965,-5171.386020850817,-1557.3867117242362,-450.070645880858
1781773252.5436802,-5267.325171826373,-1570.084916272405,-539.9813375992799
1781773252.5717647,-5328.361043250341,-1577.3980907294756,-605.8149539848364
1781773252.6001313,-5397.434678386148,-1586.455445667329,-692.175512437647
1781773252.625891,-5444.886611666946,-1592.7721781453115,-755.3776214992324
1781773252.667606,-5548.980565771347,-1602.133639769759,-649.0799220223855
1781773252.6923203,-5601.336629557946,-1605.915390603075,-603.9855317579037
1781773252.7146955,-5651.881458044948,-1609.711165106402,-565.1812373287087
1781773252.7478569,-5728.796211740829,-1615.7148507764366,-515.8144323644306
1781773252.7707653,-5775.824527568044,-1620.1757902395643,-489.6975746176219
1781773252.792802,-5823.204761618513,-1625.5108435849913,-466.9682467073349
1781773252.8092382,-5860.14453857685,-1628.9972977544076,-455.0395985442865
1781773252.836917,-5921.830783127261,-1634.3226376008706,-441.2497517118374
1781773252.8676841,-5996.248137794389,-1640.9804550182741,-434.0127753631572
1781773252.9092286,-6082.269369625769,-1649.295684161252,-440.2543631932624
1781773252.9422333,-6153.1414070743585,-1655.9875851519837,-457.7785434814972
1781773252.9755597,-6224.887867837113,-1663.4686394414998,-485.6410309540612
1781773252.99833,-6271.597049235757,-1668.6250340846595,-511.171825400451
1781773253.0433013,-6351.906964003835,-1680.314855973777,-562.3530479035255
1781773253.0578752,-6393.727808897798,-1686.0759775910553,-598.7078711830831
1781773253.1055787,-6481.4629720324,-1699.6568201173566,-699.1661688399266
1781773253.1218736,-6490.738687314248,-1702.2872519146085,-709.3522367022613
1781773256.0426157,3513.967877301165,-666.9473706059545,-564.539064823854
1781773256.07579,3544.445781020783,-700.6478074997839,-540.9578594682662
1781773256.1203835,3578.0617697975813,-740.0948458557597,-514.9254194335729
1781773256.1535606,3601.549051823639,-763.3877243810425,-505.1437013846647
1781773256.1874778,3619.416873504418,-779.6347132094916,-502.6384634667018
1781773256.2202811,3627.8896733398547,-791.7968281087875,-514.7580487741458
1781773256.2535777,3625.6598281853785,-810.1805501909317,-535.6005395988068
1781773256.2766688,3628.181084871767,-828.9214604706381,-548.4239658051836
1781773256.2984931,3629.2281004833208,-845.872888206939,-561.2118739740671
1781773256.3205297,3630.5857198019844,-861.798184560542,-574.9716416008819
1781773256.353747,3632.6398142462654,-878.5824957120324,-591.7054056698086
1781773256.3763716,3636.269440024409,-884.0687507009693,-600.2399841473626
1781773256.409566,3643.493525299377,-888.1515197211096,-609.8529016245498
1781773256.4425542,3647.810758412428,-891.3833635059852,-617.9581843364093
1781773256.4647095,3649.7771600052106,-893.7039463609004,-622.8635622866376
1781773256.508477,3653.3386792994625,-898.196308010554,-633.6752790062174
1781773256.5436778,3657.052380530698,-901.4623888245536,-643.1194145878331
1781773256.581221,3657.835761404282,-904.5911741976047,-648.7715955780814
1781773256.621179,3659.012821275662,-906.1137756577436,-651.7903517057425
1781773256.6517484,3660.082855542457,-905.800362568198,-652.7818990772994
1781773256.6738586,3660.517422313408,-905.6642009182701,-653.2028233856555
1781773256.695875,3660.6947409381614,-905.6404820065416,-653.5165661859016
1781773256.7301862,3660.979118618203,-905.7373617811252,-653.8154755961929
1781773256.7525702,3661.0383784237392,-905.859741516579,-653.9305752680228
1781773256.7882369,3660.8823156910644,-905.9791854692804,-654.1745557221478
1781773256.8256087,3660.776387062317,-906.0954477776199,-654.2854643991994
1781773256.8463666,3660.638074367315,-906.1264544529931,-654.3519860469347
1781773256.8792315,3660.485467441818,-906.1266915875284,-654.4858816510932
1781773256.9030042,3660.347223061201,-906.1562303642637,-654.5306976224438
1781773256.9376097,3660.1029143193427,-906.2709002422671,-654.4544545138144
1781773256.9704952,3659.832601261071,-906.3779697764642,-654.2496121730687
1781773257.0067525,3659.5255419801733,-906.5340260004856,-654.1207362480212
1781773258.034533,3542.3004265979007,-846.7937923550464,-511.9369948626444
1781773258.0670004,3551.8646293425563,-811.2067314068282,-493.2231708809851
1781773258.1004064,3562.829988055868,-763.8650800295974,-476.29631445784923
1781773258.1329703,3571.2702155981206,-723.3638647665398,-468.9221330507515
1781773258.1604788,3578.7430087862244,-692.063936456581,-471.9268077104648
1781773258.2068396,3572.847286659126,-656.9443323898809,-500.2133916513513
1781773258.239068,3563.5339849559477,-636.3486918290594,-528.2241535454959
1781773258.272019,3551.7167899016176,-599.0452481997168,-564.2255246094949
1781773258.3055613,3559.490649419473,-582.5637186992011,-570.3497432953956
1781773258.349069,3569.6382946573826,-579.6807079636363,-580.9323875539845
1781773258.3819356,3579.2199131722186,-580.4077703297218,-592.3655352405418
1781773258.4046886,3586.530787206602,-581.1101941652342,-602.2195341735236
1781773258.4373791,3591.8883008135904,-583.4158921584512,-611.1783883321627
1781773258.459584,3594.8987384228367,-585.2800070572441,-617.0586579610604
1781773258.4936178,3598.8374860646363,-586.4357246685609,-623.4366474264402
1781773258.5156004,3600.428094444334,-587.5188583166836,-626.9715505725125
1781773258.537473,3601.3243602958237,-589.1650624316339,-630.2833494066916
1781773258.559655,3602.0886680992567,-591.0063040803606,-633.1401511182626
1781773258.592742,3603.6659388327344,-592.2823391411181,-637.0180845186062
1781773258.6148458,3605.127052173866,-592.4983503926244,-639.4819849129823
1781773258.637304,3606.365718961687,-592.6776010582956,-642.5921441039842
1781773258.6814175,3609.4437856990553,-593.4875495237709,-648.6633042265031
1781773258.70426,3611.9851184256327,-593.0871734374168,-652.2386350927064
1781773258.728335,3613.40807496029,-592.626392797861,-654.3889136269707
1781773258.7653673,3614.5722918057845,-592.4202296123375,-655.9951909485146
1781773258.7949662,3614.8850062774864,-592.2882128315601,-656.4872383651804
1781773258.8212502,3615.1524760992074,-592.233012239158,-656.5256708334038
1781773258.8427353,3615.4272281566214,-592.1727118427754,-656.4988340719682
1781773258.876645,3615.7150878900934,-592.0053912260813,-656.8631016381729
1781773258.8988314,3615.65874885904,-592.0353356734597,-656.8568580672973
1781773258.932006,3615.525510737825,-591.988127084446,-657.0017848011634
1781773258.9762967,3615.48419797781,-591.9628988654309,-656.9367228741074
1781773258.9985685,3615.5120712029975,-591.8429381578044,-656.9579835621929
1781773259.020695,3615.518968081921,-591.6966016313056,-657.1099616525504
1781773259.0427973,3529.649399795355,-854.2182854674818,-639.0143428971046
1781773259.065266,3564.1075190792662,-855.227070471762,-633.5213040571192
1781773259.0873847,3597.15172328384,-854.3854007165191,-628.7478327060771
1781773259.1093295,3627.7936196756664,-851.5796690075625,-625.3157883336572
1781773259.1426435,3670.2401916950485,-845.3406225364492,-621.3244111013013
1781773259.1765375,3706.6397905736717,-835.8424069541483,-620.8238923438927
1781773259.2279258,3731.3996850967096,-812.5499409097871,-635.5254553131853
1781773259.2716126,3731.465128039674,-792.4638510066452,-650.0924262623602
1781773259.3170946,3732.7619044404823,-789.0393739663787,-654.7928819678498
1781773259.3499827,3735.113328091879,-791.6382430689349,-655.8633946037767
1781773259.3841085,3736.0812390528326,-792.6402973063767,-657.0074748052381
1781773259.416722,3736.1892569571987,-792.373042444399,-657.377908291305
1781773259.4511147,3736.6486337638007,-792.3706766056819,-657.624394448014
1781773259.4849522,3737.309740416073,-792.9299640810178,-657.8421941592392
1781773259.5171628,3737.57546062994,-793.0087511776757,-658.2761831494183
1781773259.5507162,-3240.326414708657,-762.1454232409715,391.050804911506
1781773259.5841603,-3189.7878375656605,-741.1229146843331,400.07911312639817
1781773259.600571,-3165.513996457483,-730.4573285974394,402.65317548496864
1781773259.6335728,-3117.3477980715934,-686.5494104540571,418.5134837068639
1781773259.6497545,-3101.64780216827,-679.5749408696128,418.31761141316963
1781773259.676589,-3062.6351842805675,-662.8737860598377,415.44505603420083
1781773259.6987004,-3031.9452983728434,-650.6926697444876,411.90130152669576
1781773259.731522,-2986.5982470118142,-634.6226797036936,404.53157292136433
1781773259.7542753,-2956.7047663647545,-624.161888465919,400.29535624562806
1781773259.7871094,-2911.210320928185,-611.2660565463842,393.3162020864501
1781773259.8093243,-2880.8932343242645,-603.6821658360668,388.2034334478524
1781773259.8465269,-2828.499752181036,-589.1860076284471,376.85067146505713
1781773259.8774948,-2791.0996230862743,-577.0322467510682,366.3716506484491
1781773259.912946,-2739.764199221331,-557.5880286326064,349.02583866971565
1781773259.9437044,-2703.1879235210704,-542.2478909011982,335.71801089648056
1781773259.9651523,-2674.8751864115447,-529.3703325029285,325.4436865434471
1781773259.987646,-2646.855032911571,-516.9564136248043,314.7614507546056
1781773260.031626,-2592.1986735466135,-492.974992210753,292.7042611656542
1781773260.0659268,-2551.5801401714252,-477.27099728662,276.0345042703038
1781773260.0764537,-2538.241651632218,-472.69983004251714,271.0488721140304
1781773261.5463963,-67.01363142816527,-872.1749021704487,337.36797848482854
1781773261.5800056,79.92861729793728,-860.8236293873152,310.608813004405
1781773261.602444,177.30218665555705,-853.0758129919423,286.2621117934271
1781773261.6364582,321.6811846045398,-842.2879657262009,240.78737518977266
1781773261.659071,417.02472589108146,-835.3227598630301,204.29625613774635
1781773261.6920493,556.6753331123373,-826.2569154205777,140.55199277314074
1781773261.713097,649.4112007474656,-819.9082142571945,92.00388655001338
1781773261.7356093,740.5989627553929,-814.3820228934455,38.95511042775775
1781773261.7694218,860.6925197245489,-806.8650033572935,89.31357942299121
1781773261.7849607,919.3560505087429,-802.858908235758,120.61026152399457
1781773261.8093553,996.5373712240083,-798.2867115370196,156.68790751476752
1781773261.8406618,1091.7821381272233,-793.055725635539,194.17776274456173
1781773261.8577576,1167.8301573614222,-788.6752168500593,218.91992714417327
1781773261.8798013,1243.3604051932066,-784.7498254874765,237.6942663290209
1781773261.901764,1317.4569682723163,-781.7461042642769,250.93534839996363
1781773261.9237022,1391.609639896131,-778.1342912786387,259.5278010595135
1781773261.9573193,1501.6114683771784,-773.8749154396257,261.92368128373465
1781773261.9804032,1573.979121888833,-770.7588908673705,257.272274604801
1781773262.0133271,1681.9760021562402,-766.6498847599422,240.57558052630043
1781773262.045512,1768.3642166660252,-763.8259930960864,217.75900210230168
1781773262.0790248,1890.359145978159,-760.6728208042155,173.0551057342861
1781773262.1014056,1959.3315316395203,-759.254923721977,140.4930321062914
1781773262.1454062,2095.323045888546,-755.8111796660987,61.883986970144356
1781773262.1796937,2184.1518202469347,-754.5594454498657,74.82417742507172
1781773262.2021723,2239.3877466480217,-753.697035045465,108.29016953922736
1781773262.2361617,2320.827775043976,-752.524921104461,148.528731547053
1781773262.2574558,2374.7486282539357,-752.6009654913379,168.9007320469239
1781773262.2916808,2454.899718206748,-751.3890891397757,190.90088050718134
1781773262.324657,2535.186032256905,-750.9849528184409,200.71092369863007
1781773262.3473272,2587.7580776148047,-751.1224696410488,200.90735412834601
1781773262.3914623,2691.9029591357853,-751.454845047234,186.67765493880668
1781773262.426358,2743.464716077272,-749.8842715562458,174.46992077609372
1781773264.532699,2474.2992893169026,-1536.0026425671858,795.5207643524279
1781773264.5618503,2516.6414337283354,-1560.209331196209,812.8845110669561
1781773264.5883913,2543.884419586327,-1576.72167470723,818.7827174696757
1781773264.610327,2572.5703172627896,-1592.8400446598473,818.9459678567421
1781773264.6322381,2600.363026645055,-1608.8208099040164,815.2410255108947
1781773264.6658602,2642.6807058476497,-1633.550239661169,800.654450165153
1781773264.6879773,2671.00853287459,-1649.58178881362,785.3065644830082
1781773264.7079716,2698.466975235437,-1666.0585684562047,764.8350808090502
1781773264.7409744,2739.5841265045883,-1690.0672009775649,725.5817084418535
1781773264.7638457,2767.1240425925016,-1705.3725240575143,693.5715627047101
1781773264.7860618,2794.406644119298,-1721.9688988527864,656.9588294358687
1781773264.81998,2835.2166766746404,-1746.363329565779,593.7554472151984
1781773264.8418994,2863.6241748801413,-1762.9614546868752,546.2705276680515
1781773264.865468,2889.736166381174,-1779.4255196085187,495.5478070885098
1781773264.8983827,2729.1817610114867,-1701.3902110207277,509.83732124039307
1781773264.9207177,2613.3008662261327,-1645.4584805006439,518.2162548296171
1781773264.9650939,2386.9033746072923,-1534.4668670750082,519.0758313392118
1781773264.9983876,2220.6565312395605,-1452.079132013378,509.05601209478533
1781773265.0318122,2057.2794337562464,-1370.3079901818471,488.7572806076164
1781773265.0653849,1897.2798752387505,-1289.101398414543,458.6523319214058
1781773265.0875738,1792.3055658820483,-1236.3041351984507,432.502484348044
1781773265.1273136,1610.8113276335798,-1143.989697984731,375.22055171709206
1781773265.1485896,1508.9565773483278,-1091.6460437826804,336.9137724707583
1781773265.1818192,1357.8955795489308,-1014.0006846628072,271.07640583650164
1781773265.2051227,1234.4775671488842,-949.1319358684711,209.13211347318247
1781773265.2259772,1161.4225686933048,-910.8952316568237,168.71469232292333
1781773265.2470932,1064.8301113915913,-860.4901501443451,111.31214373258794
1781773265.2693548,969.063480233009,-810.2615893287151,49.029795046399464
1781773265.3028061,837.2889836828144,-740.3619740529496,95.75780997845627
1781773265.3249488,752.8387340367582,-694.774516140006,140.1178750204969
1781773265.3471327,668.9976560943676,-649.8029000114662,179.04595238874472
1781773265.3887098,525.5577001614403,-574.0959404425582,236.43796412955473
1781773265.4233925,384.6704930476334,-497.6360651546704,277.53724164317964
1781773265.4472625,304.782820443744,-454.3336697831525,294.2375893752852
1781773265.4696088,225.51208335710456,-410.8866893392181,305.96746784390905
1781773265.491461,147.36415251754272,-367.34593576542824,312.0810264644568
1781773265.5142374,72.489867996968,-324.58019688540224,312.21804954366485
1781773265.5490007,-41.91593423601933,-261.5126559376194,304.7110350852313
1781773265.570743,-116.91989561654336,-219.80192387509302,293.7112868424589
1781773265.5833318,-172.60046415451586,-188.36440325470198,282.3868110334745
1781773265.610482,-223.7057019048608,-153.5768476262066,268.86938681870004
1781773268.537307,186.20177578676737,-694.0178691565727,70.03603266000833
1781773268.5593445,79.28372495662227,-717.8603716529223,37.460534058133845
1781773268.576017,2.183501748133281,-735.3665285144015,77.65128227538251
1781773268.5983467,-97.39852190442784,-758.3666417605714,125.64295500982824
1781773268.6210907,-195.54227702789274,-781.341583965636,167.06324026337313
1781773268.6426659,-293.4064870317136,-802.8018696256519,204.00308894217525
1781773268.6646547,-390.78653092459535,-825.3250442101868,233.23964321685003
1781773268.6810806,-462.726999270415,-842.0632488416463,253.15067238279644
1781773268.7031543,-556.8968258838543,-864.418790910001,274.22899459853335
1781773268.7201076,-524.8282303412974,-862.5339205004757,300.01081474068445
1781773268.7426102,-410.5440563877822,-847.0535064440674,337.77692237654946
1781773268.7592616,-324.9570076219256,-835.5904743265138,361.6132172595414
1781773268.7809238,-213.52355125130646,-820.4566662269787,389.96342959466944
1781773268.8039167,-101.86056275360447,-807.2170057719954,414.52292541432496
1781773268.842348,90.48817234469384,-784.6779226516859,443.57292124198375
1781773268.8643699,199.2164360648597,-772.9116311367633,455.43042517361437
1781773268.9149272,439.9969477234177,-748.4992597110821,463.1321986589219
1781773268.9369788,545.9106308420131,-739.2200714599948,460.2470352851388
1781773268.9591904,649.6544194681112,-729.8371912475064,452.7025256883176
1781773268.9870646,779.4436697079899,-719.0811316649758,435.8065037807943
1781773269.0091481,882.206277361747,-711.6016474972222,418.76755739726957
1781773269.0315697,983.4359521913528,-704.3349184387702,397.4083960099778
1781773269.0479465,1059.0698918726273,-699.1816486122303,377.4973545390358
1781773269.0706282,1159.9477507621348,-692.7198836928416,348.306750600569
1781773269.083487,1234.3163632200321,-689.5769541619042,323.9476329527529
1781773269.1094723,1332.8011031879732,-684.3263278244141,286.7549604207513
1781773269.1310408,1431.4479826065058,-679.1309441684643,245.42580834997742
1781773269.1489432,1505.0634213858807,-675.7269645668082,212.3575817402758
1781773269.1772492,1625.371697251375,-671.7741324686941,151.83203861174871
1781773269.1993392,1745.2879539978567,-667.7973376459796,83.84411774408213
1781773269.226263,1838.84032004296,-665.2822693500165,43.058156804592855
1781773269.2444222,1921.8107650719492,-664.5064571300898,92.62694622440304
1781773269.269967,2004.7856766995706,-662.761517414486,137.41127426889187
1781773269.2927866,2086.0225743889364,-661.6374318832414,175.8770351803042
1781773269.30915,2147.236253059893,-661.0668101384662,202.16167669176392
1781773269.3312912,2227.98265123155,-661.7928265994109,232.20895537799407
1781773269.348058,2287.986885188553,-661.8011708586142,252.16004735099378
1781773269.3702157,2366.6707057076082,-662.5826304277099,273.6691740383768
1781773269.38677,2424.8162659730087,-663.1737443156566,286.99768271763674
1781773269.4031014,2483.638133838422,-664.2245639941931,297.2459925873008
1781773269.4371598,2599.623660292339,-667.8492483460548,309.376432626412
1781773269.4533665,2657.0145805046923,-669.7125360727234,311.71646682968446
1781773269.4755123,2732.684107903638,-672.1747369023248,310.4668389581923
1781773269.4924273,2786.3099253459586,-673.718359364632,307.5225601488106
1781773269.514233,2761.942135496707,-663.8139629172405,301.9695834200949
1781773269.5365603,2622.802532086622,-639.0486655036422,294.81314983829117
1781773269.557085,2486.6708146920723,-615.3232487943087,279.01523682174883
1781773269.5811188,2352.071892683217,-591.3663123916851,259.13310868751967
1781773269.5979075,2252.043555460709,-573.0729386021305,240.69465123196363
1781773269.620129,2120.431835394089,-549.1736166368952,210.85990749425855
1781773269.6374729,2022.2767338793483,-531.8721745352467,186.1889394978954
1781773269.6594336,1894.5191485156836,-508.94920971629216,148.91997323596698
1781773269.6756425,1799.278303715513,-491.951938448655,116.75619081104158
1781773269.705946,1607.8405844761428,-457.9033229375307,44.098135396644956
1781773269.7606044,1365.6468358653203,-410.80282959423243,119.88250126468085
1781773269.8097553,1354.6506673686858,-386.04124107032686,157.1308948276497
1781773269.8314316,1358.3553836154297,-375.6421499596945,169.9710686222095
1781773269.865092,1363.8052888962375,-359.7947346558439,180.93672689044635
1781773269.8869388,1367.3763708994607,-349.64684140240774,181.02866816395746
1781773269.9088051,1371.3731549126235,-339.7582782729403,177.0736188006393
1781773269.9483078,1378.3275638755233,-322.4891327160741,159.06197743910056
1781773269.9653773,1381.409238050373,-314.9874356184813,147.7425060148718
1781773269.9868743,1385.9756814391435,-304.7259374114458,128.66995348753056
1781773270.0032697,1389.8938415887922,-297.4571563420795,111.56269058544231
1781773270.025293,1395.254378263527,-288.2917167847191,83.68269482974662
1781773270.0482874,1399.46655396765,-278.8227493345342,50.121739576157175
1781773270.0643196,1399.9050416721573,-272.77987656143534,45.83320297367047
1781773270.087129,1399.1939017213683,-265.1583915037159,75.59118198219568
1781773270.1098003,1396.735870454576,-257.4533276920225,99.39905451945319
1781773270.131231,1394.5789795847584,-250.47037821651665,117.34793144258826
1781773270.1477237,1392.0757695842085,-245.42942648835245,126.2179977908335
1781773270.1698077,1390.479572543794,-238.53838801630567,136.0290537719602
1781773270.18654,1389.3916350707323,-233.20452855597952,140.25782542106444
1781773270.2094772,1388.4161563239866,-226.36628041671327,142.71083146008152
1781773270.225526,1387.8729179087034,-221.46616578899798,142.3035579597242
1781773270.2591693,1387.4372078915405,-211.3722908963155,134.39895501815766
1781773270.2770023,1387.3260078884518,-206.8130145527515,126.01480319325526
1781773270.2979138,1388.6354232724077,-200.72540585541316,111.62860733952792
1781773270.3143752,1389.4930073934327,-196.12877391490596,96.93773383260667
1781773270.3366485,1392.9249376149023,-189.35308633776364,73.78994608534357
1781773270.3531988,1395.458506198012,-184.50163245327855,53.57139575363511
1781773270.3756857,1398.5645035266082,-178.6647539738074,40.70543007460136
1781773270.392355,1399.0324241495473,-175.18304309142025,59.677028840736355
1781773270.4201,1397.0180483561635,-169.58260389551367,84.04844628315452
1781773270.4366398,1395.774358110524,-166.2198014258481,94.9405002551138
1781773270.4533114,1394.7395515837788,-162.95546942855754,103.15491515303502
1781773270.4756942,1393.5476191330035,-158.71631110809477,110.15466556449707
1781773270.4986718,1392.7022065154802,-154.5946526018279,112.61804983785525
1781773270.5149543,1392.038841323564,-151.67098474508967,111.22245793808881
1781773270.5423844,3541.576857095787,-264.99484636847734,-615.62856550652
1781773270.5814064,3466.626108072023,-175.1997470820484,-640.3029250251717
1781773270.5977979,3434.239939997921,-136.9125141514334,-646.5800867276093
1781773270.6203754,3391.218423817842,-87.48295056038722,-650.7628535076138
1781773270.6481285,3341.575337233411,-30.674806197455126,-649.9119668529559
1781773270.664297,3311.3344815794044,-1.0892774879565055,-648.6615302156322
1781773270.692716,3265.8568516567225,41.53800548395222,-646.3243611652986
1781773270.714536,3235.026993877491,69.25252310537594,-646.169661269318
1781773270.7308924,3215.666845565228,86.31415271721538,-648.0526374327093
1781773270.7479885,3199.4966810120304,100.30810200095148,-652.1245879941924
1781773270.7702882,3180.1140092237424,119.45827497458687,-667.3801214963934
1781773270.7870214,3172.3916314237085,125.94383450019531,-676.3955338699051
1781773270.809045,3167.731572389425,134.98899023303585,-678.5837828913986
1781773270.8259482,3162.1701230438835,145.4441459287022,-677.3861404257225
1781773270.8475173,3153.177743530859,155.27443962317662,-676.766771590662
1781773270.8643453,3148.9229942070237,159.41581909598602,-675.0979051268332
1781773270.886452,3146.1679777526883,162.41557912205585,-673.3522634638394
1781773270.9033353,3144.9881180290117,162.9899734482677,-672.944465324627
1781773270.9259648,3144.156413344855,163.01645240221228,-672.2543135549952
1781773270.9479449,3142.865276550128,162.96674395699904,-671.6480360065812
1781773270.9642437,3142.0688225640224,162.8083855252394,-671.2470070390203
1781773270.986551,3141.407955718836,162.8816667050907,-671.0843967830525
1781773271.004919,3140.98118659212,162.74098421631854,-670.7766884005616
1781773271.0424178,3475.731378553344,-357.38674700083845,-590.0541972866018
1781773271.0592813,3453.4046885779453,-312.24883921968393,-600.7580572000967
1781773271.0811985,3418.6621992059863,-247.04912026693736,-614.8072409708419
1781773271.0981226,3390.9061973910157,-201.43058090829948,-623.6249488108311
1781773271.1205444,3352.5176221408533,-143.35755999390767,-633.952461134808
1781773271.1422012,3310.4652988251496,-83.89416348224088,-643.7089404046877
1781773271.158653,3278.6169779303864,-41.37024782284074,-651.6259632421809
1781773271.18117,3236.7271356146402,15.237796585751797,-657.624599041199
1781773271.2032816,3198.4843230809797,69.59473975180084,-660.9125437304505
1781773271.2253437,3165.43294325959,123.16821627287135,-662.4454947332312
1781773271.259355,3133.8290954246872,194.3658845879536,-659.6209608592336
1781773271.2811346,3126.881062076727,220.86554150542855,-660.5949825872062
1781773271.29787,3119.367579677981,226.10146575328463,-666.9426449789426
1781773271.320567,3117.350777526345,226.21365699686558,-669.861748554004
1781773271.3423903,3115.4505472031697,226.3501163194687,-671.915761722914
1781773271.3594909,3114.4874825994666,226.36674416408812,-672.1881748020029
1781773271.381203,3113.6267175172243,226.7862018630657,-672.1711957742899
1781773271.403357,3113.247371965917,227.14824236106816,-672.2423064166276
1781773271.4311953,3112.6633298214883,227.77467943103542,-671.9830468602713
1781773271.4481933,3112.338626148538,228.0243459545715,-671.5950346493211
1781773271.4703646,3112.1842567377844,228.2391308468529,-671.3500271331883
1781773271.486584,3112.0644829791386,228.53473860814407,-671.1934585679942
1781773271.5088317,3111.566948765559,229.0439501497434,-671.1620508288979
1781773271.53141,2509.1728715393815,469.08970419382257,-615.1953247672732
1781773271.553227,2449.9597924259697,463.45661065832246,-621.6633682751051
1781773271.5757945,2395.988191890815,454.86925479421166,-628.527905227872
1781773271.5982132,2349.9441169898923,443.44769263360655,-636.186430333444
1781773271.6142955,2323.064116078627,436.16325307577506,-642.1535703372372
1781773271.636511,2299.6779609058726,428.8203908408463,-651.4634081106848
1781773271.6532142,2287.9077701566357,426.01062628570907,-663.1651552345533
1781773271.675374,2280.1984823983043,427.23788011458805,-676.5059041241484
1781773271.6975837,2261.88190341793,428.00732886447446,-682.7528677766304
1781773271.7142231,2251.0106905267357,424.42217194220825,-680.3451846963117
1781773271.7365384,2242.726116682354,421.61516365800117,-677.0459038741723
1781773271.7594872,2240.603916627401,419.8936427672934,-676.1013499170532
1781773271.7724817,2240.3189667433367,419.494264822616,-675.6686332191283
1781773271.7981298,2239.9585844930994,418.89810453610363,-675.6503639575186
1781773271.8254957,2239.6169515473425,417.8626258322699,-675.3485947851439
1781773271.842473,2239.6551605598634,417.28021086366067,-674.997597206715
1781773271.8647952,2239.7584339853106,416.64693414382623,-674.7453329419724
1781773271.886505,2239.9829922860117,416.1570107596614,-673.9001760527717
1781773271.9171293,2240.46089247165,414.82372042567823,-673.0852105821529
1781773271.9504297,2240.5811237920716,413.56358400021657,-672.3198557958345
1781773271.9830296,2240.685370417089,412.8927444298247,-671.3775636459014
1781773272.037374,2959.8273768755957,410.2177403656239,-518.4405668403856
1781773272.065011,2960.597655730345,434.7382051489736,-499.43733674338426
1781773272.086915,2960.9478992070717,453.7042255815875,-485.68161281765845
1781773272.103195,2960.9357501994364,468.1770057669058,-475.07335622011374
1781773272.125573,2959.8857357273755,486.68850968737166,-461.5591543862414
1781773272.1476028,2957.9516187928953,503.7922985559014,-450.32103140824574
1781773272.1644137,2955.512053417665,511.95727683079383,-446.9809479646898
1781773272.1870873,2951.628810601353,526.6629351000694,-438.20223621460406
1781773272.2034025,2947.877646384853,537.775987001857,-431.81483604281163
1781773272.2262256,2942.067983543155,551.4732306500929,-424.7188666308218
1781773272.2476103,2935.5340327745294,564.4468245606846,-419.2861273673527
1781773272.2756383,2925.5712307509575,578.4280695952484,-415.66431731643314
1781773272.2978325,2916.6497179297485,587.7278860102601,-414.6822197697239
1781773272.3148603,2909.7470223026353,594.0129709330934,-416.0024382817592
1781773272.3366966,2900.799164385745,601.1726557245755,-418.81494125158997
1781773272.3587823,2891.087346396511,606.4446722878037,-423.7505092010298
1781773272.3755372,2883.9961915458216,609.2459173752768,-428.3292199041905
1781773272.3976111,2874.395100797482,611.2325425054189,-435.2753852695167
1781773272.4313123,2861.3239951763517,611.0321186098727,-448.0964733664879
1781773272.4530592,2853.4476467561562,608.4501901949648,-457.700420369867
1781773272.4703279,2848.154261883902,605.4069413879648,-465.69998572151326
1781773272.4923596,2841.4988275315577,600.8473272028511,-476.34117394112747
1781773272.5092945,2837.099287579649,596.3039790303167,-485.3128971741294
1781773272.5313792,2831.8904061485773,589.3503977342234,-497.49767412282034
1781773272.5531604,2828.2886954073274,582.2758464016512,-509.72942371022816
1781773272.5704954,2825.789750621456,577.2397852201821,-518.7856534851003
1781773272.5930445,2823.2719050436917,570.4796788701632,-532.1334035819212
1781773272.6148825,2821.6244036956246,565.1629485503133,-545.6363272326961
1781773272.636463,2820.2335027813756,558.883261424994,-559.4018947674264
1781773272.665473,2819.373791464484,552.3598303613949,-574.1676274930236
1781773272.6814165,2819.6099148689236,549.3533138064595,-582.9499985595802
1781773272.7030182,2821.674397807073,548.0401881835957,-593.6802353901074
1781773272.7254465,2824.550387400578,548.7536794443129,-605.0504826504697
1781773272.7424169,2826.8568444996044,549.7374295834277,-612.8984557803111
1781773272.7644172,2830.0825515388624,553.0687254536251,-622.4792297057455
1781773272.7864466,2832.5965785607395,558.7165147782275,-631.3287655236014
1781773272.8039677,2834.599571938815,564.0161038277096,-640.1070905047188
1781773272.8254652,2833.267310133232,570.2413184440919,-654.7090576998121
1781773272.8474927,2831.4066145619795,574.8680905548335,-668.7536972161678
1781773272.8643453,2832.198806650711,578.6725851203122,-676.453135565755
1781773272.886399,2835.083390499092,581.3276671934883,-680.1273000794083
1781773272.9092374,2836.3107725196132,582.1926646628506,-679.6480865658367
1781773272.925506,2836.5416074550467,582.3187013030265,-679.4439231837033
1781773272.9475498,2836.9467871108727,582.704185944643,-679.4741481903735
1781773272.9644308,2836.9136739885007,582.85174365236,-679.4818655132681
1781773272.9866397,2836.838736065318,582.7309456479945,-679.5501090350086
1781773273.008899,2836.5948350158023,582.5638500652128,-679.3730931798904
1781773273.0428553,2453.7831633650817,-143.5269604903205,50.53638716340591
1781773273.0646489,2459.1748039073186,-143.0813368855874,53.17148544002623
1781773273.0866961,2466.9210512026893,-142.55683297182782,50.52623352594765
1781773273.1032069,2473.164430543957,-142.6769277454667,45.57266638251317
1781773273.1259604,2480.024189351084,-139.59918137930705,45.01183124518458
1781773273.1493971,2487.192679798486,-136.19892220793787,43.7332468179358
1781773273.1820297,2497.85553228674,-132.45990208278877,40.638906574518266
1781773273.2040439,2506.714193325843,-131.91681838636484,39.523381197734814
1781773273.2258816,2517.076070187572,-132.20420049626267,39.42642558828803
1781773273.2480953,2527.281860425408,-132.76853089154108,39.75387998915912
1781773273.2699697,2537.207995282898,-133.9222400496812,38.465625175301085
1781773273.2864516,2544.0870700192568,-133.91836505583,39.54218361900752
1781773273.3093624,2553.1153070074433,-135.32658371781386,39.05958708484032
1781773273.3256233,2559.3596796440443,-135.4474887313711,40.14226832728353
1781773273.3423262,2564.606880930032,-136.3147817552373,40.39085801369709
1781773273.3643682,2570.620532877727,-139.67836725123317,39.28714567089665
1781773273.386594,2576.4316244965016,-143.4714641901585,39.448550334768214
1781773273.403437,2580.2185592889205,-146.77148657685126,39.511516885896135
1781773273.4259057,2585.416419627186,-151.22421034021326,39.59312487650559
1781773273.4532669,2591.9023964999765,-156.927214415851,39.639446122798475
1781773273.4756033,2595.2147018767637,-161.98675057354276,40.2707896697394
1781773273.4977093,2597.4280856711553,-168.10065279482603,41.80094285696834
1781773273.5143821,2600.20407074779,-174.52948624414458,43.31295718834222
1781773273.5369837,3014.7507008528064,482.79271216854113,-497.248244094294
1781773273.5586147,3043.258206834295,457.9177030715824,-484.44737388021633
1781773273.5813172,3069.3146752822586,430.0494105618927,-478.8953560285472
1781773273.598284,3089.435875994534,407.11520574557073,-480.4787806226416
1781773273.6212432,3119.658143649776,374.40122270395074,-489.1068214361964
1781773273.6424394,3152.455734790286,338.1702751723634,-505.225866550537
1781773273.6643279,3186.5246094735758,297.847852881336,-526.8680237582723
1781773273.6865082,3220.0387859147145,251.92989788616234,-551.8112035872921
1781773273.7002437,3245.8136765280246,212.97269998446004,-571.4438388503864
1781773273.725623,3279.518920151685,155.71328139372002,-597.8545093404555
1781773273.743086,3303.4761780344306,111.24227554890247,-615.2175540511638
1781773273.764512,3333.668007919537,48.03590559331946,-635.9101356137404
1781773273.7864285,3359.8490227842385,-17.764274027607847,-649.6285425828544
1781773273.8034601,3374.8955672313105,-65.09728746077795,-654.9208269120854
1781773273.8220074,3387.305944846,-121.75599068174436,-657.9347041764179
1781773273.8657482,3389.956566917633,-189.21074734892466,-660.3014507247348
1781773273.892973,3380.8993031062028,-208.7825452504567,-659.0926690570933
1781773273.9151397,3369.1956830167874,-208.48597215581287,-663.0457352232577
1781773273.9368103,3366.724109874121,-210.2758882007786,-662.1045333746297
1781773273.9530928,3365.6274757165174,-211.31100463316048,-661.9364547788482
1781773273.9753034,3365.6559124114165,-211.54963071553817,-661.2878188506689
1781773273.9924982,3365.648762116552,-211.6602907754424,-660.7970304531585
1781773274.0144968,3365.54657828446,-211.74027881289751,-660.3672668545937
1781773274.042947,3068.7587591428446,-647.7967366835117,316.5571576338331
1781773274.0593379,3065.771968637153,-664.1896850341329,330.2036522389392
1781773274.0812836,3061.5814170088984,-686.0550413079724,343.4792206901714
1781773274.1034753,3057.568925273266,-707.6877276585775,351.75359842455185
1781773274.1365247,3050.816673814546,-739.8987325019237,355.8003594395548
1781773274.1598291,3045.917453159904,-761.6720581094728,352.20264438229776
1781773274.1815155,3017.3601192633905,-778.3676673823375,344.2528026032242
1781773274.1975737,2938.2301657638704,-774.2746523614506,333.68965685514104
1781773274.221345,2809.441477547658,-766.7494688185707,309.0519581748782
1781773274.275905,2581.5823783215187,-756.8840008922556,244.7928134414694
1781773274.2980025,2480.1839461971867,-752.9019531729332,209.8368732958667
1781773274.3201537,2379.3869823765913,-749.666637685317,170.62719306467758
1781773274.3424554,2280.514087285946,-747.1823601833773,126.76654638671907
1781773274.3592958,2207.1012423501247,-745.2009600865848,90.4814388203913
1781773274.3808591,2109.6537584375646,-742.9336015582894,38.336514008622224
1781773274.3974977,2042.385229608547,-740.9250276180823,64.063866216095
1781773274.4203258,1955.8317631707605,-738.3449701709463,105.34609411542624
1781773274.4364824,1891.1780539776767,-736.9379146058958,133.87774171326288
1781773274.4592547,1805.6045173180257,-734.9241406341962,166.49180181339696
1781773274.4753938,1742.3730116224287,-733.7456676987305,187.96398593019342
1781773274.4975393,1657.7123950500436,-731.7593015213291,211.26673998470048
1781773274.522653,1552.9116842892554,-729.816473988626,232.6577184526523
1781773274.555604,1429.0758592608784,-728.4647103975644,249.00409358627735
1781773274.5882802,1307.7923491093597,-727.2926633440676,254.47483412517894
1781773274.6154501,1225.9843961625593,-726.0445615765267,250.71848296302963
1781773274.6429615,1125.327808187044,-725.9641360225721,238.5624020045805
1781773274.6645286,1045.4460284403235,-725.9941436877385,224.14490396499224
1781773274.681081,986.1933337562714,-725.7917300739225,210.27019560570193
1781773274.708963,888.4074958678549,-726.0914286053222,180.10104199849198
1781773274.731007,810.136142081156,-726.0458492822231,150.61813063921522
1781773274.7474563,753.1742429725381,-727.8093365609949,125.72646632443941
1781773274.770419,677.0035174660189,-729.2475452434808,87.90957030084
1781773274.7864814,620.6581798792243,-729.6499058756958,57.089306423251394
1781773274.8093512,547.6027988680981,-730.1997841543542,40.9975678362341
1781773274.8312247,479.5346106773067,-730.3757591075503,75.35257027435772
1781773274.881307,330.1115328802235,-731.561221044677,135.6164662109289
1781773274.9040365,264.05956407819366,-732.3710515788043,154.1782698913837
1781773274.9255953,199.27301659834873,-733.8640411138467,167.2610746649182
1781773274.9595404,102.77634690207792,-736.0214820126507,177.54355998766357
1781773274.981533,188.764303889183,-730.488838143726,227.4720852141117
1781773275.003357,276.6819121322448,-724.6764347168219,272.7348267847652
1781773275.0255327,363.8542169034174,-719.1187621775708,312.20046598269806
1781773275.0484827,450.4575625454525,-713.5301638858447,347.3791824132972
1781773275.0649717,515.0251521128733,-709.9120769627823,369.21495044646133
1781773275.0869598,600.7974191749619,-704.9155649152511,395.1348352276116
1781773275.1200285,726.6138238300182,-697.2922522076902,425.30537676066274
1781773275.1421165,810.1685916804028,-692.5921945548582,439.6919100369874
1781773275.1587808,872.05292574884,-689.2540919075064,447.95044143746753
1781773275.1769092,933.7075810950109,-686.0892043468298,452.5440698983489
1781773275.1981716,1015.5192014554221,-682.3205908592536,454.94106725231876
1781773275.2143867,1076.5084952965767,-679.6393681344417,454.38020792141356
1781773275.2364125,1157.5320922624253,-676.2656907496654,449.5140699634648
1781773275.2543511,1217.9911589902813,-673.6600593086578,442.9183787886433
1781773275.2753725,1297.6805518716249,-670.4331258160794,430.3479205557894
1781773275.2922986,1357.3894982886202,-667.9474314793127,417.11439712165026
1781773275.3093803,1416.932814973458,-666.1812775869695,402.0265361118809
1781773275.3389156,1535.0233695586649,-662.5492844246677,364.35103666111996
1781773275.3608932,1613.2044079402942,-659.9904901753456,334.08320280941916
1781773275.3880615,1709.9035929722336,-657.1981192440066,290.2117741402362
1781773275.4154718,1805.2339927412218,-654.8149770623563,238.68767611903354
1781773275.442896,1881.0045268292406,-653.3473352518137,193.38620010183797
1781773275.4707656,1976.3742968984347,-651.7552245282665,131.6278067054453
1781773275.4923184,2051.281479707861,-650.2883142618113,77.36881933968706
1781773275.5143542,2123.253099718027,-648.7993781163482,51.45233611262465
1781773275.5423307,2205.2945621352233,-646.9301929681976,111.88991811933343
1781773275.5645123,2269.9056460023144,-645.6719178218718,154.57828570184253
1781773275.5812945,2318.0136549807658,-644.6739211317908,183.14040288987303
1781773275.6030834,2381.5598352893326,-644.0911029751096,216.8813493062089
1781773275.6203518,2428.2699275578884,-643.9718971252062,239.30012071096047
1781773275.6425931,2491.072707899196,-643.3560509593595,265.255139710644
1781773275.6642702,2553.0208191849993,-642.8720613066967,285.6163839292922
1781773275.6821098,2599.335600108341,-642.5174474171395,297.7949873421725
1781773275.703251,2660.9473085741815,-641.9059894753584,309.8106078070379
1781773275.720154,2707.2281390907983,-641.6628848675417,315.57250513186983
1781773275.7437973,2660.576231298172,-636.7030173627437,327.630639213416
1781773275.764557,2550.2437502725093,-628.8345636033681,338.94428696452286
1781773275.781668,2468.378372307897,-622.9103248026718,343.813374600736
1781773275.8042989,2360.720580813881,-614.6269143505452,345.83151639127675
1781773275.832036,2227.124911659332,-605.2109576206955,342.24973947089165
1781773275.8538282,2121.4537702112502,-598.1265919198387,333.8577071817774
1781773275.8758643,2017.102993993903,-591.6906813559744,320.7229905914579
1781773275.8985476,1913.0562861230067,-585.7900292183024,302.810147258264
1781773275.9200966,1809.877624873148,-580.1165003596528,280.2170224731522
1781773275.9482832,1683.042511116957,-573.1594780615854,244.85006110885843
1781773275.9648614,1607.412581868414,-569.143516582521,219.7794799416135
1781773275.986452,1507.3710998573922,-564.0188343736635,182.14799344069462
1781773276.003722,1433.1201253135614,-560.42227343538,151.0904476722293
1781773276.0229676,1359.8641150575388,-555.5040617751735,113.73097609829847
1781773276.0537689,1367.4775904086723,-553.180692507732,92.25242235129598
1781773276.0762024,1379.228777117728,-551.97056539998,71.51241437863752
1781773276.0929165,1385.77582087963,-550.8991697896347,51.4217223355487
1781773276.114729,1397.910651210215,-549.8316063466016,45.362356377612116
1781773276.1364324,1413.0203177161666,-549.5351604686803,66.58603006495407
1781773276.159955,1426.1389477050461,-549.019413623486,82.26493772591648
1781773276.181581,1440.4349639086327,-548.7815260372363,92.97321164206281
1781773276.203661,1454.6121356114554,-548.1516123385657,98.77118814372169
1781773276.2265508,1468.1173781826776,-547.9597557851471,99.38520976802837
1781773276.2486897,1482.426078163095,-547.8943809686242,95.63128257507609
1781773276.2698505,1497.1943391433433,-548.0675306305104,87.95802111075922
1781773276.2925289,1512.5656927022499,-548.0784788090173,76.49101482155929
1781773276.3372931,1542.1748081223877,-548.0305606392337,39.10158787193218
1781773276.3593786,1556.1829017091766,-550.703840608975,51.025765526183335
1781773276.3816514,1569.5696973243748,-554.0241316615327,63.08421380709321
1781773276.398347,1580.960028162914,-556.5894175270694,71.263145083798
1781773276.420517,1594.276410736641,-559.7643673221991,75.18417152108019
1781773276.4424326,1608.6047038971456,-563.262610820682,75.95477574639958
1781773276.4592261,1619.4114402163173,-566.1667117323984,73.38067224771392
1781773276.4773812,1630.132828362733,-568.9542728017394,67.58713767765312
1781773276.512407,1655.4291845380228,-575.1304650809019,45.27525369253669
1781773276.5556555,1682.8379305498509,-584.0695568627739,51.38668502083548
1781773276.588276,1700.4139907813596,-590.1696129315307,56.65780482078935
1781773276.610055,1714.755074105517,-594.7210211925932,56.30835385530884
1781773276.637229,1732.6727819615414,-600.7176505420856,49.466763276801935
1781773276.659338,1746.9354814324515,-605.912977447712,38.15699303336245
1781773276.6816857,1760.933158331412,-610.5958208034639,44.2112577907138
1781773276.7094626,1778.0226155069663,-616.2763296500982,51.6207549276516
1781773276.7313364,1791.808130604084,-621.1277366425659,52.955580209619285
1781773276.7533617,1805.3224658211432,-625.7900532467017,49.42148236997201
1781773276.7705848,1815.787444746683,-629.3586521102228,43.52442095684573
1781773276.804271,1834.4069023799375,-636.9783392439338,42.19400964610399
1781773276.8271239,1847.3430181427316,-643.1925093666089,48.00809204993561
1781773276.8484306,1860.2034396341203,-649.4911741407678,48.73995305741649
1781773276.8719943,1875.9959205213397,-657.3320403176115,42.300590753593774
1781773276.8981616,1888.306425196842,-663.3715876206771,38.14933263785642
1781773276.916696,1899.5871074874915,-669.1818438799196,43.697452047454135
1781773276.9423006,1911.6201502222987,-674.9840243084955,44.63014460902281
1781773276.9645965,1924.0157390629454,-680.6222896101725,40.71355960272364
1781773276.9878714,1936.5034851943474,-686.2054406358469,38.386228671348626
1781773277.009672,1948.6920230042883,-692.1925869836797,43.13740313637064
1781773277.039493,3356.0113381288365,-568.5886779816307,-608.5257981226455
1781773277.0613108,3296.986748603886,-550.5472180134491,-627.353348401499
1781773277.0943747,3219.261826994195,-537.0636151121303,-644.2216288088582
1781773277.1101575,3208.25508990466,-537.9132497236728,-643.2846986448292
1781773279.0755951,397.4097743685394,-474.4816601508477,99.13062642715113
1781773279.0974498,334.78149700916146,-461.0658058996613,129.59692021933876
1781773279.140846,209.86828658434138,-435.18533358910844,175.95683189644484
1781773279.174252,117.59460739332427,-416.3166156388458,196.28531260859722
1781773279.1970286,58.255851871449295,-404.828756199686,203.75327381450018
1781773279.2193682,-1.6601864644810607,-392.70297491503436,206.67766338280356
1781773279.2414143,-21.700297476024588,-389.9408966311211,212.96015807927006
1781773279.2705772,110.27212723975047,-420.8141779346207,243.80304866323036
1781773279.2819235,208.0123768177299,-443.00586388550266,263.3080948701843
1781773279.3041823,337.77669344930786,-473.0888924924481,284.66906720310226
1781773279.3306987,496.69529846610277,-511.4161256168256,303.4082474851713
1781773279.362943,684.2765410542419,-557.4953907239196,317.33988809908425
1781773279.3842514,807.7932505183832,-588.6576827840736,320.9213468637671
1781773279.4064138,929.5752427838133,-620.2974722667001,318.79039651482043
1781773279.44208,1109.0317883895782,-667.0894341193709,305.83816794010863
1781773279.4644575,1227.0046407741802,-697.8400889014245,291.28275493613705
1781773279.4880884,1343.8406588254547,-729.2171516147995,271.9906726561887
1781773279.5335293,1600.945828049776,-799.8691397920263,211.30542356181286
1781773279.5827959,1850.0522902332432,-870.3342886748576,125.88339353478759
1781773279.609227,1958.0742689025465,-901.0444066260569,80.36636072003873
1781773279.6423697,2112.745164745863,-943.3516432724621,68.8353268834208
1781773279.6596978,2185.6431849768956,-964.885472427966,100.1137264632387
1781773279.6812212,2282.5772924353873,-993.0115065949071,136.88885281003576
1781773279.7036755,2378.5277634558306,-1021.5106771475448,166.65291629867474
1781773279.7256045,2472.714283294581,-1049.9720875817382,192.11021487024846
1781773279.7507439,2591.0824298908688,-1084.5730456947003,216.43821013761638
1781773279.7827666,2704.231731412634,-1120.6598773560488,232.5416874853122
1781773279.809848,2714.9404378594754,-1130.8181881391104,264.61712740290545
1781773279.8372157,2593.838545812118,-1110.9321194677975,318.9306138929805
1781773279.8592765,2497.412068206298,-1095.4159111565723,357.17730524568617
1781773279.8814247,2401.838422207759,-1080.072104206463,389.8126438951552
1781773279.9034033,2307.6183361590993,-1064.438362334396,416.47909584145543
1781773279.9204764,2237.2373446473375,-1053.11349086629,433.1914592797715
1781773279.9423246,2145.5260262066436,-1037.8666467740911,450.97581526126214
1781773279.9648025,2052.4934617684653,-1023.0510977963839,463.25078155080547
1781773279.9812007,1984.2368150124864,-1011.862409346999,468.63583297841865
1781773280.0090725,1870.3016246877692,-992.9336693552729,472.4675804883037
1781773280.026485,1802.946800496977,-981.5856700860793,470.725419957003
1781773280.0540538,1691.5148336685136,-962.6934352672797,461.5156461893268
1781773280.0785592,1580.4659548072511,-944.4778199298433,445.27839319336147
1781773280.103886,1492.8400289864,-929.509581659125,426.33055909850333
1781773280.1204689,1427.655471837947,-918.5560064486091,408.5608100133111
1781773280.1425464,1341.0204842080059,-903.9833237971961,381.1331442369637
1781773280.164458,1255.6491277913028,-889.3544334855727,348.8739222782922
1781773280.1874208,1171.4359744719104,-874.4603632021027,311.6148637495143
1781773280.2089493,1087.1551054973993,-860.4214970598405,269.87949904461453
1781773280.2261899,1024.3262103587945,-849.7805378282851,235.99592627201093
1781773280.2496624,921.3177735699825,-831.6800668152927,172.77265196080882
1781773280.2873259,799.9334787301443,-810.5180937701091,87.78239447519556
1781773280.3092468,720.8384534455748,-796.6596899228227,31.914812329695692
1781773280.3313391,652.9077423856346,-784.6368131142476,84.03884959827009
1781773280.353307,584.6445808506701,-772.3863279521621,132.012114314985
1781773280.3924768,467.8650648228466,-752.206176762985,200.4822479520948
1781773280.4094546,418.6390814089415,-743.2678416053344,224.91913593046857
1781773280.4324045,352.10087727529094,-732.009190699878,254.09398984519436
1781773280.4532592,286.4176013407782,-720.9535161709217,276.53827712056136
1781773280.4814246,205.83581983676243,-707.2149323460567,297.9645934111274
1781773280.4988003,156.96534663132815,-699.6025731764579,307.1871835266634
1781773280.5205019,94.29945583029887,-687.5005436974228,315.59113568435487
1781773280.5484934,19.420607707145955,-674.0392821916805,317.5343884292011
1781773280.5649526,-27.223574754757447,-665.5895392135608,314.4452453279205
1781773280.5877268,-90.67333300540716,-655.4442431549837,306.82890532669586
1781773280.6259904,-198.08347966960451,-636.810495462394,280.78911055182425
1781773280.647606,-256.5665521718163,-625.1087458668701,258.3746729055897
1781773280.6649623,-302.44960232360205,-618.2419752363254,239.06086920984018
1781773280.687612,-362.48845207905134,-607.658848646639,208.58079624709111
1781773280.7090511,-421.8205120466391,-597.7981646446241,173.28701894094664
1781773280.7314246,-480.5291789120663,-587.6275057096051,132.5801403963618
1781773280.7483654,-524.6395201280501,-580.98414813017,99.78580099792329
1781773280.7697513,-582.2768526748275,-570.5436393114004,51.225703527226656
1781773280.7919588,-638.5202934409546,-560.7323270227035,-1.4249468445040776
1781773280.8094358,-680.3532584146482,-553.3495531532762,-44.5824586686961
1781773280.8310652,-735.9035154348473,-544.3766926730463,-105.21817297588736
1781773280.850348,-786.291127430104,-535.7616004925198,-168.37917429259235
1781773280.8870513,-480.98189360911863,-613.3390304874189,-56.062594276795416
1781773280.9089754,-267.51427416782974,-666.6393527008913,17.530834529818165
1781773280.9269924,-59.03066539632731,-716.7323037940187,81.45395340842148
1781773280.956445,198.61270005522195,-777.4582406149029,151.72156502252224
1781773280.981979,400.0761456011978,-821.9110922882822,199.02640134095293
1781773281.0076044,647.5334397491805,-875.2670258980886,247.52648773167974
1781773281.0398893,936.8810277274163,-934.2171922293609,290.7931838903786
1781773281.072471,1218.008764304261,-988.1947495249209,318.80229520809166
1781773281.1056015,1492.1125127139574,-1039.0857812628485,331.5851548069049
1781773281.138968,1758.4583370636292,-1086.3776284757757,329.7713652152687
1781773281.1727924,2017.8578973742754,-1129.5106754668038,313.40661754921496
1781773281.2077231,2269.6016724967967,-1170.7703265688515,283.138095631982
1781773281.223026,2390.955022454377,-1189.2474531770133,263.2523613277624
1781773281.2577267,2633.3616358109716,-1225.6210599399826,214.2369891558487
1781773281.3071594,2983.171552443398,-1275.8506542822238,116.90877962133659
1781773281.323501,3095.7809908009453,-1291.9496856603805,78.50665442766271
1781773281.3581018,3314.3935733098715,-1322.5601543172163,-6.136815833520601
1781773281.389214,3531.7116282060388,-1351.71041637876,-103.6574609283452
1781773281.4289541,3773.0411878378814,-1383.4914762905214,-228.25979300656232
1781773281.4946887,4170.234924095427,-1433.315029804663,-479.03795694937963
1781773281.5612912,4530.741135819455,-1472.9444503006605,-625.253748083942
1781773281.5946178,4662.902612608375,-1479.0349684778769,-518.7092972033793
1781773281.6442316,4922.329935457326,-1489.8407413826258,-335.75051485852657
1781773281.6945546,5143.661742846709,-1499.4598896402038,-202.5712760834
1781773281.7276547,5041.680034621656,-1515.8299132026852,-129.98270711489184
1781773281.7447646,4959.148183244694,-1528.538545744549,-76.18927511330659
1781773281.7782366,4838.700670643448,-1549.2862580687113,-6.6557176898820565
1781773281.812142,4760.936640676274,-1563.6051020395487,33.22032078613428
1781773281.8281345,4664.559668475185,-1580.487381113774,75.94281343942103
1781773281.8611863,4550.605794794781,-1602.2130936873698,117.83252161913413
1781773281.905309,4419.39547249893,-1627.2015223664805,154.59814926865837
1781773281.9384017,4309.0070066283715,-1649.4774156834255,172.90007852977627
1781773281.9668295,4203.107600543679,-1672.7028318413588,179.88206688926502
1781773282.0013132,4101.958694182504,-1697.65317051939,176.64811619225435
1781773282.0508428,3943.3132865523476,-1732.7404731593335,151.91158108276326
1781773282.085206,3840.066322157397,-1757.1030700114736,124.07129651882876
1781773282.1180365,3740.402106369706,-1781.5169452586692,85.23975559668176
1781773282.1515145,3641.604599851322,-1805.9804885552057,37.5363724256522
1781773282.2004642,3492.4982475645334,-1841.851866730906,-51.916466600615315
1781773282.2346814,3391.7494548374866,-1865.941046255196,-123.80917319978148
1781773282.2685118,3292.4504989903594,-1890.8806581926588,-203.57697360132073
1781773282.2848039,3245.2615790783143,-1902.6000545918807,-246.17617918190166
1781773282.3177714,3148.105753727957,-1927.708461129046,-338.6052670442063
1781773282.3510196,3051.1630919810677,-1953.3564170619122,-440.80757756755963
1781773282.3850124,2957.9855647044324,-1977.532304222202,-549.3703065307446
1781773282.401224,2909.750384506732,-1990.5468055552055,-607.7924679784479
1781773282.4344256,2819.3317188371852,-2015.4491680050298,-660.0714269018576
1781773282.4670753,2744.845980594683,-2035.7352076821712,-563.2929689719832
1781773282.5009673,2671.27420178759,-2053.7244661999034,-480.9592471775843
1781773282.5360796,2595.1451108062333,-2074.324098066676,-406.5432044171435
1781773282.5679445,2546.560891235348,-2087.9161856937535,-364.01927945312354
1781773282.5838747,2483.3659618509396,-2104.8869618815843,-315.5180738788979
1781773282.617662,2411.7646448951396,-2125.897575000413,-269.27752016849263
1781773282.6360056,2374.2781598954343,-2136.4104754570244,-249.62401848127823
1781773282.669281,2301.42908088178,-2156.9741033992377,-218.46745458255404
1781773282.7184021,2194.170812618745,-2186.3899008549815,-190.92878367989601
1781773282.7503147,2124.0229719773133,-2207.474801870202,-186.18813998459675
1781773282.7983725,2030.668837990445,-2236.3328872514867,-195.53586271045677
1781773282.828922,1961.6804695907151,-2257.053471495421,-215.58642435242328
1781773282.8511293,1916.4765233090284,-2271.7486840340293,-235.60692877458098
1781773282.880325,1859.3234379781918,-2290.9432694073093,-264.94062023636724
1781773282.9021635,1815.164565760333,-2304.9818526424788,-295.1255067601764
1781773282.926222,1829.4275533844695,-2312.3357642698716,-321.19978689539624
1781773282.9543679,1879.1748915815513,-2325.1505300876124,-386.9072816678236
1781773283.001391,1956.5240090206955,-2347.345459905738,-495.00753709306554
1781773283.0532072,2031.5092100012464,-2365.8306606286915,-629.8213450649613
1781773283.0839207,2081.799864362071,-2374.906872855855,-643.1253175411474
1781773283.117002,2141.757716917967,-2380.976846603324,-557.761140500145
1781773283.134315,2170.8389386080667,-2384.075480691049,-522.300464546601
1781773283.1674352,2227.918226542381,-2387.6973975302953,-461.85211496444424
1781773283.2067237,2296.9950268956068,-2395.432579318203,-401.8145406412253
1781773283.239219,2346.6641863316477,-2400.74878835211,-365.375817318137
1781773283.2728634,2394.244470679053,-2404.834153930146,-340.8281566497827
1781773283.3015692,2462.1498188250252,-2411.815386292751,-315.1847683922733
1781773283.3351746,2517.74350595821,-2419.0639290418976,-307.96736113702383
1781773283.3677561,2574.4639935811606,-2426.265622862956,-311.7481718197869
1781773283.4011636,2629.061820257389,-2432.780684787006,-325.1213032954982
1781773283.4341652,2685.6030843904955,-2440.5977844607,-348.32034900915045
1781773283.4670055,2738.917732541774,-2445.73703493249,-378.1012056397093
1781773283.5010395,2792.18767748847,-2453.372663378265,-425.3913611379438
1781773283.5510938,2872.4437676589487,-2462.8001192221113,-513.4051473892283
1781773287.5509617,2800.936740212051,-2750.7283240090683,136.77886632628946
1781773287.584211,2813.2007421254125,-2680.3379139813337,143.47292277976024
1781773287.6172101,2819.131117897059,-2611.1080207379787,153.44987850670975
1781773287.6672838,2799.5184827178614,-2518.1560402611585,168.17164018135256
1781773287.7011461,2778.636989801469,-2469.3193028464484,178.30484152152763
1781773287.7506402,2745.0860616344844,-2383.6134001553273,193.23480839230106
1781773287.8013573,2712.4604719340996,-2297.515385846842,200.9997350995591
1781773287.8358133,2692.497050421264,-2244.03232781173,202.2334817698799
1781773287.882991,2665.385021611248,-2173.3243270717144,199.4268834434625
1781773287.8885922,2657.9732065160774,-2156.7700774523837,198.4488320987971
1781773287.9226775,2635.67923783712,-2107.253935199436,195.30761313883258
1781773287.9554484,2613.6498958247694,-2057.9218942797997,192.22951283574585
1781773287.9888165,2593.667259308742,-2008.3375422006525,189.79022012613174
1781773288.0391939,2572.7359088677254,-1934.2408295894106,188.50852353342398
1781773288.0724742,2566.2283975060514,-1896.3635039202677,188.85561166418958
1781773288.088981,2562.93354611194,-1869.6115854565044,189.81833828225103
1781773288.1231062,2561.1663931921953,-1836.3050973808015,191.56924974995158
1781773288.1738021,2564.8535369836845,-1796.7133044738973,190.95492924235643
1781773288.2064981,2569.6300632655452,-1771.4126156655864,188.2225240098467
1781773288.2555382,2578.6672384050585,-1733.3813797889302,184.30895573152696
1781773288.272468,2584.479225636605,-1712.6471557488564,181.9202158966145
1781773288.3059316,2594.8776059454754,-1680.747350323374,178.8348672112574
1781773288.322797,2600.68086323329,-1664.522885236657,177.39438589833543
1781773288.3556423,2611.3497303571876,-1631.3543429370482,174.88579065697448
1781773288.389161,2620.2940833391494,-1597.4001729191493,172.10192132270157
1781773288.4388053,2627.2994322177396,-1551.5464528704806,166.84840417288765
1781773288.4730413,2628.2777796514492,-1511.414946040796,158.82699284086618
1781773288.5076816,2627.0006905741307,-1476.4110274185737,149.20011618504012
1781773288.5399213,2624.0333062476752,-1440.5640433068702,136.2999174914327
1781773288.5788958,2619.6864279852075,-1399.3561578352076,119.15014143952344
1781773288.611768,2616.569232639538,-1364.9247576605856,104.34578767304815
1781773288.629102,2614.983253287363,-1348.6114894137204,97.40242179471024
1781773288.6613495,2611.9403663907738,-1317.6304828531522,85.4685190809195
1781773288.6948943,2611.768353727553,-1288.632265125212,75.59458570878888
1781773288.7301397,2613.2706543266772,-1261.9177593367078,67.48522042618573
1781773288.7615008,2613.7941117366054,-1240.4921844490589,57.01801090252027
1781773288.785628,2618.26584084641,-1220.5127653819334,63.10255443639341
1781773288.817453,2620.208084925811,-1197.9289691936324,62.36149829007013
1781773288.8673153,2618.7817854634195,-1166.351625161767,59.628677401403
1781773288.9004748,2618.7872448175526,-1152.4802127905016,60.41484422473955
1781773288.9336216,2617.632314976412,-1146.0786577792587,54.18441899399565
1781773288.9674025,2622.0121446429757,-1141.196717762943,57.08880232792356
1781773289.0009084,2625.742522098507,-1132.1694032769276,53.108878053625645
1781773290.5616074,3057.681731046036,-986.9616583669789,382.3574577193865
1781773290.6118858,3054.851198521796,-999.2125022488133,407.95719346807437
1781773290.644653,3052.5324702667403,-1005.9974046033799,411.20546654318326
1781773290.6787837,3049.1613439810762,-1014.1500938548377,406.9940149893043
1781773290.6950047,3048.620808332721,-1018.5029512396139,400.6229645746395
1781773290.7284048,3046.513413070832,-1027.623652380459,380.00379872377357
1781773290.761705,2932.7834354410243,-1021.8632634405704,337.0901430202579
1781773290.811398,2719.806391764957,-1008.3974635155158,258.4887866039046
1781773290.844347,2602.2157896760823,-1002.8040027827032,206.08199947675496
1781773290.8783875,2440.461117749066,-997.0538596173626,120.41366171608031
1781773290.894591,2371.762639882041,-993.8599941543706,78.71973264621616
1781773290.9285066,2242.504024116628,-988.5733289916059,73.81058218062402
1781773290.961469,2141.329381294712,-984.038614833067,127.2797535456952
1781773290.9958663,2003.9591956444406,-979.9781585483565,187.71315012398696
1781773291.0281756,1925.3128489244355,-976.8661633002087,215.0862551122517
1781773291.0614374,1770.665270341342,-972.5045133500983,256.2680937152237
1781773291.0945363,1656.9677829384327,-971.7496329540714,274.4359416965848
1781773291.1288664,1544.6857809422836,-970.3048911688894,281.46377268025026
1781773291.1643043,1432.8439785442577,-969.9143255998886,277.2819569635698
1781773291.1951973,1322.780782306681,-971.9605371394174,262.2037137529093
1781773291.2285323,1213.7041167004875,-973.0245213160168,236.35400359601888
1781773291.2639036,1105.1051360829356,-974.8891773380403,200.25178632498344
1781773291.294685,998.0612078901876,-978.3736239017459,153.69226323529278
1781773291.3285615,892.6476351189024,-981.9443303970567,96.36531504923336
1781773291.361593,787.9879460762392,-985.9624123996879,29.444506376734612
1781773291.3948374,693.4648238034351,-989.5180414810147,84.06993958625704
1781773291.4287431,600.8188414118451,-992.5633588752415,127.99795264730965
1781773291.4614847,508.3459682934806,-996.1804719828486,160.32056074204775
1781773291.496209,417.14714335279496,-1000.7416343720234,180.97054925263865
1781773291.5282202,326.91775144348475,-1005.3811841003815,190.45211223911787
1781773291.544985,282.2566108893993,-1007.8502079476101,191.58657344456472
1781773291.5782795,192.87603607799903,-1013.4162527640792,184.41509099848835
1781773291.611558,104.54952326666903,-1020.0535238600083,166.92002387474128
1781773291.6450427,17.602899625886916,-1026.396278752813,138.39038878044647
1781773291.6785314,-67.98687351389613,-1033.471068529248,98.55968777386082
1781773291.7125797,-153.06118731388761,-1041.574904251152,48.6901018612157
1781773291.7454221,-234.61747353073685,-1049.5444415032462,-12.590983238724181
1781773291.778076,-310.0556672678077,-1058.1329413574315,-78.42240248341614
1781773291.8115942,-154.7453975276418,-1062.3965053279405,43.04590370061681
1781773291.8282738,-79.24465268744754,-1064.3468772064261,97.73518407793
1781773291.8618958,71.97462680823932,-1070.222085485351,198.43707332228237
1781773291.8947723,222.4724397955856,-1074.9807014610808,285.1544988713982
1781773291.9277964,369.1831679819199,-1079.2526058056621,358.63358650234346
1781773291.968906,539.3477665267101,-1083.9346650238058,428.1392123035662
1781773292.0113516,730.4173561089493,-1088.5092746147602,485.1969445200074
1781773292.061141,942.5055373268184,-1092.9878899311161,523.8677495146757
1781773292.094822,1080.5062305611857,-1095.2249815733805,535.030652601417
1781773292.1284394,1217.5415817991175,-1097.66147871314,534.707700996169
1781773292.1617446,1352.994649737766,-1099.282363001113,521.0168546200638
1781773292.1948364,1486.1984929906012,-1101.4337188509905,497.48364895996417
1781773292.2280133,1617.1913628607103,-1102.7601201173532,461.8978668080254
1781773292.2622693,1746.008493546798,-1104.0127184482722,415.5965934424292
1781773292.295048,1873.2795474411444,-1105.6017056184305,358.3820453142081
1781773292.328229,1996.9643748281912,-1106.6081908933018,288.31305529679526
1781773292.3615098,2119.8098802964264,-1107.839566788094,210.20380444937462
1781773292.3947256,2240.724761316464,-1108.6847323995487,120.42371749017929
1781773292.4116397,2299.8107212437967,-1108.5252882191191,71.08312590234267
1781773292.444646,2401.479908682466,-1108.4938331713493,104.33884397463274
1781773292.4781082,2496.0262800818114,-1107.6047209132016,179.61862207097164
1781773292.51168,2589.303506062787,-1107.358724292388,243.11118541401754
1781773292.5613487,2727.64829367814,-1104.9057565269745,314.6793844192998
1781773292.5951672,2818.9688811686387,-1103.1711582775365,347.23799326025835
1781773292.6449628,2954.1300749892166,-1101.238005899472,375.8597531082151
1781773292.6787891,3043.32711708097,-1099.913349493284,379.66623106322527
1781773292.7125125,3132.075539681819,-1098.3819170569657,372.1369853580285
1781773292.7444816,3219.201423241871,-1097.4065581635984,353.6963760800097
1781773292.7781942,3306.381268569471,-1095.8370756058061,323.8464784644219
1781773292.8115537,3392.0437787032092,-1095.3020069254037,283.0794718401278
1781773292.8283732,3420.1004357925103,-1094.7042783503339,267.4872546931557
1781773292.861667,3518.8399210682105,-1093.4860845455803,201.85240877216663
1781773292.8950171,3602.6304987179365,-1092.6657939161269,134.28802226146615
1781773292.9279604,3680.5783294132475,-1091.875016885544,60.369950071805846
1781773292.961702,3538.214014008897,-1098.9549847665128,256.7376169675789
1781773292.994708,3397.454646434664,-1105.401944952354,438.51583236545065
1781773293.0261207,3281.486232962848,-1110.5947230244499,577.0190978184149
1781773293.0497594,3166.570616246063,-1114.503304399465,704.5083898809089
1781773293.092407,3007.617586233752,-1120.4747282436842,865.2938055958672
1781773293.115286,2918.0549001726795,-1124.1789516808365,946.7593566432495
1781773293.1273456,2873.3727531841932,-1125.8694411277652,985.522463693632
1781773293.149788,2761.849854037303,-1130.2128052651087,1074.5614419222145
1781773293.1766238,2673.7376294202336,-1132.9129751911903,1138.7991889775021
1781773293.1984284,2586.8566141130154,-1136.7956407045215,1196.4194290771031
1781773293.2213929,2478.9579742351607,-1140.7396849973097,1259.8172129183513
1781773293.259008,2351.4020385416825,-1145.8287432708546,1324.288093404051
1781773293.2816362,2266.9573385200138,-1149.174827542538,1359.3502418285677
1781773293.3096888,2162.073730542701,-1152.9677313041143,1395.8434205429398
1781773293.3313794,2079.370109995938,-1156.5947363393054,1417.8935946882511
1781773293.3533401,1997.0825214390593,-1159.7324780760346,1435.7744684401089
1781773293.3923192,1855.6263936739506,-1165.7946880688216,1452.9577084980872
1781773293.40944,1795.8411065222153,-1168.3471688546203,1454.8997711856002
1781773293.4314775,1716.6052650532276,-1171.9279448038078,1453.7394445096827
1781773293.4538105,1637.816945574101,-1175.3863566187918,1446.8674817201331
1781773293.4706101,1579.4156585201342,-1178.1966122374158,1438.276646446479
1781773293.4883313,1521.2028417073373,-1180.8312712289262,1427.9552691653005
1781773293.515299,1426.9209151824557,-1185.8745058607349,1402.4910599120844
1781773293.5394404,1332.8345817068189,-1190.4807892790488,1370.9228092730941
1781773293.5609474,1258.6865237800541,-1194.0534305016868,1339.4657604853398
1781773293.58767,1185.315869713484,-1197.79683299763,1302.7322923939134
1781773293.6095407,1112.837413893762,-1201.511013852492,1261.774104021371
1781773293.6312652,1041.3363209352235,-1205.5526015127894,1215.4587402531017
1781773293.6541874,970.800528605595,-1209.6482358290987,1164.9953931931368
1781773293.6704383,918.4339693273818,-1212.8316918792896,1123.5418121785276
1781773293.7041059,815.9211175096067,-1219.4762228645668,1034.0187035898457
1781773293.7219923,765.7683571795585,-1222.7279667315295,984.4009473167491
1781773293.7649508,634.9505697936203,-1232.1312166603234,841.74900895304
1781773293.8039875,524.236145117207,-1240.9369159454554,703.0310261798229
1781773293.8169503,478.13203156669783,-1244.8894517614092,639.4263337215405
1781773293.843891,402.38078085295615,-1251.6584519057865,528.4534787037361
1781773293.8646557,358.14564177814316,-1256.0502900311174,458.55629867650737
1781773293.887315,300.00294315294434,-1261.9955648667194,362.58576655317916
1781773293.9105453,243.5633123320716,-1268.2421704160486,261.5957096385351
1781773293.9536443,134.53536453526365,-1281.299016195957,48.93048389713536
1781773293.9929664,39.43089676067717,-1279.1412948029574,166.58193620790433
1781773294.0150023,-17.228719360903412,-1277.5517125405445,249.92048548789603
1781773294.037788,-72.37989952252316,-1275.3547911133564,326.9322584094414
1781773294.0645988,-140.6307188719879,-1272.0079525511053,414.6517315440867
1781773294.1161392,-275.4331971097784,-1266.252854201819,564.4409685711203
1781773294.1534035,-356.9485548888612,-1263.2766305392058,636.383373852672
1781773294.1758125,-410.4714412487194,-1261.2790274389424,678.8071260734954
1781773294.1957724,-464.2849206942755,-1259.2677095385584,714.7070138197195
1781773294.2161822,-516.8121782646865,-1257.6425881709545,746.409961986386
1781773294.2387266,-570.4557052551683,-1255.6947642697783,771.7893333980413
1781773294.2609653,-609.1863143090418,-1254.3519159539253,787.6060314804932
1781773294.2882607,-675.0910586929087,-1252.5120202451012,808.225641547005
1781773294.3174403,-739.479215327123,-1250.9595826071425,820.7161147808562
1781773294.3504694,-829.7096387791123,-1248.2902463420048,824.3515793453969
1781773294.3831625,-906.4379867913983,-1246.2964860218365,816.1571722103042
1781773294.415852,-968.918332531221,-1245.151089700023,800.661487719977
1781773294.437305,-1019.6671055513966,-1243.6248195354012,782.5523715636313
1781773294.4595652,-1068.5977740322953,-1242.6259467744253,759.6170965938884
1781773294.4813328,-1118.3848664005789,-1241.227741810428,732.374586023601
1781773294.5046299,-1166.8402094184078,-1240.5967244470453,699.4320993717095
1781773294.537608,-1240.0188716404512,-1239.3340422822293,642.1543334729712
1781773294.5549152,-1286.646915605784,-1238.7374003083908,597.9236935168444
1781773294.5887976,-1357.1136656244917,-1237.486381419734,522.4622387908638
1781773294.6046252,-1391.3294378775731,-1237.1340876135328,480.9478917668448
1781773294.6347516,-1449.0883540535144,-1236.1848588496048,405.5455627489527
1781773294.6851873,-1548.970072247969,-1236.4599150243675,252.829836991836
1781773294.72402,-1623.5419997476554,-1236.0303342722432,118.76310396295914
1781773294.7639747,-1620.0634452869665,-1230.7844774733758,62.702736197491504
1781773294.812231,-1286.7689938083254,-1194.29213818946,367.23935249807437
1781773294.8617954,-963.5758331334133,-1158.3003620320455,629.2394026206774
1781773294.8956325,-752.4971693386321,-1132.6107780249552,781.982234461928
1781773294.9290426,-546.7489688195565,-1105.4234774505878,919.6497036216742
1781773294.9620855,-344.92416419445794,-1076.4752940826547,1040.8452668862747
1781773295.0115604,-47.53511724324718,-1032.6809429813406,1194.53308456928
1781773295.0624661,241.31227181185508,-987.971144379008,1315.5917104951322
1781773295.0951304,430.7975769830873,-957.1701259434035,1378.9125083047693
1781773295.1281772,585.9551983588434,-932.0339180740142,1421.7226909389922
1781773295.1614523,769.9763607175461,-900.876733050186,1460.3976963580478
1781773295.1960351,980.4154378495198,-864.7319555061727,1489.1121540796084
1781773295.2285917,1128.1735958406998,-839.4078741534912,1498.1189137756428
1781773295.2617066,1332.6025439355744,-803.4402529132065,1496.7728174169788
1781773295.2952666,1504.2992829512805,-772.4672515582071,1483.2799203153465
1781773295.3286169,1669.397626767846,-742.2454131671193,1455.5255468432003
1781773295.361851,1835.006873118916,-711.3778388349971,1417.2388686055886
1781773295.39556,1996.3953505432717,-681.0877839146939,1367.2313375481995
1781773295.4458277,2232.4712737410323,-637.2849912989191,1270.206129124822
1781773295.4946666,2461.155799757363,-595.4083866432803,1149.338870233955
1781773295.5291843,2608.992486854044,-568.3082853796234,1054.0067401140177
1781773295.5462897,2681.3474524819567,-554.707670957258,1003.2841171351547
1781773295.579571,2824.3167569571474,-528.0407267526101,892.603665708079
1781773295.6132839,2963.0671841562157,-501.8855197331474,771.4496032800827
1781773295.6297045,3031.2856444300855,-488.6215300519794,707.9675885331793
1781773295.6615808,3164.553464201448,-463.5608838148155,571.8422983630602
1781773295.6947074,3294.179256237956,-439.7550480569245,426.6448238535095
1781773295.7443726,3472.0382293508787,-404.78534982119504,192.3954730456612
1781773295.7800572,3594.874074901563,-380.8206866243248,22.907476482432887
1781773295.8294368,3769.939804920341,-350.5966877909811,-243.1866319429028
1781773295.872128,3916.6832618027406,-324.46764080311425,-497.1666279902537
1781773295.916925,4063.1764233425497,-292.67943212806205,-665.8170279726417
1781773295.9628375,4230.467790955512,-234.42017411644716,-436.940683032644
1781773295.9878402,4283.544659837804,-210.2213185809147,-342.6363515467094
1781773296.0097158,4258.450567184611,-191.68937974327895,-281.93176052304074
1781773296.0324302,4225.689706831909,-165.74103698519062,-209.00533841215517
1781773296.0606728,4199.650441895739,-147.25560782102113,-157.94532244169744
1781773296.103726,4149.777754969749,-107.20528555956527,-68.16147912563866
1781773296.126133,4125.965206814398,-89.62709402352698,-32.78520634943474
1781773296.1482522,4102.115482243358,-70.47037849797029,-2.0435956987317976
1781773296.1710768,4078.370905358373,-51.75388962046325,25.10282347608472
1781773296.1927402,4054.7812192624633,-32.47926808752761,47.83855398417943
1781773296.2203586,4025.6466727097118,-9.13495558344082,67.53910614921732
1781773296.243862,3996.2991526991455,14.55390490883718,81.12196001411677
1781773296.2729337,3973.058368324666,32.00414134388198,86.2724270156877
1781773296.3269606,3917.1490683342236,78.69889735565972,77.8702868309527
1781773296.3485885,3894.519594458713,97.32805659084313,66.63359315039774
1781773296.3787196,3860.440204980135,124.5447968017726,40.398306332603276
1781773296.4002945,3837.776201850892,142.50047250390662,17.996327939499245
1781773296.434467,3804.154253083642,169.65010437388162,-25.824518850708547
1781773296.4645243,3776.4780881131364,191.9361389762499,-71.27784247258123
1781773296.5105631,3727.300774885709,231.2430612657831,-169.18327087368496
1781773296.539091,3699.3512069477792,254.41068392846464,-231.98131044088205
1781773296.5742507,3666.6853638214006,281.40587238522517,-316.85822894193853
1781773296.6061845,3633.6113054040547,307.4123629909724,-412.7251875745926
1781773296.6403444,3601.4155822982925,333.25554261444546,-517.641969274334
1781773296.6909223,3552.141856008703,370.8061708082241,-691.2373835644554
1781773296.7404375,3522.330390980489,410.4430217662988,-602.0102570600671
1781773296.8115819,3491.9367060299355,462.19952020798564,-432.26892414210045
1781773296.833389,3479.092297616249,483.51285529586534,-375.82436211264303
1781773296.8547122,3469.8130681320627,500.36546900449156,-335.0164577635906
1781773296.9003277,3451.750939783468,534.204087290157,-270.40796171477575
1781773296.9555411,3430.4905213145807,575.8051867551995,-217.72891310720198
1781773296.9992278,3413.694018353463,608.1284839453282,-197.08282165158562
1781773297.0315611,3402.3445164659106,628.1978840012453,-193.72711040741342
1781773297.0592232,3391.4543466632776,648.6744134668801,-197.82152386381003
1781773297.0817196,3382.5082791630225,663.5966683323925,-205.7743401420811
1781773297.1043942,3382.6606637335035,683.116307913658,-210.2730573893965
1781773297.1229997,3364.61035704861,689.8216945929432,-185.65709335069218
1781773297.1557825,3355.3187840061337,667.6407953107857,-153.85968338845
1781773297.200778,3354.7869685414503,635.7486198677467,-139.5162402935198
1781773297.2352812,3359.047559980333,616.3438436007146,-153.38620589501434
1781773297.2798605,3372.9823215801516,599.3560041454025,-211.4682485188309
1781773297.35156,3459.7462735593613,567.6800026431815,-303.23907871759025
1781773297.3846564,3500.567009320141,547.74850649154,-296.9791988728748
1781773297.418501,3531.6426014843287,532.8764785938552,-272.842237902537
1781773297.4517417,3544.8509626268446,529.0323167853697,-234.9243850389342
1781773297.4856818,3542.841362357423,527.4080077381492,-193.47428949495801
1781773297.5186365,3534.221403060622,524.6816009742425,-154.32664659870318
1781773297.5687165,3506.090364813393,530.7681471942484,-106.18442616526278
1781773297.6023424,3476.000016394228,537.6155142874478,-81.16776553931793
1781773297.6525345,3420.1785281239936,550.7871023244234,-49.772094008428446
1781773297.685119,3376.1914623836738,552.9041574125075,-32.41293353088406
1781773297.7197568,3329.755928221349,552.6532455697088,-17.616148742858865
1781773297.752497,3280.8388163212653,550.0998693560161,-3.839352226747153
1781773297.7854416,3236.2205876267617,549.8579070272234,7.575893750156214
1781773297.83551,3172.849445456607,541.4768029767156,29.32716161000014
1781773297.8886204,3119.312185833432,515.0326047177127,55.31115906189794
1781773297.9450598,3085.9174413144456,470.14811650730456,77.26151659257873
1781773297.9905968,3075.1227538784037,428.8475377723788,86.104193431048
1781773298.041513,3074.6090808982626,371.1592476885193,86.25599956180936
1781773298.083295,3086.4042574725263,311.5041540350366,75.23691651319074
1781773298.1295288,3111.810245635517,242.76334866977706,58.995056765698706
1781773298.1800072,3157.4224290770467,154.67922586458099,47.55279400750708
1781773298.2296844,3211.2819620220125,54.29387462935874,59.392672930830244
1781773298.277919,3258.95407538241,-52.27001139317898,105.62281890703252
1781773298.3038669,3277.288980254684,-97.85767132766578,136.2391178202317
1781773298.3264866,3294.162571629578,-140.4511648592509,171.55492688565556
1781773298.3595855,3314.32019638559,-198.7928991167344,232.4201558961158
1781773298.3824782,3323.4127952934814,-232.28057914094688,276.2191513437217
1781773298.404837,3329.6265400555653,-261.3320769786353,319.7055927150259
1781773298.4275553,3333.6658479193584,-286.4571056424366,360.91317691523255
1781773298.4547846,3334.530943221377,-312.5662571000494,404.04601549743427
1781773298.4766467,3335.3516118875086,-333.1088022619677,433.31045382255536
1781773298.4980114,3336.5827061967616,-353.625236953121,457.9355714257004
1781773298.520255,3337.993782125055,-373.77431266250494,477.5157562766351
1781773298.5428107,3339.102491049375,-394.2251595834971,491.8177983867301
1781773298.5646703,3340.0949271984086,-414.8378980645929,501.3007546539024
1781773298.5875185,3341.041223978829,-435.6573449854955,505.9033511354403
1781773298.6089768,3341.48458798206,-456.3271366729794,506.34281835826033
1781773298.631155,3341.0353220881757,-477.72304526912444,502.16331043250597
1781773298.6541755,3339.9569891996116,-498.46595263023727,492.932149703005
1781773298.6765163,3249.5684130188006,-504.5189487628226,475.23456459072463
1781773298.6925411,3174.290461449948,-507.42520865509425,457.0875141109564
1781773298.7202568,3045.255536741868,-511.91243918795715,423.37321525051266
1781773298.7375743,2968.3567009735148,-514.2220660941798,399.3973433319329
1781773298.7592704,2867.068080937598,-517.5132777657417,364.1800108990657
1781773298.794402,2690.2682558875827,-523.0306939695997,292.3986931345742
1781773298.8327086,2517.402323210984,-531.1474007860816,207.66780423601864
1781773298.8662703,2395.451275891566,-537.2284683484323,139.31070629737133
1781773298.9092004,2205.628141879252,-546.7199794575472,51.526794092550126
1781773298.9315627,2118.7437482272558,-550.7209126926674,101.65264951555687
1781773298.9539292,2032.1823321548156,-554.9478219852521,146.43341874638685
1781773298.9769773,1946.4534169818228,-559.3847895907194,185.535084252547
1781773298.9988883,1862.0588828984633,-564.2091521840471,219.83158674644883
1781773299.0219305,1758.0074638594274,-570.4347843141576,255.3639799502284
1781773299.0711474,1592.8077667882362,-581.9630846226925,296.3924989944217
1781773299.0927763,1511.399454489619,-588.1076307457417,309.4960104180216
1781773299.1148257,1431.3253781142287,-594.2502266071215,317.7261851974958
1781773299.131228,1371.3427651393674,-598.9537498951928,320.2851721776088
1781773299.1546502,1291.8433827580998,-605.3704894730168,319.55317578081355
1781773299.1765895,1212.4530336519633,-611.9022809007823,314.19040456904406
1781773299.1985266,1133.746643066781,-618.5336495377263,304.3396880715535
1781773299.2276986,1036.2745879500228,-627.7725643349876,284.69678962255597
1781773299.2603722,920.3834422909173,-639.1820129833558,250.99582428865108
1781773299.287361,825.14490255558,-648.7910753648314,214.89955653065311
1781773299.309478,748.7874353471201,-656.6802405236158,180.88230446478346
1781773299.3315787,673.7883888895083,-664.9658359043018,142.29261319993196
1781773299.3538473,599.7272399661147,-673.2262279845392,98.96687421568943
1781773299.3760777,526.0857498153254,-681.0658897558206,50.657749424399206
1781773299.3982854,457.1145866103444,-689.1649834462892,47.73747596697002
1781773299.4156504,409.40059595295935,-695.244670729493,76.99814991534495
1781773299.4376664,346.49448158612427,-703.033414884663,112.17235368047096
1781773299.4597485,283.9124423327704,-711.3864209461547,140.18908732123973
1781773299.4817114,221.41940455149924,-719.709147093055,162.75445067580773
1781773299.5215068,114.2730289461942,-734.5331269026348,192.38521333560215
1781773299.548542,37.79746107945943,-745.847216344103,205.08672590056085
1781773299.5703266,-22.078529967946928,-755.2285980957563,208.88394675845643
1781773299.5905666,-80.00618054566415,-763.5608747293952,206.98070039816204
1781773299.6208487,-150.60190411378517,-775.2539173109174,198.2391078704004
1781773299.6487305,-224.733164275482,-786.9742280021989,181.84054098542194
1781773299.670235,-282.90370226378667,-796.6176437746494,164.05757392209784
1781773299.6902955,-340.2059407672283,-806.0901667987407,140.89621638631888
1781773299.7105217,-397.46528192803675,-815.4948065247609,111.89244099297171
1781773299.7377903,-422.8774730183985,-824.8242836427546,97.26792380668121
1781773299.7634418,-313.8923349091585,-835.6947034900159,155.13986963966016
1781773299.8039827,-163.7855113593522,-850.2736818099414,222.20481458144582
1781773299.8262885,-77.56831062085664,-858.6846575396394,252.94094322635723
1781773299.8480835,7.705401383863326,-866.4764994708595,277.8480923804986
1781773299.8702595,92.73529732971947,-873.8311086032895,298.51754523442406
1781773299.8895,175.7728159868314,-880.5735366825742,312.49644633928955
1781773299.9108799,238.25779549840308,-885.856828049488,320.12135780185366
1781773299.9444795,361.49274000570625,-895.7688484800279,325.8580740325407
1781773299.9884596,523.6205621435618,-907.4377923696524,316.28219008746703
1781773300.0337172,701.8790748626701,-920.4515841095256,280.3211731283515
1781773300.065313,799.0097681346508,-927.2516845696597,249.79957282803045
1781773300.092443,894.4530742037365,-934.0528578224213,210.7486167080862
1781773300.1158392,970.1787462468593,-939.2359790059669,174.61420494621808
1781773300.142407,1062.8763964470263,-945.6503453585789,121.63687391218406
1781773300.1647592,1136.6067468920792,-950.4956712292881,74.83599967733349
1781773300.1871512,1205.6912620115986,-954.6841766233251,47.12470788490851
1781773300.2036724,1254.1083608164251,-954.8102935075444,76.84897695536877
1781773300.225736,1318.170207680903,-955.3066501194766,111.08998817373065
1781773300.2480953,1365.8303773764114,-956.9469700597141,134.40948723567485
1781773300.2658744,1365.003859320515,-964.1804651243591,144.51874038452118
1781773300.29599,1361.039022512377,-973.8548681152267,150.54302885111278
1781773300.3375208,1340.5291819286915,-988.2817964137463,156.25338505312382
1781773300.3597398,1327.2591765446343,-997.0731564499807,153.7633246084876
1781773300.37606,1317.154155417319,-1003.7438845564727,149.1049228521419
1781773300.3981268,1303.5538595912435,-1012.057207600367,138.84117332244296
1781773300.4203317,1289.8180264488224,-1021.0196046943859,123.65529548680584
1781773300.4423292,1276.454904194519,-1029.6538066024302,104.0615511287048
1781773300.4650893,1261.6535676749547,-1038.257011775199,82.3213841659187
1781773300.487308,1247.9321086049952,-1047.5431999577038,53.90176010899239
1781773300.515004,1235.220106983036,-1058.2375015165474,59.870022210841036
1781773300.5425134,1226.535932671182,-1067.6221379216074,86.52707820520521
1781773300.5653706,1219.720514737683,-1075.530550576404,100.95725046454305
1781773300.5884233,1211.5314576565293,-1083.5498610755265,113.09040738198647
1781773300.6313982,1195.3160733825782,-1099.589237181441,124.8563447612647
1781773300.6540205,1186.9786740047805,-1107.9631998456,122.73808539587944
1781773300.6764624,1178.8486560058498,-1115.9512820206487,116.1187824597019
1781773300.6985247,1170.8871294591042,-1124.3811573703395,104.98737898734922
1781773300.7201104,1162.8451741310232,-1132.4999643859446,89.59245122512888
1781773300.742228,1154.0936211970663,-1141.4739103794273,69.7919996283679
1781773300.7604153,1147.3369064903607,-1147.5942099796396,52.08452276067329
1781773300.7777941,1141.242942623846,-1153.8647362211382,43.79798909496335
1781773300.8044517,1139.8774219133038,-1162.5495398738312,67.85132612396238
1781773300.8259811,1137.9495619460963,-1170.13845050404,82.07475435862007
1781773300.8484242,1135.506748831888,-1177.3894521577545,92.10932206131355
1781773300.8764148,1132.5042231573627,-1187.197103285057,98.60545065383421
1781773300.8981347,1130.358799463347,-1194.986766321909,98.54719052209487
1781773300.920465,1128.0384171968967,-1202.4379008663718,94.24513074378898
1781773300.9543064,1124.5972092979464,-1214.0033703742429,77.22429721227222
1781773300.9666595,1122.5275514052305,-1219.8116290669184,65.55160635104329
1781773300.9985642,1118.4683762101306,-1229.690481380482,41.41022625433453
1781773301.021373,1122.2349638721184,-1237.634406869345,59.24795712018921
1781773301.0661378,1128.7078879272356,-1250.9993752530859,79.71894955113024
1781773301.0824645,1130.7000353110145,-1256.0455840087238,83.45620873975167
1781773301.1100383,1133.4353575284247,-1263.284327237438,84.01680828525545
1781773301.1314216,1136.342097852848,-1270.5260647727173,79.62795467117985
1781773301.1576092,1139.3169127614187,-1278.7025298636984,69.0843782461255
1781773301.198092,1143.0156847342932,-1290.0048575782778,41.70106873728384
1781773301.2220485,1151.5164256242983,-1298.4963528974095,56.90010907108195
1781773301.2652173,1161.3383848986668,-1310.2925507274297,72.33961035173252
1781773301.2875495,1167.1031109971311,-1317.037019260284,74.46256397674314
1781773301.3110855,1173.8247262120722,-1325.165887935759,71.24932942686503
1781773301.3505275,1182.4157662423588,-1336.107521838198,55.216198201300635
1781773301.3815517,1189.0962491498078,-1344.7094351085543,49.38272619205461
1781773301.4037166,1194.709293035505,-1351.4247846254368,60.399334528122736
1781773301.4271016,1201.9906646701681,-1359.4284465666392,67.43597015291198
1781773301.4701662,1211.4738402825335,-1370.6757381052448,66.12502702351736
1781773301.4934819,1218.4609855761712,-1378.7825469988557,55.503032892759244
1781773301.5331287,1227.7463220812124,-1390.4301718139027,52.86174139837138
1781773301.5550673,1233.2754296668193,-1396.9268546623105,60.01094259268405
1781773301.5812225,1238.6163796197175,-1403.256229998521,62.68552029287728
1781773301.6038783,1244.1114277233364,-1409.0792820094694,60.60891659326691
1781773301.6313155,1251.0009020564942,-1417.100647776265,51.35008079082623
1781773301.6540396,1256.2929430828885,-1423.4340259057813,47.31353828085401
1781773301.6771772,1261.578950578447,-1429.8346022883416,55.12034900524318
1781773301.715062,1271.6047624132034,-1441.4837410310745,57.00512868184119
1781773301.7375908,1277.2167105894,-1447.8989506120072,51.66269392503277
1781773301.7617223,1284.1056838651366,-1455.4020889129124,48.33909403122078
1781773301.7956178,1292.5245602585553,-1465.0222452955527,54.36408728532217
1781773301.840141,1303.039478071049,-1478.7729557819587,45.96164419969629
1781773301.8846781,1314.26141793089,-1491.6309899543858,52.19729709501709
1781773301.9174013,1321.8753435138387,-1500.7579604802918,46.582079215264415
1781773301.9502037,1328.0283443823646,-1508.3714139133867,50.62921974810087
1781773301.9943838,1330.161034716008,-1524.383760994891,53.811872864444766
1781773302.0213413,1328.7312590206468,-1534.3975324260998,48.389657551781376
1781773302.0539005,1323.1406308762523,-1544.8539406354666,38.78713103689665
1781773302.076999,1318.3213393274527,-1552.4491759751277,27.519427696498543
1781773302.0987687,1312.9055329575508,-1560.2134763605122,12.500872068837767
1781773302.1203032,1308.8465148044868,-1569.881456207058,-7.144156743407433
1781773302.1424482,1303.092814760042,-1578.8530974255912,-31.065164869970957
1781773302.164715,1298.7708429476836,-1589.0251150441932,-60.3245173998276
1781773302.1956377,1293.6131611049577,-1602.2639324205675,-116.90538672230034
1781773302.228595,1289.6966440928836,-1615.742180339475,-183.14612522200093
1781773302.2617016,1283.5826305116232,-1626.6971237689359,-261.6530628891081
1781773302.2942257,1280.9638682372956,-1639.3808453701567,-331.4868424425417
1781773302.3433344,1272.9587705873907,-1657.3636573066954,-478.6472076435949
1781773302.376243,1267.7350148432263,-1670.1709440149027,-588.9936186002417
1781773302.4041784,1266.0403474067566,-1681.276282836269,-685.8684778182098
1781773302.409492,1265.4279321226613,-1682.9449425124926,-688.7669812473977
1781773305.0429978,-419.7780431692879,-419.8141537894768,160.20980143982158
1781773305.0704033,-406.5783241765257,-408.61154097670607,152.31517954700874
1781773305.0869334,-399.27799677969534,-402.55995015872134,147.883331566809
1781773305.1091468,-391.5493408105297,-395.65228408933,142.42293279459943
1781773305.1313248,-384.22517855102336,-391.14547459939126,138.20032870463893
1781773305.1482081,-376.9161961171908,-390.2037248968108,136.62384127331
1781773305.1703615,-366.9239071400823,-391.3676604184443,135.78210468996502
1781773305.1922672,-357.68924046002667,-396.22889144628465,135.3162359510819
1781773305.2145536,-349.32967012370295,-404.22634753474125,135.06497662889365
1781773305.2313397,-343.8689055686354,-411.97220642381785,135.261713295139
1781773305.256138,-336.3932344869774,-427.3678654839314,135.97084566309158
1781773305.288548,-331.22388161023724,-450.4824186077168,138.32270034976065
1781773305.3110225,-328.6144902277783,-468.91190275608244,143.4129370584817
1781773305.3438942,-325.9087951045802,-500.3826455701283,157.88179775980646
1781773305.3654504,-325.5532039526443,-516.8242687699037,167.38033505789988
1781773305.3873456,-326.7881071157273,-539.6510791938016,181.26598072256613
1781773305.415027,-329.9641185993784,-569.0065053343237,202.59789780816004
1781773305.4430995,-335.23936374766316,-598.3740979579522,229.04640698871864
1781773305.465311,-341.3882238783646,-621.6742070565781,255.3398651888462
1781773305.4875116,-350.237736742844,-644.3715312002704,286.7355950017256
1781773305.5090168,-361.62558566840914,-665.1534607691831,324.092897311097
1781773305.5343957,-379.1284041123019,-684.7187119209034,377.7962193322923
1781773305.5668333,-401.05640282813476,-697.463129711286,434.336558928956
1781773305.6006248,-428.72637610238786,-711.4849434188742,492.9993304236205
1781773305.6222148,-452.40961809207965,-723.6689611908223,533.6119080013395
1781773305.6544473,-475.86464852120463,-735.9123439573125,566.5232342069319
1781773305.6762435,-494.6258280871498,-745.7741570839711,587.1552997477571
1781773305.6984723,-513.2978182351432,-755.7451839139968,603.1168315913145
1781773305.7211432,-531.2177778960921,-765.2885832480588,614.1899541625227
1781773305.7428923,-549.3726318803375,-775.1220555533923,620.2758667194154
1781773305.765031,-567.7280039938234,-785.4636761394628,621.650405949131
1781773305.7812808,-581.6080348128124,-793.1248889960299,619.3233359067865
1781773305.8004148,-599.9883029394445,-803.5417360544956,612.27502263881
1781773305.8257737,-618.3070356806901,-813.7611633431887,600.2400823107301
1781773305.848552,-636.5166694828315,-824.2079699833604,583.6280532376766
1781773305.8763402,-658.6211109307361,-836.7622409368009,555.6924649610861
1781773305.898642,-676.5568211924531,-846.9876653389972,528.1442569112689
1781773305.9214122,-694.999610015977,-857.9155006290572,496.5398553449284
1781773305.9425445,-713.8797586323226,-868.9630308701643,459.72781712406226
1781773305.9650009,-731.9534780685187,-879.448598215068,418.22186291968325
1781773305.9828708,-745.3272500981479,-886.8820416875409,384.056816751913
1781773306.0091832,-665.9563379525279,-879.6062433796507,389.86163203924866
1781773306.0311415,-579.4004268386046,-869.3075122047545,403.28647948153184
1781773306.0539608,-494.4050187970304,-859.7621910801188,411.305932300099
1781773306.0716615,-409.898656848715,-850.3346495198067,415.2197174840704
1781773306.0985022,-326.0899711493545,-839.542994664393,413.29766751931106
1781773306.1202266,-244.9171810747433,-829.3974156748629,405.314766842506
1781773306.1423724,-162.0182893188048,-819.5005323219199,392.7076468712881
1781773306.1658733,-81.25121682198859,-810.8902598801463,374.72915199405446
1781773306.187793,-0.16618137939608113,-801.7279240734376,352.3680544234746
1781773306.2094417,79.3299095743671,-792.822143915146,324.3466116419614
1781773306.231359,155.93245044773073,-785.126647523154,290.80746131396813
1781773306.244187,195.78297567224723,-781.001328048002,271.84021367333435
1781773306.2661994,273.1761410707659,-772.4552510809451,231.46629142531867
1781773306.304275,406.44908721201153,-758.2620790063966,148.9561914603391
1781773306.3265238,480.8498967776012,-750.9729525717461,95.19379295296851
1781773306.348786,555.3354448388225,-743.7956734608057,37.497488653169725
1781773306.3703156,619.2565371923585,-734.6684746813739,69.31803650889563
1781773306.3923326,681.6150617674118,-725.7970605336583,115.98040506537909
1781773306.415808,757.7778437719425,-714.3000007454149,165.72136232434602
1781773306.4542534,849.3865643967972,-700.9115131428699,214.53673587542798
1781773306.4764013,909.5175469290147,-692.5131624133733,241.16519564976903
1781773306.4982755,969.6826348214797,-684.0225437303351,261.07687891775595
1781773306.5207517,1028.92648329621,-676.0442602329682,276.8394114263464
1781773306.5431945,1087.9932900213005,-667.8428655979295,286.57068929739177
1781773306.5652819,1146.5437665287207,-660.1502240349347,292.13366613777526
1781773306.5873692,1204.414008813661,-652.9239607045247,291.8138216077623
1781773306.6095302,1262.1481880129197,-645.5936559872713,286.98940021011424
1781773306.6320822,1319.328613033425,-637.9596576161298,277.0077713995855
1781773306.6484878,1361.4539277912713,-632.859782489025,267.3576266125197
1781773306.670536,1418.132070310436,-625.4449878175623,248.18922307861536
1781773306.692665,1473.5432666536608,-618.7832811949899,225.33422931777275
1781773306.726391,1556.3837348060827,-608.8183485007099,180.62786002148727
1781773306.7482831,1610.9966241501947,-602.1928686035806,144.9344438828833
1781773306.7706103,1664.6233183242814,-596.1653904867612,105.07251531439204
1781773306.8095229,1758.741554338485,-584.7140685700172,46.27574115472563
1781773306.831336,1814.0190208606755,-576.6218375961455,84.26589681782909
1781773306.8543339,1866.2196810543028,-568.3235848726758,119.00637104367964
1781773306.8769398,1920.8057973912973,-560.7304178679946,148.88817259804813
1781773306.8986454,1976.119726882335,-552.9824200783348,172.8001960185397
1781773306.9201849,2029.6965544595394,-545.7424165310481,192.20819849339256
1781773306.9425135,2085.303709005256,-538.262734307344,205.94069242079837
1781773306.9614394,2138.1435171617554,-531.2296732775616,214.8557349919614
1781773306.9877162,2192.846545420126,-523.9726645998433,218.3921684757284
1781773307.0092163,2245.6386969287632,-517.1576992808025,217.17089504348525
1781773307.0375786,2311.99029968663,-508.64649772978186,208.63527340878397
1781773307.0595033,2363.805334931326,-502.15731064587777,196.19854194594078
1781773307.0814595,2416.3826504850313,-495.5197759832602,179.3965282680159
1781773307.0985467,2455.0031327044753,-490.5723719380994,163.24458019856306
1781773307.120468,2505.5975141788854,-484.62394642841986,137.85843141759813
1781773307.1537254,2582.1503473998428,-475.41661541836027,89.64887280483097
1781773307.1758387,2631.9526111613322,-469.9912984068228,52.31279630727046
1781773307.1924424,2669.5614311001946,-465.250328836416,53.11347991106689
1781773307.2155316,2719.6095819415,-458.64868844737964,85.80077772445509
1781773307.2373426,2771.636726200404,-452.14205304255125,113.70831830088585
1781773307.2597656,2822.104829216206,-445.34951671058747,136.24107528438853
1781773307.2819285,2872.260563121283,-439.4387853952749,154.54796558402597
1781773307.3036847,2922.6005432728625,-433.32665106353295,166.95299704568993
1781773307.329316,2983.537264028056,-425.5012743636841,176.33216555168394
1781773307.3699908,3069.9083747236687,-414.70559264339755,174.78320736101898
1781773307.3922758,3118.068868732681,-409.59232238831777,168.91614029068927
1781773307.4109416,3166.756752114546,-404.001334055539,156.65260465232896
1781773307.437968,3171.15008115904,-392.13608950220635,205.40790040538096
1781773307.459279,3134.5195915156087,-375.42684798123656,316.49180637510705
1781773307.4815369,3095.7436036140734,-359.4774157213764,418.034745212415
1781773307.5059743,3051.3013582901644,-338.1794657067012,538.9386035868433
1781773307.5545237,2976.1111097794737,-308.3501662247306,711.2273027286449
1781773307.5886037,2920.4016887383445,-287.24518627770743,828.1444905077536
1781773307.625976,2857.3990237260887,-263.8670106904653,946.2417576987089
1781773307.6487384,2818.4122615668834,-251.34406861107902,1007.2612590259112
1781773307.6703465,2781.46519693414,-239.02190692505923,1060.7811779933165
1781773307.6886227,2755.782865976198,-229.70947389332596,1099.2878963501475
1781773307.7152548,2706.9750374658443,-215.723455871416,1156.264217243549
1781773307.7377787,2671.362411088993,-202.7399130232354,1193.8814186869654
1781773307.7597508,2634.6855814924984,-191.5880322562905,1229.755864217749
1781773307.7813978,2597.428034833474,-182.25294985485263,1258.2990258747168
1781773307.8037071,2563.4850394308023,-170.4233576151142,1282.3981091516118
1781773307.8201244,2534.811732238054,-162.06288947613817,1297.8846346825526
1781773307.842413,2497.6233750521073,-153.07655402922543,1312.3448254801601
1781773307.8648758,2464.2692867327187,-142.13975194518625,1322.829788389639
1781773307.8873265,2426.4306963370063,-131.8490822242799,1329.1813156110184
1781773307.9094138,2391.0012735540654,-122.68976891589966,1328.1414647025358
1781773307.9313977,2357.9483045271904,-112.58438865513618,1324.7925042858462
1781773307.9496844,2329.302414346399,-104.9307186313259,1318.8283210412353
1781773307.97153,2285.962071811828,-92.8954899773716,1300.2109460837153
1781773308.010592,2234.032769735035,-78.91372154556107,1271.591551915389
1781773308.0550866,2158.998563545894,-57.92888662209377,1206.1380257302906
1781773308.0993216,2100.4249387922036,-41.88853862968284,1138.9534808780004
1781773308.120141,2068.497930257273,-32.738468287132584,1095.403477338897
1781773308.1429362,2034.117039361862,-24.13985697837043,1046.4188884353769
1781773308.1710815,1996.2950497317868,-11.799073081071759,978.4670257186416
1781773308.1932213,1964.2617659965904,-2.0593698574208537,920.3083372343132
1781773308.215028,1935.0509075379957,7.024077518000406,855.6008522786206
1781773308.2331254,1906.1863746470979,16.805280630149007,788.4171785411197
1781773308.2664702,1865.6965209021776,28.694409578219176,698.3128262699098
1781773308.3060298,1808.1124312920529,49.82817252733359,539.5785742594727
1781773308.33134,1779.1702746900164,59.28857740429072,454.24666553218606
1781773308.3540497,1752.206936085214,70.4723418837279,364.7072957615836
1781773308.3769336,1723.9035068282847,81.30453748959589,271.91826914670594
1781773308.3979974,1697.8434093629637,91.49666321526068,174.39595019527385
1781773308.4164262,1672.315618693413,102.66242918155277,75.48852442956165
1781773308.447983,1637.3717215048246,117.12479059240968,-54.29237131298431
1781773308.4701977,1613.1598613831948,132.7023357578822,-161.50082580741773
1781773308.4932818,1590.2700356225566,144.26509110573096,-274.5536265208595
1781773308.5170033,1561.2148924771423,159.68000145105114,-421.30749441836736
1781773308.5718606,1513.5211088394965,189.33625145496012,-695.7395313711298
1781773308.614616,1461.515908459938,192.89288155472403,-539.2204452317683
1781773308.6311688,1441.642258102067,191.77110634691343,-465.1765715595173
1781773308.6534274,1415.7060958554243,190.5798727628411,-370.55100224025205
1781773308.67646,1388.5521446856392,190.0743346582117,-280.5019248648685
1781773308.7003195,1362.1154778283367,189.61477523400808,-198.32643219688615
1781773308.7676432,1277.7638761634225,184.4460189062046,31.405111190009702
1781773308.8010268,1236.624330419671,183.20161439336172,121.26477159471827
1781773308.833727,1196.9375482915818,180.61941354021562,197.42253217077854
1781773308.866522,1157.4411553111354,178.28745997526033,262.89243667627915
1781773308.92157,1090.8524003571792,173.52893390179958,346.21898668955896
1781773308.9483058,1064.599357671246,171.5084544651139,370.8588441289522
1781773308.9701862,1038.5673700140671,169.5585207942732,390.7138585789904
1781773308.9923918,1011.8754186139223,167.0285591361546,406.520422469544
1781773309.0109527,985.8150412492397,164.98426313721774,415.760076028336
1781773309.0376346,960.1868960996113,162.18237975545006,420.93918614033424
1781773309.0592825,934.5935435811392,159.9360227181266,421.0764685343992
1781773309.0818367,909.2222512153878,157.34974285681702,416.95438139756385
1781773309.1041932,882.97322258502,154.3790041963095,408.15749920378056
1781773309.1270094,857.8262911421656,151.93358868878602,393.15048117851927
1781773309.1485379,832.8684060959827,148.52585345765033,374.26591917835145
1781773309.1706834,807.888139233631,146.0460677720759,350.3804480602876
1781773309.1894681,783.3716334055607,142.79019233427806,322.76395550573244
1781773309.2158115,758.0721200747325,139.57191372797917,289.9636922413812
1781773309.2382045,734.1389362270352,136.54917064476726,251.40117431307507
1781773309.2592776,710.4779314234916,132.89510243575813,209.3269023497217
1781773309.2837598,681.1847105854577,129.07359525610164,149.8863829743822
1781773309.325734,640.2441988767201,122.83614361301069,55.49562940810128
1781773309.354224,613.3238240817985,119.3926786145353,-20.631892783308015
1781773309.3716395,597.5979060959464,119.48560169029982,-65.69541784454526
1781773309.4164681,552.89309491681,125.34988344138297,-214.84748901429373
1781773309.4547584,524.5279844380691,120.15390716148043,-334.086728395045
1781773309.4759321,504.2854604931417,116.69632718724536,-418.14505742417174
1781773309.4990802,485.46807626298875,112.58029212237228,-507.61892167332616
1781773309.520286,467.33613540557246,107.95653012306349,-600.5170156388535
1781773309.5424557,448.17467283242485,103.53290472218673,-698.8136454032413
1781773309.5595052,434.68870439322075,103.45957396807118,-679.442170454044
1781773309.5811787,414.45465808217796,103.76928783136569,-597.8917189916642
1781773309.6046088,389.6757588298126,104.89477734455767,-503.932689073678
1781773309.6429482,359.9454416212364,107.04219930961493,-398.056130288823
1781773309.6653197,339.34224409843046,107.52462188022591,-336.3955589375469
1781773309.6876833,320.2435223548752,107.10194311398752,-281.9745856146482
1781773309.7054129,300.3406903828198,103.63046679662739,-232.44020020353125
1781773309.731321,279.76701862920066,104.03647611458969,-188.03761372463563
1781773309.7553642,256.23002773238653,105.45845515947265,-139.0585124783203
1781773309.7982323,225.91917289387086,103.1841129569363,-85.8619317612746
1781773309.8207986,206.9722770729863,100.87173650055571,-63.17197450827447
1781773309.8437176,184.05183672042617,96.33772135150694,-43.2738378480163
1781773309.8812032,156.45633211979617,95.51432555440661,-23.885968206380017
1781773309.9039395,137.54685280260566,94.59837168828398,-15.825658939320691
1781773309.925754,117.88827681206371,93.53257042312839,-14.01767877097974
1781773309.9422102,104.15048472964692,93.68229366953356,-15.202185082748999
1781773309.9607146,89.92140598752788,96.76428402022968,-3.280396494378161
1781773309.9871516,81.16840607101935,101.77068951231419,23.201064505288567
1781773310.005467,72.82304405523428,104.35453960969495,40.51214560440901
1781773310.0533938,35.143155700921724,100.36200086023696,76.41562650562535
1781773310.0759652,16.2359250223773,96.64864304363567,89.79202992087572
1781773310.0980299,-4.449463580943445,90.5510334273432,99.33443071304796
1781773310.1207418,-26.313315373241664,83.00122729258683,104.70040609160087
1781773310.142506,-50.60085718284941,73.919253564021,107.05157781383934
1781773310.1711502,-82.59142890842591,58.41360378975843,105.43743954784975
1781773310.1923537,-108.87052824370652,42.902796281762576,101.69170685821342
1781773310.2145953,-136.1980961452018,25.819575901167116,96.99883750566785
1781773310.237274,-164.28953613504618,8.391978568760482,91.65561682470174
1781773310.2590346,-192.27502037230798,-8.736425009086693,87.16221595217762
1781773310.2986634,-237.68970474421425,-42.764113883276266,85.44880792742606
1781773310.3223314,-263.01302804513114,-69.15635040938044,93.59798085632181
1781773310.365084,-284.2881754416998,-108.95299773564241,121.73933766134198
1781773310.387686,-292.9287049232837,-135.21624257404278,148.1111940092969
1781773310.4100623,-302.21097782810017,-164.57645003682632,183.40618324756545
1781773310.4310858,-313.05355550207895,-193.95619765101006,227.119026910591
1781773310.4533534,-325.1375709372002,-220.23667380276498,276.87320969921586
1781773310.476182,-342.95320464739126,-241.85896162553345,332.52752254628507
1781773310.492608,-358.12825338571855,-253.95732105665095,374.38712316435027
1781773310.5148556,-377.83407883164733,-268.08754648681185,425.5844188825621
1781773310.5422637,-401.48718770421095,-285.33522801395117,482.9264973665976
1781773310.5592105,-415.6868438676511,-295.2425638992141,512.8070734046089
1781773310.5921192,-443.89803177121587,-316.5301926648919,565.9994482313394
1781773310.6095974,-457.87476699313385,-327.2649396982359,588.4910076151899
1781773310.6310937,-476.4567315273308,-341.56235395882004,614.0516387083998
1781773310.65429,-495.00804715472117,-356.02120524318775,634.6784114870229
1781773310.6755333,-513.3785036110736,-370.56337121702387,650.2920562382079
1781773310.6980412,-531.6672499345327,-385.13259448916415,661.1145109847548
1781773310.7237663,-554.327770436871,-403.5450824972405,667.7295669365707
1781773310.755829,-581.281742351373,-425.62728550779576,665.7608120224522
1781773310.7882655,-603.6611152571938,-444.1762185780612,655.8317053806377
1781773310.8100224,-621.464848174914,-459.06621890638445,642.5485733061926
1781773310.8319423,-639.1506150661608,-474.00410623738054,624.5688915410997
1781773310.8537865,-656.8287948792055,-488.97643276712,601.8181457361302
1781773310.8757696,-674.3411523526581,-503.941300392373,574.3321475830492
1781773310.8923066,-687.4309471653235,-515.2764170885505,550.7011534091929
1781773310.9146056,-703.7352011927,-530.2739825138527,515.2199312662933
1781773310.9368434,-720.9819054007962,-545.1435500573481,474.8406523228182
1781773310.9538696,-733.8469384527714,-556.4591288896537,441.6000417287914
1781773310.976081,-750.7192160251459,-571.7318672113983,393.78280643369203
1781773310.998393,-727.3327587334803,-582.7144808717251,379.02948653064885
1781773311.031233,-603.8183500393561,-589.5068777043476,429.1251687085943
1781773311.0536582,-521.9877577623307,-593.6932163511907,456.260761412407
1781773311.0758154,-439.90724456997856,-599.1147481989892,478.54373876491115
1781773311.0983853,-358.6044045795454,-603.4795271958851,494.95169801735426
1781773311.1380007,-219.01752214936147,-613.1276272331152,510.6201277950034
1781773311.1594782,-139.8439750593709,-618.5459870013023,512.6048031379086
1781773311.18128,-61.016160344398216,-624.741781723961,508.5349720217183
1781773311.220125,74.83095480337953,-634.2641359859983,491.4555940246603
1781773311.2372894,132.70789984752918,-638.5370429083406,478.6475687670566
1781773311.259012,209.14376722164613,-644.2613771025705,457.5942983114763
1781773311.2812717,284.98250130235755,-650.1854382033606,431.93872483339476
1781773311.3200114,416.238431700963,-660.7091494757402,374.1475713739449
1781773311.336975,471.02964108205356,-664.9831367264711,344.84902562892086
1781773311.3591619,544.5981607558493,-671.7196771159896,302.6742570026654
1781773311.381058,616.688531806393,-678.106165651026,254.83743187522057
1781773311.4036124,687.147031538206,-684.2822095069483,203.10926274222868
1781773311.4312785,774.298101825539,-692.2614811152733,130.36758646938821
1781773311.453299,843.5736144164248,-698.9431376201202,67.56102418218235
1781773311.4702163,895.8275983585636,-702.7348525665041,40.394939125070216
1781773311.4923654,968.0334059465721,-704.2687989485673,97.89875051970525
1781773311.514849,1040.4572401741495,-705.6304323429309,150.9635678970805
1781773311.5374956,1111.1740541492081,-706.9761123206606,197.52763520777802
1781773311.5590951,1182.4810916682634,-708.7637007411788,239.000928818965
1781773311.5772917,1234.7261666885543,-710.4557479112644,266.45628631879487
1781773311.6144888,1356.7865517608732,-714.722167809592,318.3062135457153
1781773311.6369383,1426.2858228402772,-717.2444327474763,339.73855439283113
1781773311.659018,1495.2079841776695,-719.6501360780866,356.6824310029582
1781773311.6757445,1546.106403566872,-721.5345299028188,365.48184788861965
1781773311.6982334,1614.10570628554,-724.0171739463559,373.3523102324556
1781773311.720273,1680.6273452289943,-726.3549257349536,375.52890084459847
1781773311.7423284,1748.0683934980748,-728.9616148592834,372.8501067784727
1781773311.7647388,1813.7681263893355,-731.6293522222508,366.4578656785869
1781773311.8093703,1945.187775528061,-737.8190104213342,336.0482878657381
1781773311.831566,2009.5970417518226,-740.7381816066259,312.9197565601969
1781773311.8533337,2074.2800880013174,-743.9680640319165,285.54207127745445
1781773311.8646753,2105.1733642495,-745.7238039489107,270.2573261736895
1781773311.8932278,2184.3865848572123,-749.6400112075845,225.94771166089538
1781773311.9149768,2245.666313273761,-752.4557968260848,186.29435372395142
1781773311.937525,2307.5942261241867,-756.2751002426309,140.70472145018118
1781773311.953451,2352.8229189485387,-758.8999129819816,104.35722142885668
1781773311.9758742,2413.0664863282163,-762.7657254656061,50.822385879360105
1781773311.9978614,2476.3668746721482,-764.9586375675582,77.92089475103303
1781773312.0161808,2524.223961416749,-766.2610892821384,110.49164132047943
1781773312.0591702,2650.3533075543855,-770.6685092476891,183.83448875471603
1781773312.0813932,2712.5010135395046,-772.9424478236003,213.08831637227283
1781773312.1034887,2775.0218368205205,-775.3543180327565,235.89761211287913
1781773312.1204057,2821.105892052144,-777.0787673717606,249.8987860191181
1781773312.142456,2883.0599638168387,-779.5642513310754,264.02925277357133
1781773312.1644316,2943.666021341804,-782.377289121248,273.94668266705594
1781773312.1868734,3004.7297075483316,-784.9244342346234,277.7569053633742
1781773312.2143211,3080.4843009647816,-788.3908143024868,276.652799832224
1781773312.2367275,3139.366937573365,-790.5273239341572,269.4148322609927
1781773312.2535124,3183.4842066637543,-792.8888622795728,261.8492048849211
1781773312.275546,3242.577339862542,-795.465847484062,245.67983547579422
1781773312.2981749,3301.042762139454,-798.6573730116214,225.96525181706247
1781773312.3146007,3323.0075032551617,-796.3390493163328,247.17714949848514
1781773312.3368852,3272.5913762439723,-778.5264825627056,409.7408222815434
1781773312.3593276,3222.429936938371,-761.1444575340909,566.709459993858
1781773312.3756607,3184.0585558627145,-748.7930865004952,679.1598034539161
1781773312.3983493,3132.358858621376,-731.9109373008478,820.132978528732
1781773312.4200227,3080.754697662858,-716.1090869793613,955.5778328810396
1781773312.458962,2989.5697208545744,-689.3797907751024,1173.2702609838877
1781773312.4760003,2950.5951195343846,-678.3269393633431,1260.5855246864771
1781773312.4979172,2898.6334595121807,-663.432232189531,1371.7383141628172
1781773312.5208988,2847.246347230293,-648.9632333441252,1473.954783627961
1781773312.5424452,2796.225365398446,-635.2291008464691,1571.5654271268656
1781773312.5643647,2744.2258535971314,-620.8745220679536,1661.6801307986937
1781773312.5815778,2702.903436835993,-608.7470867835145,1722.9644359765643
1781773312.598206,2669.2304104404775,-598.641852378452,1782.661134571517
1781773319.0543048,2012.6533301232223,-888.4131009388965,326.52525047231654
1781773319.0765069,2069.735335183136,-874.8598634441558,237.58542798840415
1781773319.0987453,2126.2080668193844,-861.9567531127673,144.3816366898089
1781773319.1204438,2180.8805426432436,-848.7501955924263,47.72813126640929
1781773319.1431372,2242.2832783821386,-822.7714281482699,113.85090605142354
1781773319.1600385,2287.8416421354127,-802.141681920489,172.51242808411735
1781773319.1875887,2364.451939358485,-768.2993721431835,261.48632338351706
1781773319.216384,2454.74842162182,-727.952737923561,356.9830567701995
1781773319.238603,2514.8762915826524,-701.0535043075612,412.99538261399215
1781773319.2654073,2574.3121132057568,-674.6268220998281,462.65067681196956
1781773319.2879658,2632.786361235479,-648.9123851057936,507.1303226729487
1781773319.3091016,2691.3940646067076,-622.4439265272559,546.6798993594363
1781773319.33253,2748.7844192687867,-596.3488941396339,580.5720278261679
1781773319.3486362,2792.5750373997953,-577.0792758814742,602.1695084188477
1781773319.3702297,2849.3772620094433,-551.4404052237057,626.8971609402993
1781773319.3927047,2906.4108823262272,-525.8389079961054,646.004808892353
1781773319.4106004,2948.3844441707447,-507.04014718168895,656.9173259861561
1781773319.4375153,3019.44821710263,-475.2454494082529,669.4401505496911
1781773319.4595122,3075.178113617411,-450.5181270723129,673.0146754111101
1781773319.510364,3212.2786813203033,-389.5315826485395,661.1133411651449
1781773319.559985,3320.1353705893357,-341.69919001244796,628.0160607987326
1781773319.581371,3373.563115949633,-318.44249057705287,604.7647115527137
1781773319.6041563,3425.8420471890486,-295.2746246066978,576.4974094360687
1781773319.6315982,3490.6938397555264,-266.34035770427755,535.1210755292267
1781773319.64349,3498.6397852979417,-256.8737349744775,529.3114467776771
1781773322.054598,119.3275076834687,-2170.05474140332,965.2295562351593
1781773322.0821595,217.13186128341434,-2132.247473113945,980.8220457131904
1781773322.1100564,313.845163946667,-2094.3585417488243,987.2844352981439
1781773322.1322985,390.69883268597624,-2064.5854351325406,986.5053494104174
1781773322.153968,466.2961804477512,-2035.1733446774635,980.6840652116842
1781773322.1828694,579.0296165975794,-1991.1310291650284,962.661576635766
1781773322.2163174,671.1317988717393,-1955.467536917746,938.0023309975039
1781773322.254158,797.82551151392,-1906.031753897617,891.4273293838525
1781773322.2705452,851.3283147545034,-1884.9577991777653,867.2468508436582
1781773322.2993355,939.3637304975272,-1850.8977794636382,819.6324156439839
1781773322.3205967,1008.869142688559,-1823.5097273045324,776.6006382747295
1781773322.3424628,1077.7433000840633,-1797.3059221379608,728.8804800102724
1781773322.3591313,1128.4796336118084,-1777.2680949576843,690.3901509276699
1781773322.3772476,1178.6890827935488,-1758.4536784765783,648.9235585574397
1781773322.4092164,1276.861529656339,-1720.7936984450453,557.9019537575507
1781773322.4496953,1404.5246654575062,-1672.5009251856598,421.33240149380424
1781773322.4925952,1511.8829749878344,-1631.3007925638663,287.3422693693458
1781773322.5154614,1572.2209957652626,-1609.0608732664098,204.8664890178671
1781773322.542663,1645.5099366053162,-1581.6687976467895,97.49041980541922
1781773322.5660946,1702.7171589816057,-1562.1935304416772,4.657249547690202
1781773322.609218,1812.154639506462,-1520.4692122177687,-189.57549468189347
1781773322.660662,1929.2217749866923,-1478.5735252836794,-427.2826215241312
1781773322.6935837,2004.1362115747247,-1453.2078734728395,-596.897712930644
1781773322.715367,2050.0316947453125,-1453.330359295689,-709.2711177652415
1781773322.7393813,2109.873261552809,-1450.6416543200348,-595.5827765634909
1781773322.7816465,2192.821959761637,-1443.9832931401158,-441.6485456914342
1781773322.8045068,2240.205167499338,-1441.3848991518182,-354.173617075402
1781773322.82643,2289.2528287953055,-1438.1091454540874,-283.8459763255139
1781773322.848487,2336.0643267082132,-1435.4927005645754,-216.4222735349313
1781773322.8702807,2380.901022012774,-1431.3165041644118,-152.60580465450042
1781773322.8832505,2404.6611526336765,-1434.8282962844073,-128.11975155708487
1781773326.0374846,520.9148170353353,-718.1732534503486,266.399423964983
1781773326.0595863,437.28441686617043,-714.6259447977993,232.60015338941557
1781773326.0831258,354.17156696628456,-711.46254764224,194.08879261068975
1781773326.1094966,251.2221386670507,-708.1165369894318,139.75189278020594
1781773326.1316354,169.6829601770178,-705.7906204407498,90.86336438629901
1781773326.154355,89.25737598003309,-703.3313945824543,36.9859954400735
1781773326.1764314,14.692388781360012,-700.2665556219364,60.087605271258845
1781773326.1928222,-38.805199567184445,-698.7591074483054,93.22579926159523
1781773326.215561,-110.22254550482705,-696.2745454826743,132.79624731718678
1781773326.237449,-180.8092291991874,-694.9889284726023,167.42139520234178
1781773326.2596343,-250.65050220022007,-693.4419977890011,196.77267263281303
1781773326.287288,-337.33188399320954,-691.7596020586803,225.75154867580306
1781773326.320588,-438.8303068903852,-690.785372467965,250.49798717372548
1781773326.3370714,-490.6712516828357,-690.4182616139369,258.0176633261626
1781773326.3593872,-558.3899083835308,-690.3070415569294,264.2519531757241
1781773326.3828244,-625.1917343446877,-689.6474794192175,264.5902363102832
1781773326.4341452,-791.1080827855052,-689.1700839799042,245.1267354450714
1781773326.489726,-952.6240202389705,-692.657361567666,194.69587432846657
1781773326.5442433,-1109.9298290884362,-697.8589228148621,113.21776288685315
1781773326.5670803,-1171.5101060912277,-701.1140381204433,72.17717410806027
1781773326.5985587,-1247.5067768997246,-704.244443519262,14.273260398554957
1781773326.6207209,-1307.4260921269479,-707.1580061124923,-37.797318643919546
1781773326.6442006,-1366.583419622204,-710.3200641713386,-93.6778295453677
1781773326.691569,-1497.619182571374,-719.2014159012666,-236.58405160086238
1781773326.7150762,-1554.800235832416,-722.7557655155622,-307.86807391524263
1781773326.7373812,-1610.4777546671344,-726.7943109792341,-383.38321554292486
1781773326.7552028,-1652.0942786407365,-729.615894932703,-442.52316358565673
1781773326.7904253,-1747.8828778154486,-737.5419098023299,-590.2293785583278
1781773326.8108127,-1788.2419514569044,-740.649388373396,-656.2078953761866
1781773326.83771,-1850.391302096361,-745.2831188296735,-729.5695534324466
1781773326.8607526,-1886.8358919845368,-745.6692103667874,-650.0313268333568
1781773326.9094877,-1968.6720946101439,-747.6108910264483,-490.13393036021245
1781773326.9489477,-2032.3429396709023,-749.2978421185306,-384.3701763640119
1781773326.976221,-2077.6870541566223,-750.4829001544641,-319.0116275932111
1781773326.9939368,-2114.731179037507,-751.5945700147353,-272.1057568816948
1781773327.0162516,-2141.2033998379625,-753.0547325495321,-241.45042976200347
1781773327.0514488,-2204.0751765601963,-755.2404973350737,-178.80067804106582
1781773327.0983088,-2276.1270134667247,-759.3041735059584,-127.7863009497101
1781773327.120659,-2311.0626742098225,-761.1112205482505,-109.37957030550552
1781773327.144497,-2355.055777021429,-764.396214144528,-94.50503939927478
1781773327.1931984,-2424.362036017439,-768.2885499489512,-84.44652569599943
1781773327.215672,-2459.163078769468,-771.3436848029523,-88.43279519400431
1781773327.2427359,-2502.272621710548,-774.1576947702923,-98.2977720749455
1781773327.270407,-2545.5774253105214,-777.4596616769456,-115.77296727599554
1781773327.293766,-2577.970532553606,-780.7344901300308,-135.1616806483696
1781773327.3105788,-2603.7560491998393,-782.6941268705797,-153.47341501568607
1781773327.3396285,-2654.2499496445957,-787.2591213526168,-197.2258247050131
1781773327.3620114,-2686.4488634342683,-790.3449889113559,-231.4339632949216
1781773327.393316,-2726.5085682518516,-794.3808939973869,-282.173981553203
1781773327.4171157,-2766.7036238749756,-798.4752971733559,-340.2453482760649
1781773327.4598427,-2821.2355910788424,-803.7744971286811,-432.15546071624516
1781773327.4817245,-2852.9114539725733,-806.802351337043,-491.6749571737776
1781773327.5051653,-2882.765657191819,-810.1623515200224,-554.163408966388
1781773327.539358,-2934.5878054292684,-815.8593651648808,-676.3126048605203
1781773327.5740514,-2980.4332248043793,-820.194285582431,-734.6105153306041
1781773327.6185112,-3053.4749652842665,-822.5950752136441,-616.3217185316686
1781773327.690157,-3170.3215630860263,-828.5067524912421,-467.11786410388834
1781773327.744736,-3258.9858812805546,-834.0882515557824,-388.4638569886377
1781773327.777672,-3302.8675451880517,-837.4003509646839,-361.2506427941491
1781773327.810726,-3355.7061611993545,-841.0673647085771,-339.4057717756382
1781773327.8540425,-3425.728355176816,-846.8296071325354,-325.5828408509432
1781773327.876113,-3460.5362466665542,-849.549662982196,-327.52249977273596
1781773327.8982296,-3495.5792971448504,-852.5617459672476,-332.65749988086736
1781773327.9204032,-3529.1886801219744,-855.9552176088645,-342.95393864642926
1781773327.9438004,-3563.9345386267073,-858.9503426547591,-358.774498431121
1781773327.9654324,-3597.663101204295,-862.1573904689986,-378.32203698555577
1781773327.9878123,-3631.2988352734915,-865.600714018904,-403.81774699363103
1781773328.0130942,-3673.2302106992297,-869.266965412858,-440.9844937719606
1781773328.043276,-3714.6144144995965,-873.598286342829,-485.4456392840999
1781773328.0656219,-3746.525786056872,-877.1766800663502,-526.3731016535532
1781773328.0926476,-3787.2273488971864,-881.1394034809571,-584.7470631163287
1781773328.1316469,-3842.346104236239,-887.3895467926853,-677.3673635693133
1781773328.1610744,-3888.80783996739,-892.3538505005608,-761.8043206720226
1781773328.2047076,-3945.4596557054438,-897.3313433371279,-675.7996218188085
1781773328.237959,-3993.5652096579256,-901.2700200644948,-614.0575805880023
1781773328.259467,-4025.1776909524942,-904.5573443269317,-578.7917055043013
1781773328.2819815,-4056.9945604970662,-907.6988185870714,-549.7682043916074
1781773328.311199,-4104.533320988582,-912.5541497093292,-514.3453674636072
1781773328.3373318,-4135.761917287873,-916.2491410197217,-496.6449699558387
1781773328.3596344,-4167.26353163993,-919.8735197341923,-485.05682428339026
1781773328.3774223,-4190.472891296438,-922.8342456243155,-478.11231618307613
1781773328.4046621,-4229.276364402624,-927.9605619505847,-474.7846876787741
1781773328.4267752,-4260.7799175777045,-931.1488400034143,-476.44889188470665
1781773328.4481883,-4290.266539134384,-934.7435304057525,-483.2353103209256
1781773328.4705298,-4320.6898267679435,-938.1746319403121,-495.7794044661909
1781773328.4930856,-4350.266113366841,-942.0323886016007,-512.363469303778
1781773328.521384,-4386.014568150655,-945.9571218067161,-541.829390402976
1781773328.5446146,-4424.047551163138,-951.5927005141153,-575.7103739709297
1781773328.576985,-4445.305208671301,-969.8986202658645,-606.0676059690913
1781773328.599614,-4456.137076227796,-988.0161023034507,-634.1146890310387
1781773328.6434026,-4472.325044416121,-1023.3233092840741,-702.8209734948163
1781773328.6721036,-4483.1365835090055,-1045.8100315714805,-755.1886687562939
1781773328.715503,-4513.005875839652,-1079.4207424014196,-698.508128200034
1781773328.7371547,-4526.1632196126975,-1095.2348526545522,-669.869020739789
1781773328.7596223,-4540.091904748114,-1112.1285831098967,-646.7985630875881
1781773328.778569,-4553.9796079353,-1128.6277990295212,-629.1729210117699
1781773328.8095822,-4572.338883238456,-1149.1535456168651,-611.8702452088482
1781773328.831827,-4587.26251137253,-1166.0902686410493,-604.7383477374124
1781773328.8500087,-4597.656842471688,-1178.2046275071375,-602.0384791221148
1781773328.8822372,-4616.0483317900125,-1202.7126433460232,-605.5171312011456
1781773328.923866,-4643.775166912479,-1235.8355369130697,-625.7174056229283
1781773328.9485052,-4658.280985157114,-1252.8039366523378,-643.4904095645165
1781773328.9678793,-4670.386590582779,-1269.4978855635181,-664.1856840406414
1781773328.9933264,-4681.806828936783,-1285.166596275454,-691.9585337911728
1781773329.0149531,-4694.921858331547,-1301.6073404840945,-724.3841513951521
1781773329.048816,-4713.4702656614,-1326.605410534539,-742.4837945393675
1781773329.0929523,-4735.505274537382,-1359.546675208917,-689.8246001803416
1781773329.1204517,-4747.223878656585,-1380.463786793061,-665.433722937417
1781773329.151468,-4762.148633753754,-1405.316789970829,-648.4313639794749
1781773329.1852722,-4777.498855588795,-1428.9874842704173,-640.6818661206692
1781773329.229615,-4796.946029134264,-1461.9685658900923,-648.2240119687315
1781773329.2626977,-4811.176662723675,-1487.6239642669625,-665.506994325042
1781773329.295538,-4826.100962024716,-1512.6794026993316,-693.9348251923681
1781773329.3290875,-4842.024020157683,-1540.3443495861509,-730.6932828366928
1781773329.360936,-4856.309014177313,-1568.5792782795468,-733.5567656361665
1781773329.4094741,-4874.209976445844,-1598.0673681181695,-693.1402839556794
1781773329.4321606,-4884.98989622459,-1613.3860545967552,-678.730916373745
1781773329.4545116,-4895.702602717498,-1629.0860691587723,-667.7997222722528
1781773329.4772165,-4906.933943420157,-1644.516438958715,-662.527325910352
1781773329.521174,-4927.55542989138,-1676.1323919094054,-665.8898806334355
1781773329.5484667,-4940.167126731205,-1695.9498319414636,-678.0781490631455
1781773329.590584,-4960.859905531501,-1726.938831415706,-713.0150395198158
1781773329.6407614,-4984.929797996061,-1761.4788349789371,-737.3331917740202
1781773329.6738393,-4999.688551169875,-1780.8312170718475,-710.1381382640873
1781773329.690671,-5007.392818028701,-1793.0907051443444,-698.5580887782465
1781773329.726158,-5023.569784958169,-1814.6195817717105,-686.206257294655
1781773329.7738395,-5059.23125061747,-1850.9931916847315,-688.8096439371501
1781773329.8080502,-5078.365545843329,-1871.295908253147,-699.9628566879915
1781773329.8240283,-5083.739555770109,-1877.8278267456042,-705.9408427116631
1781773332.0410712,-3613.5762651185264,-1455.220127351088,430.9814973890543
1781773332.0809758,-3552.339496914576,-1445.7539191368685,392.5147284017727
1781773332.1383076,-3492.6191633673334,-1409.7216165852603,472.5622285679218
1781773332.1859405,-3439.420201072223,-1377.6863003583533,528.6646350504502
1781773332.2351959,-3387.22706967981,-1345.3122969770927,560.8174465207419
1781773332.2693088,-3352.4908313114515,-1323.858433227947,568.6427186272597
1781773332.3024855,-3317.9692992710034,-1302.8316739882998,565.847950346968
1781773332.3191426,-3300.6862345408094,-1292.1506602774446,560.4491644471885
1781773332.3524206,-3266.509537723976,-1271.0327065259476,541.7719033770491
1781773332.3854015,-3232.4749502399877,-1249.6809040489645,512.9123480405386
1781773332.419136,-3198.2019036296647,-1230.5392343708363,473.1981623517081
1781773332.485211,-3130.032445199359,-1188.9318029311619,427.31144704250823
1781773332.5520356,-3062.2546556050565,-1143.124640979173,530.4378612897866
1781773332.6018615,-3011.3352294404344,-1109.9069524765544,579.4061977311676
1781773332.6528351,-2961.3211922201745,-1076.3513176453116,604.7422820274618
1781773332.6885464,-2922.3100886912416,-1050.825174207302,607.7072045529213
1781773332.7408774,-2872.292241658614,-1018.5058288861125,589.8040284937301
1781773332.791705,-2822.0389391009417,-986.7816294475502,548.0056946778348
1781773332.8247883,-2789.201292999673,-965.5879657443282,506.91421252415205
1781773332.8581047,-2756.552095918494,-944.9570554615339,455.0497863711376
1781773332.8909779,-2724.4381301513868,-948.1520726276948,466.84498462711105
1781773332.9241793,-2704.66558971484,-967.4095476559111,501.11095126524583
1781773332.9647095,-2675.843328054111,-969.4469054414111,520.7668905224585
1781773333.000583,-2634.219402520939,-945.0030104140606,524.5237305502206
1781773333.03464,-2589.653301054019,-907.5950075817852,512.7392510996774
1781773333.0845227,-2515.245480569158,-839.8941724760792,471.00874532214743
1781773333.1179352,-2465.6772492839727,-794.5035176900592,434.0671320260061
1781773333.1532648,-2419.0240095190256,-754.1665030665781,399.3035268627263
1781773333.2053661,-2348.926867572108,-694.6940414026058,358.3862813075099
1781773333.2580588,-2281.044131373652,-654.3236711626462,333.2142314084313
1781773333.2905643,-2233.0923326304446,-632.9590423035094,320.41876815368414
1781773333.3224037,-2181.008078283403,-612.7147047435703,311.22214681097216
1781773333.355905,-2127.8755382519307,-596.6535626732823,306.1028898840272
1781773333.3908098,-2073.1769223897572,-585.105382825059,304.70606368875843
1781773333.4242647,-2018.2330726760435,-576.6952746284559,306.1451504589227
1781773333.4749477,-1936.9142453153138,-567.3736021891558,310.6421313079796
1781773333.515879,-1874.3730143251028,-562.6266343153909,318.8371483350034
1781773333.5487528,-1820.6046110754296,-558.8025587968098,328.830063271978
1781773333.5880473,-1759.641966728698,-558.6764920502584,339.92016889791375
1781773333.610195,-1723.8925645670283,-557.9521707178691,348.99244703219637
1781773333.6294694,-1688.313280670935,-558.1106856997676,359.6588161808325
1781773333.6626377,-1635.4330531198316,-555.5787427657642,373.74876412197347
1781773333.6851628,-1601.8138454189025,-554.6991059058902,383.58961484539736
1781773333.7302132,-1547.9112241520486,-558.3527979537812,401.4519664906599
1781773333.773632,-1492.7719441345182,-565.6534236373559,413.6579593140183
1781773333.8185554,-1433.9057372049558,-578.147777384771,407.27331867744584
1781773333.8424366,-1408.7084843452387,-584.782175431967,396.0351789592319
1781773333.8628728,-1384.492244063702,-592.1851805409693,380.09237451560256
1781773333.8891563,-1357.7234668167728,-603.0513742825644,356.6368092180869
1781773333.9142127,-1338.8337701738003,-611.5745838660786,343.29055624290646
1781773333.9363391,-1318.0955250590036,-613.2070364655576,346.29699671072115
1781773333.958767,-1286.311270069852,-606.151911743131,354.6955284861731
1781773333.9912186,-1236.267831390132,-592.8483584148747,359.8611962366553
1781773334.0351317,-1165.8152905988943,-571.401021868134,364.45420055418
1781773334.0687642,-1108.891164455232,-554.8896386871785,367.331582366573
1781773334.1235945,-1013.9418749560197,-532.3292751486421,348.9916843703411
1781773334.1636264,-948.2330077272683,-521.9134209785358,321.7379865223272
1781773334.2036166,-885.9446597769845,-515.2800230684604,295.45821075884214
1781773334.235277,-850.8457143334075,-511.60444299265765,278.55969834390964
1781773334.2425108,-825.1402715920294,-509.9158370991592,266.3917393980104
1781773334.2788365,-768.1481268171833,-509.2335657751197,242.2383410457428
1781773334.3291504,-692.4713092736988,-525.6627870010263,229.48165289281343
1781773334.3632596,-643.0311914202406,-553.0219102644463,235.07688909726477
1781773334.4163365,-578.306553295589,-612.030617365,266.54451716039256
1781773334.460377,-534.4583503220097,-678.629700888391,326.96042043730273
1781773334.500336,-516.2214825043095,-725.042116390795,393.63373694850844
1781773334.5262837,-512.2130211814341,-746.5377859469203,434.25135818686687
1781773334.5662367,-508.8388643035101,-777.8448323952591,496.36436965426924
1781773334.5897675,-506.04400892024455,-799.1070455903322,530.3894589750021
1781773334.6218412,-504.00069691702794,-821.4460633377954,557.7943884775432
1781773334.6656682,-501.00722591151714,-857.3288992937995,586.0886948334132
1781773334.6873007,-499.4710634571488,-875.3400079173803,592.9900719122793
1781773334.7096786,-496.70661199651107,-892.297310376245,595.3414659435728
1781773334.7317395,-494.72389408887153,-909.8389498785831,592.7910612451421
1781773334.7498915,-493.4934416477038,-923.4653522156199,587.6522419711298
1781773334.7823718,-490.97208124499826,-950.5453335189085,569.3997756445149
1781773334.8052242,-489.23052305694245,-968.667589874073,551.3845871110535
1781773334.8484292,-484.51152832381104,-1004.3638111214519,500.85346172711735
1781773334.870731,-482.95557690496514,-1022.555895210344,468.77699827949175
1781773334.8876164,-481.7292984547849,-1036.074637298624,441.67893543309066
1781773334.9152443,-478.6539937540283,-1058.0757295195872,391.630363416544
1781773334.9372153,-474.47937139919566,-1074.9383741114252,346.26309123500903
1781773334.9829848,-280.61198244076905,-1055.936604855144,255.3789913217986
1781773335.0099604,-161.82568000753085,-1037.027059624858,213.70706247126773
1781773335.0387387,-13.476423387659592,-1012.8500268838371,157.96976925023768
1781773335.094123,272.2912899013769,-970.5382479388511,34.30388121693677
1781773335.1375904,475.06100507146124,-940.9175484513814,128.43155031143658
1781773335.1654067,599.7452550098359,-922.754814386057,174.6303959569469
1781773335.187439,698.0524540949908,-908.7026690273561,206.42887422210293
1781773335.2096586,795.2334062608439,-894.2927373422921,231.96703930283925
1781773335.2317219,892.0546846509519,-880.5401309626893,251.3398255465603
1781773335.2554812,987.240615810801,-867.3752321898847,265.652322276288
1781773335.2984068,1175.2110710559168,-842.0103256668601,278.3016261307576
1781773335.3214493,1268.0047311244418,-830.00044874066,275.4993973276241
1781773335.3435774,1359.4878441813673,-817.9603956950266,268.4263691960904
1781773335.3657348,1450.5947617960426,-807.131275481797,256.8917980858508
1781773335.394989,1585.8541288571803,-790.3731010282024,227.71594171351686
1781773335.4492729,1784.1274808844357,-766.8707269898298,164.50261954237413
1781773335.4765396,1892.3238343537305,-754.7168207121748,117.99085729228172
1781773335.4987078,1976.2098996795492,-745.3467471767058,75.4103372716925
1781773335.5214093,2059.0301920451557,-736.2722550032114,47.783368335201594
1781773335.548698,2154.6323461945126,-724.9937008434338,92.31840421228463
1781773335.5713036,2230.3846596172516,-716.19555720414,122.02568479950827
1781773335.5936575,2306.2233052954393,-707.0396491233809,145.17538248221794
1781773335.6157424,2380.5595771211406,-698.6764110362536,164.44108893516264
1781773335.637364,2454.9641063285244,-690.7672452335904,177.95387824924006
1781773335.6601102,2528.2738025737635,-682.9250539608125,185.81972528376198
1781773335.68246,2601.4130363486665,-675.3132160976511,188.87086671979375
1781773335.7046576,2674.2475405012788,-667.5245562504477,186.3350195366817
1781773335.7222207,2727.130249666715,-662.54439719569,181.6759553316977
1781773335.7501886,2833.648708386314,-651.5998134044881,163.24525056764818
1781773335.793559,2956.4674188260406,-639.8364095899002,126.73956313143644
1781773335.8157463,3026.196281696363,-633.9280569454628,99.09323633229755
1781773335.8377929,3094.465983230776,-628.1403970799662,66.5480939178982
1781773335.859666,3162.8530164625868,-622.5172240282633,29.294209752657753
1781773335.8873026,3247.033977288571,-615.1472743099733,-24.589605215698686
1781773335.9060261,3296.3028862884266,-611.5488314295809,-59.72732876658709
1781773335.9160717,3309.6613496769814,-605.6037717174756,-64.47792378357701
1781773338.0636554,-1063.2508332253842,773.2695663742193,75.8835290693367
1781773338.1037827,-1041.0257079368464,701.20418651256,70.08906152025374
1781773338.136374,-1023.242628715653,644.6170475625572,64.53823739948984
1781773338.1605287,-1014.974761382114,621.490979484221,63.84014302217486
1781773340.053248,1302.2353970217707,-631.7242690653161,180.71992355470104
1781773340.0862827,1267.3415723825194,-629.563435621856,197.49679626606212
1781773340.1193647,1232.138733832236,-627.0400150102186,203.45199220778414
1781773340.1694474,1180.763766523173,-623.535549538375,192.2121484167975
1781773340.202474,1146.7746973204119,-621.5696215235848,172.42444269179487
1781773340.235703,1112.9989144632639,-619.8546855798253,140.62649382328297
1781773340.269147,1079.163985699,-618.279933861844,99.25851827725059
1781773340.302266,1045.8010961185869,-616.6014846282754,46.645440808999005
1781773340.336844,1018.5012424073533,-614.0062680709703,61.56177005569709
1781773340.370812,994.8199500462324,-611.6339558751558,103.80536097208751
1781773340.4197595,959.0337849489958,-607.8894536459799,146.90205989482115
1781773340.4526098,935.9196806598258,-606.066786597365,162.4696278943209
1781773340.4695642,924.4385717219369,-604.6435773455573,165.26464171621555
1781773340.5025115,900.7279040202424,-602.8140098249768,164.60599880090132
1781773340.5524538,866.831837565607,-600.4446959003557,143.07196142893056
1781773340.6032813,832.2142493369715,-598.3904372850341,97.39697529833964
1781773340.636006,809.9026797518088,-597.4901857319335,54.14886474081916
1781773340.6695151,791.4739428680989,-595.5946028917592,47.54245930990329
1781773340.7025096,777.5017406568027,-593.5972490797336,84.47146435020939
1781773340.7386131,762.4105917007222,-591.5869247407547,114.40765273491428
1781773340.7963746,740.8283709861997,-588.8813719323385,129.49671558861726
1781773340.8382185,725.0338824155252,-587.557520105692,123.31986527928501
1781773340.8861566,706.0265918840314,-585.9316031907392,94.65163395614108
1781773340.9193895,693.572829599871,-585.0355752392403,60.702602494857466
1781773340.9524984,682.2126393622748,-584.1763864156206,34.083432535625796
1781773340.986114,677.6119662748284,-583.0320779032506,67.55137010096328
1781773341.019212,673.2867273715984,-581.585603215268,90.14148857751464
1781773341.0531123,669.2624228368668,-580.3508178270213,102.16031313369164
1781773341.1044314,663.5833489389103,-579.0538700652099,100.09138148258906
1781773341.1485384,658.488723393934,-578.5222866608793,77.1028699909815
1781773341.1688883,655.9373821533868,-578.3005375184204,58.5488959463208
1781773341.1910622,653.2184870979339,-578.1190599466358,35.536127603452314
1781773341.225172,654.3782495354128,-577.7023927195513,50.787119026280735
1781773341.2693927,658.1018880500916,-577.452885649009,77.76003136948432
1781773341.3130684,662.0064693969235,-577.2833128164028,85.455722409952
1781773341.3587074,666.0157594188051,-577.2217877641795,74.14561189531013
1781773341.4030423,670.5330621292894,-576.8223254682658,43.900711332714536
1781773341.4472845,674.5506474937538,-576.9260219939498,47.51438902104451
1781773341.492906,678.2272981430559,-577.1893992586994,66.02318309041327
1781773341.5255613,681.0425036055021,-577.5666217134283,67.25555483631952
1781773341.5639157,684.8376973742994,-578.3056639945949,55.89716024447352
1781773341.597258,687.6825686795419,-579.2295920857422,33.90276894238275
1781773341.6297095,690.918941208217,-579.7343427119115,44.1418163016045
1781773341.663127,693.0337354434554,-579.9358785904587,54.839352143414736
1781773341.696661,693.3546944838699,-578.5329380394093,51.42497759662612
1781773341.7472703,678.0870256784316,-585.1089884046833,22.765005846224902
1781773341.7883782,654.2020517084584,-594.5366962648358,22.86325226642998
1781773341.8390887,597.61361143353,-624.5527479504598,32.11913687934729
1781773341.8741553,539.9388551875721,-649.01121815523,45.50935239535124
1781773341.905609,469.7761294802985,-667.3334073851095,60.30789364774586
1781773341.9403932,396.50196061718754,-672.1534625340311,72.4599054167613
1781773341.9743776,327.16840116266167,-665.9649990436694,81.4554596530909
1781773342.0090692,264.23834570666554,-652.815131577124,88.93598562044133
1781773342.056561,182.05837060931765,-630.3696698903786,98.15941318873519
1781773342.1069555,124.78514367645232,-608.2848762320061,109.33722840315582
1781773342.1578894,89.21366088129203,-587.1205057754906,118.84339769447254
1781773342.2076926,58.331955365285545,-568.55437303901,119.72315149469833
1781773342.241068,41.942848161904024,-559.1596973758797,120.10553843339402
1781773342.274455,29.483850117702893,-551.4210782280101,121.31461071546353
1781773342.3084674,18.36934840130095,-544.3661130651697,124.32806813770516
1781773342.3259048,12.959028669942512,-540.8891008817374,126.09584398031076
1781773342.3587098,1.7774929016645167,-533.9198461188707,130.50089010734632
1781773342.3995068,-16.72368754145677,-522.5914746430656,136.16567292180852
1781773342.4274638,-28.00976090104508,-517.270482914178,138.85807781158823
1781773342.4784515,-60.214202351561376,-507.36631658056405,146.5456798925144
1781773342.5122972,-81.93188679289018,-502.2192802351888,149.6775320535025
1781773342.5461404,-104.23495636332812,-494.9996554010802,150.73678881860474
1781773342.596199,-129.6322207918883,-484.2798456567467,149.428345191081
1781773342.6476278,-157.98749102689405,-466.5088932365671,138.47337909092775
1781773342.698012,-178.82203553178073,-444.83493921708447,122.02783852891899
1781773342.7316296,-186.78885440199085,-428.74043034306163,110.74736032253756
1781773342.7648764,-191.72668352549758,-414.0604663621493,98.48444534996813
1781773342.7976048,-196.33521743891748,-401.81752200874695,87.7306411088019
1781773342.8315148,-200.15371121061995,-391.843903249073,81.404526315432
1781773342.864279,-204.47187837355713,-387.38072029578586,77.90562907396739
1781773342.8976784,-210.41111681843117,-387.78019841614724,77.71126240545874
1781773342.9303584,-217.33907742690448,-391.88121081063144,80.10908947446887
1781773342.9809992,-229.04935613797474,-401.6353331300672,84.21803046452466
1781773343.0145707,-236.30057270604684,-409.9984195262146,86.57228868314641
1781773343.0475335,-243.9786396909472,-418.50550380332845,86.41957380583963
1781773343.0815375,-251.04892971128666,-426.9258044468494,84.87864862349949
1781773343.1142836,-258.8400921899345,-434.0329468541388,83.17351698967411
1781773343.1645532,-269.0047870740875,-441.85988848611555,81.73682734910555
1781773343.1974928,-272.4000741339281,-445.5497393354646,82.90803990125711
1781773343.2137089,-272.9101990746858,-447.11698025523884,84.07966440549798
1781773343.2475083,-272.2673436215724,-450.88888544032807,88.14923614394914
1781773343.2811997,-269.6599280009635,-455.6008200589804,93.5301415392301
1781773343.3142684,-263.19832286899543,-462.76613564119066,100.31034196817912
1781773343.3473315,-255.03211872258007,-471.40632961626517,107.31932840086728
1781773343.3806891,-246.30009947667048,-480.80895479336226,113.63021050531393
1781773343.4145467,-238.68063709613756,-491.83884604260453,120.5471566928636
1781773343.4645271,-230.02291042096755,-511.4693965820809,134.36689777771176
1781773343.4971442,-224.06865180963578,-526.6187106822598,145.17598911705164
1781773343.5305142,-215.3166257663435,-546.438281294847,162.22826276750232
1781773343.5804749,-202.47682438393858,-582.5704128349755,196.9640864753563
1781773343.6142857,-199.21207041574007,-610.1438932348801,225.22331252347826
1781773343.6473353,-199.1154050139608,-637.7841286798048,258.59122816498774
1781773343.688304,-204.00995119162698,-666.7769914317083,305.47159527059284
1781773343.7165277,-213.57690857419394,-685.5424284063105,344.3830449805409
1781773343.76681,-240.00213722503577,-714.5181814317389,428.4991753712401
1781773343.8009963,-257.15397802891437,-728.1020335564385,471.7338556288138
1781773343.8269649,-267.98857528306445,-736.7949188581911,494.40892901413406
1781773343.8496819,-279.60258075630594,-745.6425676215024,512.391740236358
1781773343.893655,-302.6787120999401,-763.12173178905,533.5171350017232
1781773343.9155114,-313.89571126334573,-771.9387504942043,536.9797083157267
1781773343.9384127,-327.21593232033837,-783.6992337586488,534.9436601366772
1781773343.9581003,-335.4650058081022,-790.5391800773203,530.0519335850036
1781773343.9805574,-346.84645636785353,-799.8177169350947,519.4432468913543
1781773344.0139158,-363.84765898837986,-814.0216746738296,494.7188127610163
1781773344.0581145,-384.6936044710721,-832.7117110083507,445.3940956081805
1781773344.0827708,-398.43940741872547,-844.1791226342744,404.74359525615654
1781773344.1036167,-406.3138807008396,-850.7110060364906,376.7966751571464
1781773344.1262276,-416.70690538854143,-859.2245530434946,335.4812519551204
1781773344.1637268,-435.0717174361521,-874.8354333511999,252.77326662766103
1781773344.197659,-349.50526555786746,-876.456607891346,240.64473522681897
1781773344.2310994,-199.93552993340668,-870.0755486299804,262.3435434717095
1781773344.2639074,-50.55648433138719,-862.7718579770914,272.1446905189549
1781773344.297364,96.44327599029113,-855.2144923335399,270.5735574662433
1781773344.3303406,240.05673534451506,-847.5255811644283,256.91168897391935
1781773344.3642228,382.19988310977317,-840.4855948055136,232.47377746827
1781773344.39722,521.9816353223184,-832.7910076145091,195.37171426014828
1781773344.4307761,658.0605834209183,-827.2030565003474,147.40157190329344
1781773344.4637623,790.3669933597615,-821.6912912697057,86.43671771918083
1781773344.4975972,919.9004605595528,-815.5819523064941,39.34571818367916
1781773344.5460474,1091.2480892312199,-796.2769533294598,126.68805794826673
1781773344.5791662,1204.3356233577867,-783.6708573632345,169.1449265315594
1781773344.6299274,1370.1238310730853,-765.1991047756997,211.1336233145475
1781773344.6639867,1479.6622553432192,-753.0541989044959,223.995434531866
1781773344.6955254,1587.823050114542,-740.3497322795719,225.76437045389667
1781773344.7297704,1694.132656850219,-728.9719242840932,216.09035099683481
1781773344.7798238,1849.918597653752,-711.6571998788496,179.01226728181254
1781773344.829807,2000.1215545364382,-696.3996193508815,116.95767718683146
1781773344.862799,2100.4735352786006,-685.4258971602899,62.84897629882093
1781773344.8966482,2196.194127884235,-671.8916564609139,66.77355052730795
1781773344.9299834,2288.862348152754,-657.0634676564911,112.40492701501194
1781773344.9470289,2335.5436878433516,-649.8130203734673,130.03063380858836
1781773344.980905,2427.187503968722,-634.2498540714905,158.20289816941232
1781773345.027011,2547.891223168138,-614.6711129157408,177.39670279431073
1781773345.0705411,2666.524817094944,-595.9123464857072,176.33411671861907
1781773345.1042626,2754.5993887280997,-581.5427692148115,163.0823796112172
1781773345.1268952,2812.6716732158866,-572.6847875536617,147.38239403107806
1781773345.1567008,2898.5522830683526,-559.2701020401969,114.78116335472052
1781773345.202376,3011.8060850787215,-541.7764668387875,54.67344200822145
1781773345.225494,3067.922752815721,-532.828842420468,18.0871729106162
1781773345.2507434,3136.508188466911,-522.1204935807408,-35.278201369968876
1781773345.286388,3174.0337382781995,-521.6984716078942,-38.53816662499067
1781773345.3192973,3091.0636240495264,-551.6266565133852,129.1519671013594
1781773345.3532252,3008.1304289640025,-581.0956330679595,281.9644267029787
1781773345.3858516,2927.38007969412,-608.9848776247861,421.917585109941
1781773345.419351,2845.2608721605843,-637.1570333151125,547.6906498004146
1781773345.4527202,2763.2592586632513,-664.4203185842713,660.1638007374999
1781773345.4865015,2682.293456699268,-691.1710204916961,759.2266348530064
1781773345.5196157,2603.4944044943804,-717.4500331244752,846.8065936422917
1781773345.553131,2523.0334303666664,-744.607046110722,921.3758355456082
1781773345.602478,2404.768341820159,-783.6693042369201,1009.2617775755933
1781773345.6529849,2287.4391046465666,-822.2936097145047,1069.5017808426483
1781773345.686475,2212.3740122692698,-848.6804875908946,1095.530623420746
1781773345.7199516,2135.9365216603583,-873.6501840463751,1109.690879376567
1781773345.7530732,2059.959148964091,-899.3652629187316,1112.000095773093
1781773345.7862859,1985.7712281965344,-924.6936075139621,1103.5492040630654
1781773345.8196106,1911.6888934108497,-950.5701323603835,1083.8999685576564
1781773345.8529065,1839.352112654247,-975.6342478620847,1054.074898257187
1781773345.88615,1766.5648335087417,-1001.9105987798839,1012.7189343303293
1781773345.9195428,1695.6775209163895,-1028.1615217741105,961.3410029336836
1781773345.9523292,1625.3954491176687,-1054.3006698093855,898.4503492157315
1781773346.0025446,1521.8888552499886,-1094.252904275956,785.7474318900491
1781773346.0528033,1420.9349930824033,-1134.8957552620827,650.1312455137183
1781773346.0862362,1356.0361008722457,-1161.8716719399088,546.5188003465496
1781773346.119295,1292.3526612733467,-1189.0089771979672,433.966435453189
1781773346.1524632,1230.2389032008175,-1216.0247966083518,312.18448182446997
1781773346.2028627,1141.3675210983615,-1256.6103474058475,110.79545404881914
1781773346.2358406,1072.1832927800342,-1273.9465163467344,94.13175803248879
1781773346.267557,991.5393993670137,-1283.2464752097803,197.1125861990724
1781773346.30123,911.2628251919206,-1292.4996538890227,287.53607052780114
1781773346.3345003,831.4405749335655,-1301.7177142350522,365.72613816829625
1781773346.3687441,750.8671837552926,-1311.1355111294238,431.53217356997027
1781773346.4063997,659.4668664355138,-1321.2447803479897,494.2284101495117
1781773346.4428144,581.2214809853954,-1330.4313953324308,535.0590508076651
1781773346.478878,490.07357415004236,-1340.901329406733,567.8400698271854
1781773346.5114477,413.02629852065866,-1350.1692087404022,584.2237723318714
1781773346.5472932,336.1325162259161,-1359.9084144792541,590.0418993783973
1781773346.5941868,235.87442035731146,-1372.096469989792,578.3396582361871
1781773346.6300163,149.26738984199628,-1382.9258175923535,552.5669911227312
1781773346.6738472,52.1479843832547,-1395.203059779601,505.29599159412163
1781773346.7071385,-20.274345533504764,-1405.5194140043227,457.5321762996121
1781773346.7391927,-91.45587173563919,-1415.2226118233475,398.43249625542563
1781773346.783118,-174.37064870470851,-1425.9807799414225,323.59112564224984
1781773346.8100805,-231.64031022992683,-1433.1128092473843,261.6641600455791
1781773346.8376567,-288.58464881403376,-1441.4031218671585,193.1368229249758
1781773346.8600466,-333.0885778492444,-1446.5209413343614,132.8536793707796
1781773346.883528,-377.2400697286546,-1452.946445276483,66.38523407495158
1781773346.9375613,-482.099345649869,-1466.4910276265953,-117.22611419384819
1781773346.9550836,-514.6185826337413,-1471.7543667111454,-175.6239784982778
1781773346.9775734,-553.8984131016954,-1476.5158645619456,-260.11997605125805
1781773347.0101283,-612.4597687544853,-1484.88327226798,-393.9798811497744
1781773347.034118,-659.1818304249175,-1491.9843541810894,-511.20648002476094
1781773347.0600605,-695.5928476848225,-1499.0052452373932,-610.471639468667
1781773347.0818665,-730.1189909537385,-1504.804717457267,-714.024629990003
1781773347.1049109,-791.5169710006764,-1504.6727953835486,-625.008590262224
1781773347.1687229,-930.1273459036399,-1502.9022130704998,-407.09703375549793
1781773347.2123737,-1028.672510205163,-1501.4589659781443,-277.7217650798315
1781773347.266868,-1151.5640264887998,-1499.257071157337,-146.11675583890425
1781773347.2996404,-1225.290879806142,-1496.0720644095898,-84.1545597660858
1781773347.3436327,-1322.8380730764181,-1494.334734359258,-19.107827362993845
1781773347.3875642,-1407.8695682803175,-1492.4123284452394,20.662257495084
1781773347.405138,-1443.3097063713733,-1491.9743073438551,33.05661489575532
1781773347.443122,-1527.0052999471218,-1490.5766416235626,50.40155002783846
1781773347.4663343,-1573.2161350361685,-1489.7310770950428,53.70196845693175
1781773347.4893718,-1632.4873932319667,-1489.2259337010198,50.71634345261368
1781773347.51135,-1666.8351722216698,-1488.7291729445976,45.559848102411124
1781773347.5393336,-1736.3832974166016,-1488.0339466311036,26.247748451404856
1781773347.5715075,-1792.6465002806094,-1487.236348364554,1.847351553723778
1781773347.5939364,-1849.6547187804624,-1486.9181773225632,-29.830376364665387
1781773347.6213214,-1893.4929422331636,-1486.3104063636715,-60.735758383891564
1781773347.643118,-1938.119152111701,-1486.5440351259463,-95.70170039435722
1781773347.665419,-1981.4585938745804,-1485.9769234565176,-135.767249208499
1781773347.6874852,-2024.5309109245306,-1486.1810555702543,-181.14128046962435
1781773347.7116196,-2077.396486071998,-1485.480179104735,-243.30152321066961
1781773347.737438,-2118.81566814422,-1486.3082958242005,-299.08180696973386
1781773347.7599487,-2159.741440622889,-1486.1597022401866,-358.867051002771
1781773347.782148,-2199.481834993007,-1486.0552988919994,-423.3835902473215
1781773347.8098733,-2247.4997808978083,-1485.6469447935817,-510.2354424816442
1781773347.8503366,-2324.4233708378265,-1486.173351526873,-661.7762329743866
1781773347.8830173,-2372.0069145644893,-1485.251711352235,-726.6537550659318
1781773347.9075177,-2423.4382798619763,-1481.9589254229325,-641.9456220450954
1781773347.9322672,-2464.328075793157,-1478.5019411832934,-580.1339405286803
1781773347.956509,-2514.844894721207,-1475.4517810829418,-511.24955024132214
1781773347.9948683,-2585.5488777884234,-1469.648046117975,-427.27108948567087
1781773348.023088,-2635.7109813163506,-1466.6131731239145,-378.39022869179325
1781773348.0541878,-2686.176315083046,-1462.6223742252014,-336.17555638265867
1781773348.0828173,-2725.80792029733,-1459.4991621216557,-308.51750256468915
1781773348.10029,-2775.050436869479,-1456.7422129382583,-280.6207431269898
1781773348.1265,-2814.5595130978163,-1453.2086288375517,-264.3464064792875
1781773348.1579998,-2871.307483712988,-1450.8121468605143,-250.58929482717667
1781773348.201724,-2949.3574594486818,-1444.9379341585936,-247.53214461350674
1781773348.234641,-3006.834877458406,-1441.6498478298888,-257.8068813395417
1781773348.266778,-3063.24763381772,-1437.8484103663154,-279.6110868044448
1781773348.311509,-3137.3387410798664,-1432.7717272388902,-324.6779907029683
1781773348.3444047,-3191.5922425784124,-1429.7645985303927,-371.51095465891547
1781773348.3997066,-3281.7480145173913,-1425.260969757866,-472.157878393367
1781773348.4439943,-3351.321496397446,-1422.150335437238,-571.6708956263795
1781773348.4844341,-3410.8473123656686,-1420.2513816943588,-674.2630976411399
1781773348.5160265,-3452.2165887669557,-1418.3304084832193,-748.3485350989938
1781773348.5459213,-3501.8296291870442,-1409.541798291172,-663.5744048042628
1781773348.5666485,-3536.121905126995,-1402.7064901745237,-612.9039695881844
1781773348.5899243,-3568.6543120465735,-1396.7249769594703,-567.2305964876256
1781773348.6153083,-3601.366326134257,-1390.856444814859,-528.0155008966068
1781773348.6404204,-3643.1967847596834,-1382.7446087126893,-484.19562835917554
1781773348.66162,-3675.215563525414,-1376.702347452312,-455.3865439685975
1781773348.7004828,-3731.7592701443946,-1366.533629215399,-416.4683399298848
1781773348.7406502,-3788.532223454208,-1356.1442424468905,-393.57707253424974
1781773348.7730677,-3836.084466755751,-1347.894164435131,-384.95128327705424
1781773348.8067284,-3884.005462188128,-1339.5748399205668,-388.1217804276648
1781773348.8396845,-3931.1131223644275,-1332.136778405772,-402.3643742325716
1781773348.8881435,-3994.0768600099036,-1321.4998756367884,-436.2526170959738
1781773348.916384,-4032.9853330370256,-1316.1332096637168,-467.21045634438946
1781773348.9437158,-4072.4421576399664,-1309.659430904935,-505.1219067933339
1781773348.9613557,-4101.957719652756,-1304.6080350997572,-541.3697174763411
1781773348.994048,-4146.3754084467955,-1297.8539133074103,-603.9834956309325
1781773349.0440466,-4206.239088684828,-1289.4038949960002,-703.9898442174468
1781773349.0936863,-4274.626182026765,-1277.0459201008748,-695.5072757238675
1781773349.1187985,-4312.283227690203,-1268.9471626563882,-645.5737314938268
1781773349.1624591,-4374.853290922673,-1257.3998030956784,-580.5365062508313
1781773349.2167482,-4452.373472254241,-1244.125173602592,-528.769620989906
1781773349.265742,-4513.569395950247,-1230.3181761741112,-512.0457775803229
1781773349.282734,-4534.607427401367,-1226.8828467477665,-509.759215218345
1781773349.3112206,-4581.935783142857,-1217.093548867333,-512.8948575927377
1781773349.3330956,-4612.742017503698,-1211.163930887522,-519.6625423569777
1781773349.355059,-4635.306108196977,-1206.8807259229493,-529.3660376708657
1781773349.3880315,-4678.20975548615,-1197.9508946878889,-556.053921613224
1781773349.4162827,-4713.401472243496,-1190.0393918798757,-585.8220590436389
1781773349.4653633,-4777.163091966817,-1179.3661773793199,-655.1516281156368
1781773349.4832163,-4799.689488217916,-1175.6797430353133,-684.181806566453
1781773349.5052161,-4829.284772807565,-1170.663880295397,-725.4954032553052
1781773349.538556,-4871.90318653305,-1163.3692448348281,-740.8094442464464
1781773349.5612736,-4909.306091393011,-1156.113882856341,-694.5253697530645
1781773349.5941334,-4945.639238115499,-1148.5489831633247,-654.5387323538976
1781773349.638196,-4999.12980388865,-1140.4821696860974,-608.9033768152631
1781773354.0330586,-729.5479124988481,-776.4165824449069,362.7373666690516
1781773354.0664732,-714.5082414697807,-802.9685222347161,394.33302853883714
1781773354.111038,-706.3828139416006,-838.514551693722,447.44756760418574
1781773354.1335127,-708.4144207997073,-859.1115301639802,482.65386067552197
1781773354.1549673,-711.3991691690993,-871.136456232707,502.7366554871676
1781773354.1783738,-716.5545174040273,-890.945455313432,529.2679339059376
1781773354.2111626,-721.7484713510067,-915.4335061450003,551.7950574045494
1781773354.2550807,-729.2112791188398,-944.5809271204286,565.1110852783522
1781773354.3007395,-737.7563811874205,-981.2823503478902,560.8972193732551
1781773354.3328595,-743.976900664984,-1006.6088098639502,544.4478115501801
1781773354.3719425,-749.7387968510707,-1031.8945348253965,517.1432504337428
1781773354.4060102,-755.1191868478048,-1057.053035329696,479.1786214359416
1781773354.427365,-758.7553745436205,-1074.202163150794,448.44173732308286
1781773354.4552727,-681.2880523607014,-1083.4415825304054,416.5083768194357
1781773354.5048435,-463.6320598910145,-1076.7106081344464,385.55177726499346
1781773354.5266976,-357.9076948868458,-1074.2781680386956,362.66578196345773
1781773354.5635688,-172.91414063746714,-1068.7099715913146,312.9376548640727
1781773354.6105864,59.845001586754165,-1066.76017401225,225.4199745094496
1781773354.6332836,136.1747276646708,-1066.226937662079,191.07857934544273
1781773354.6550236,236.5800975256986,-1065.9085398417378,141.9445471516339
1781773354.6821566,362.3790772078071,-1065.194681524577,72.98138908461358
1781773354.7100875,479.57757793143554,-1065.3094056172251,52.29826491223534
1781773354.7331731,586.695825937301,-1064.570719837875,116.03183697448674
1781773354.7777834,734.8634148245341,-1064.3427246220606,188.61869243556885
1781773354.811108,880.6291251542775,-1064.6768401433026,246.187320964913
1781773354.846073,1004.2196208884052,-1065.410958511932,282.81766395677846
1781773354.8784988,1106.4516473578012,-1066.795549279456,303.73343806903404
1781773354.9109683,1227.2961024976782,-1068.269127551212,318.22230270302947
1781773354.9599953,1405.9108264611846,-1072.4125593060269,317.4162338115677
1781773354.9825883,1484.2050907881994,-1074.4566841569717,309.110946662176
1781773355.0045764,1561.9975154538047,-1076.7765012668108,294.73842419387836
1781773355.0282197,1657.910340177775,-1079.7627260931574,270.69796836509425
1781773355.0830164,1826.9905378200035,-1086.5742956898855,206.96001664034435
1781773355.1398854,2026.273491888101,-1096.3076673226528,95.25870277619474
1781773355.1725929,2129.383476415041,-1100.9021071516934,59.54408180517471
1781773355.2162673,2249.3338080962176,-1102.874336980363,137.17073973920938
1781773355.249563,2322.990822505912,-1104.0147572621115,174.30897852527494
1781773355.27655,2396.650411562878,-1105.959419150427,205.13403623478024
1781773355.2950199,2454.474838822056,-1107.4196211940337,222.18310403807558
1781773355.3214314,2512.7521169409397,-1109.49578038709,236.13467707311028
1781773355.3434298,2570.3954252172625,-1111.2465052342611,242.67769974265926
1781773355.371259,2641.3564640537334,-1114.7907788236023,246.82020949339267
1781773355.3906243,2697.9611517363314,-1117.0133251179159,241.89203116000814
1781773355.4225066,2782.154071407931,-1121.3475343156383,228.9154829453585
1781773355.4670079,2891.8095062659463,-1127.5433911935254,192.88359069109165
1781773355.5156548,3000.680579530762,-1134.0975944801014,136.47316010680026
1781773355.543263,3067.2092798946965,-1138.0930946325068,90.81106941925357
1781773355.5680854,3133.345992554169,-1143.1139687759896,40.58174356036045
1781773355.5906093,3184.949313009607,-1146.4781766170236,-7.913040509779577
1781773355.62168,3249.381333115483,-1151.8404549444294,-71.2521176586323
1781773355.6669936,3339.137906679343,-1158.8126240475713,-167.2137550556025
1781773358.0454254,1347.7490350560697,-730.2293687904582,561.4708122224034
1781773358.0900114,1506.2917019890513,-745.5593514243201,405.71195881344033
1781773358.1111577,1563.8950873400486,-751.5399555210622,342.46006305948356
1781773358.1445553,1677.2789438013165,-763.0814468645567,209.66441139598425
1781773358.1886506,1820.2286635787282,-777.6713650015558,53.74701581191399
1781773358.2226546,1928.0702366792636,-782.806505931799,200.68287712339958
1781773358.2668936,2035.3064663726584,-787.644597307161,328.86524479424713
1781773358.30028,2125.542196508637,-792.7117678965961,425.9260200562287
1781773358.3449755,2260.317445657058,-801.3515065811861,545.5315311825625
1781773358.3666945,2319.006979671191,-805.7263772884342,589.616918684254
1781773358.3892622,2378.4770065987304,-809.9205556391355,628.7223548357587
1781773358.422172,2451.0210041531086,-815.2066445433115,670.599787332299
1781773358.466221,2567.3357913629284,-824.0630673081691,719.4491760657986
1781773358.5049713,2667.7018119907507,-832.1750601616453,744.0726730918029
1781773358.5386295,2753.953840376665,-839.1673769710368,753.7568093535812
1781773358.5614307,2824.7879755998024,-845.5317556096167,753.0818273802263
1781773358.6006591,2923.088298060775,-853.7585583848216,739.5077068115401
1781773358.6459587,3033.816619910432,-864.1471270483878,704.9194052750636
1781773358.666578,3075.3219455823655,-867.5824611923523,686.8628136427823
1781773358.7101736,3183.9595153936793,-877.7035628169073,625.706404740922
1781773358.7423527,3264.5252714185654,-885.7585757162402,568.1580015506929
1781773358.7930968,3382.3200121124214,-897.2564030537559,461.02220079882716
1781773358.82673,3459.3842836261224,-905.4205774992166,377.0721866354179
1781773358.8597834,3534.4830133267506,-912.7401512701321,283.1295212004852
1781773358.909734,3643.9937640880394,-925.0158666993341,123.44774033580713
1781773358.9426856,3714.556083685123,-932.5568917355491,5.523681372959039
1781773358.9762552,3699.5889421995394,-942.7663075189676,26.366916260224123
1781773359.0255604,3508.343099100567,-961.3242799526871,337.23405450700295
1781773359.0759413,3318.783411870931,-979.586597535175,611.0719096675926
1781773359.126472,3130.982345878565,-998.20876989755,847.6694943582074
1781773359.1759968,2946.223800308004,-1017.7721038438335,1052.60800952195
1781773359.225803,2763.7378537809013,-1036.7572226680827,1224.4651847253808
1781773359.2595327,2643.7850368773516,-1049.936048004299,1320.6757404968569
1781773359.2927268,2524.3797653504844,-1062.4410218401954,1403.7771309835057
1781773359.342461,2348.9460049360864,-1082.207028170229,1502.7859454909762
1781773359.3753045,2232.682669488668,-1094.8304969853555,1551.3531907181718
1781773359.408384,2116.805192672547,-1107.8214447792086,1587.910219493018
1781773359.458476,1940.9109539826188,-1125.1394171349039,1617.44390468703
1781773359.5051694,1794.3311891762155,-1143.3065596971228,1624.901312160859
1781773359.5386212,1685.278932177166,-1156.984519841502,1616.7119840918185
1781773359.592653,1507.9367318084458,-1179.7461006806427,1578.1384436540986
1781773359.6427076,1351.245706495123,-1201.5641783589815,1517.672231698401
1781773359.6761947,1250.068181058413,-1215.4069602795716,1462.7142796889511
1781773359.709533,1149.4581227607162,-1229.3830991873956,1397.3974866498695
1781773359.7593198,1002.028986221542,-1250.6291327899519,1278.9228401370192
1781773359.7929423,906.6123824425572,-1264.9141096767792,1187.7001713876039
1781773359.825972,814.0977074983699,-1279.541925821527,1085.3125287335536
1781773359.8754485,680.1750699687241,-1302.383672868044,913.5311184691137
1781773359.9256806,551.0148711966968,-1324.1950173843973,720.1671260035154
1781773359.975489,427.9343036984096,-1346.6856630049517,505.0305813334398
1781773360.0257828,311.395020284642,-1368.9184091326688,271.03243492327096
1781773360.075954,199.21297876973946,-1390.6730270707515,36.013217827802116
1781773360.1256895,52.05634760589158,-1401.3891955879822,238.46461121930113
1781773360.1591132,-46.866172201829514,-1408.618170120561,356.99289922554703
1781773360.1910899,-140.93763894118146,-1416.2281998036324,461.23993380730946
1781773360.2388518,-283.0401524970966,-1427.548134016119,593.6975288227321
1781773360.272065,-361.0899724238277,-1433.7796507111932,655.0697315627399
1781773360.306854,-469.19368484809075,-1442.4223280469687,726.7141984657083
1781773360.3497074,-576.9731967525177,-1452.4951464649007,781.7795120253276
1781773360.3847451,-683.8052608330266,-1462.2256740296984,820.787997174699
1781773360.4207923,-773.3658422134785,-1470.1410647042605,841.2299612680035
1781773360.4540722,-863.4715858152412,-1479.3216141115577,849.8006825769204
1781773360.4867594,-952.1392628490668,-1488.0508043340378,847.7165825616556
1781773360.5239742,-1054.2629436629284,-1498.3493441659007,831.0486322442315
1781773360.5651853,-1155.077177796698,-1508.5576196860477,798.4907247117962
1781773360.5979154,-1240.5079048033354,-1517.3956748354904,759.366759757347
1781773360.6337419,-1337.0561069648527,-1527.4399853295577,700.1257650515118
1781773360.673841,-1433.6226217543601,-1537.7203792741752,625.2967037107503
1781773360.7225275,-1539.7656988825167,-1549.2368488134805,523.0469461776252
1781773360.7593975,-1631.3939282267952,-1560.1266301937703,417.8801276891695
1781773360.7930646,-1706.830009515525,-1568.8521922232,318.0312442968612
1781773360.8421848,-1568.5318782037514,-1537.5411453809124,452.84284680751233
1781773360.8755424,-1425.6250792264889,-1507.7086311670876,592.0072573069693
1781773360.9070473,-1284.417316290358,-1478.0554651281843,716.4029151612879
1781773360.9550946,-1075.5744860252057,-1435.5756567880892,874.6449443223081
1781773360.999264,-915.2267693474184,-1403.0511222788098,975.9119417239712
1781773361.020501,-824.8369089940593,-1384.9248502457865,1024.7323307071135
1781773361.0644333,-645.9656831705729,-1348.6815546171983,1106.6541442977482
1781773361.108378,-469.831548075642,-1313.2730975792058,1165.094545369875
1781773361.1362696,-362.5200352110376,-1292.0386712322802,1189.2750270673794
1781773361.1872566,-169.96905998284106,-1253.4592476096414,1213.2131359097973
1781773361.2372344,17.991703492785245,-1215.9192267323715,1209.479478570125
1781773361.2704027,141.24910719713708,-1191.942139272929,1192.9077244382222
1781773361.3036854,262.6438890880233,-1168.6177273675546,1164.7351141943614
1781773361.3535283,440.82839076349774,-1134.9947352321258,1101.6299662146544
1781773361.4002006,614.196565253683,-1102.8413001142778,1014.6440501505964
1781773361.4506893,764.840691865732,-1075.4731822209378,916.3914200266338
1781773361.4866488,892.6529320028234,-1052.8392603629968,815.1578819318044
1781773361.520338,999.1616165120831,-1034.4481404067683,717.007313917755
1781773361.5687575,1152.6793581450286,-1009.4025088160836,551.3068540470306
1781773361.6029518,1252.108537108234,-993.7218249468982,428.8307075341249
1781773361.6360416,1349.0445371313567,-979.1082389932719,296.8939289062207
1781773361.6686368,1442.9106581759836,-965.4775066918013,155.5966060137593
1781773361.7189977,1578.8868355463005,-937.7381518722779,129.24688191873562
1781773361.7695785,1716.1915533782612,-898.4242030576867,306.34570831187716
1781773361.8167398,1851.610435000836,-860.1651862335092,452.28254949506425
1781773361.8674676,1985.804018538403,-823.2953418168911,569.871208685411
1781773361.9185925,2118.6291118283434,-787.4087390626332,658.1825897737405
1781773361.9651392,2234.10818342309,-756.3934975608514,714.072783527333
1781773362.008962,2349.0632472579396,-726.3398447389372,749.2437210232697
1781773362.0432694,2434.4739010617614,-704.3481360818118,762.5544940371532
1781773362.0951333,2574.797391075401,-669.295611685201,758.6909894546072
1781773362.1362207,2672.199454344569,-645.2099105085686,737.4095190193622
1781773362.168487,2754.437554544161,-624.7265328663026,708.1621187478036
1781773362.19053,2808.6769180470783,-611.6616463924618,681.6638511038765
1781773362.2126126,2862.3892145596533,-598.5701981173307,651.2498111934624
1781773362.2458403,2941.2844466802867,-579.6528466613504,596.132953525804
1781773362.2871435,3032.807448185858,-558.5545747644286,517.2964589969928
1781773362.3207865,3110.328269861465,-541.3036569481449,440.02252079339917
1781773362.3566484,3197.854460925805,-522.022097384573,336.69487274795324
1781773362.3933492,3270.956950025609,-505.92111287119957,236.87864758116882
1781773362.4404433,3377.205446635024,-483.8269943503524,69.40525431321821
1781773362.4713545,3416.8813391953645,-474.48767462785236,-7.4304251462401725
1781773366.5393164,1981.2648750636697,-797.0604182222185,382.7905675943803
1781773366.5954707,2161.378608969554,-786.8472930773096,327.5963564379966
1781773366.6174395,2225.969782296729,-783.3864622993634,298.60413191024594
1781773366.661778,2352.304319996308,-777.330465760285,225.24106171133326
1781773366.7059143,2477.0675040559217,-771.9291111803955,132.9448987340253
1781773366.7383099,2552.9329181564767,-769.0267259258063,65.72627443191415
1781773366.7832532,2675.191664363898,-759.6306522955873,126.34989954773798
1781773366.8274982,2766.3994604597215,-751.9683934147907,193.89802494422594
1781773366.876561,2883.01395883933,-743.153249736205,257.32136528890567
1781773366.9092772,2960.6000264202557,-737.5143976076146,285.0522589065027
1781773366.942842,3036.906902739356,-732.6018832739304,301.4261736963413
1781773366.9934163,3149.5432640166187,-724.9820185499549,305.3570754137085
1781773367.0335393,3248.6573155816905,-718.5405076494364,287.6400458126716
1781773367.087584,3358.6035028210895,-712.0625200589609,243.81631356524602
1781773367.1208422,3429.928208705117,-708.1401205379105,200.65391186143628
1781773367.1541927,3502.261664801213,-704.561089960714,147.36007003645406
1781773367.187219,3560.8409623785433,-708.178806004499,113.30054045414978
1781773367.2206097,3529.837737019244,-736.5084422886836,296.3638219431993
1781773367.270584,3482.971613556381,-781.0475403660496,541.1629919165765
1781773367.302294,3451.7144084787788,-811.9709896787864,685.2081149679724
1781773367.3350763,3420.3084032530337,-844.0555216336621,815.1148704475438
1781773367.3852491,3373.5167651132415,-892.5398303682033,984.2032161839082
1781773367.4327228,3333.267106273848,-936.3583223868523,1110.7198967974764
1781773367.4650755,3303.4621243396446,-970.1759283574148,1189.3777847619986
1781773367.4976928,3273.8784369202226,-1003.9793882780626,1255.646092599007
1781773367.5479665,3230.6492530218634,-1054.7626354086547,1332.8581069925622
1781773367.598192,3189.7069025349515,-1106.502947085746,1382.1005033382614
1781773367.6203005,3171.563373187633,-1129.2748485137884,1396.3314605311232
1781773367.6482015,3149.477995547128,-1158.3577297222314,1406.3024290137935
1781773367.6690536,3131.865843440078,-1181.4193332371553,1408.754153283412
1781773367.7154348,3097.2746035891228,-1227.1395522640578,1398.2439497874973
1781773367.7676184,3054.5772199652356,-1284.6704860577179,1358.5798796359636
1781773367.8115087,3021.765306311458,-1330.6660171236422,1305.0150137342612
1781773367.8793716,2972.8623617577814,-1397.8323541545426,1188.907299907066
1781773367.9233093,2941.873636278545,-1441.8104017140508,1088.5519106414984
1781773367.9677176,2911.8007158873343,-1484.36925518344,969.6259471865
1781773368.0106187,2886.5457184176075,-1521.1023290520145,851.6720501035709
1781773368.0661855,2852.3125486638573,-1571.8259196409465,661.544098524136
1781773368.1148787,2824.4688647044745,-1614.7101956822933,468.3087729893566
1781773368.1485653,2807.2474009507814,-1641.9924405571558,328.4653767188243
1781773368.184664,2788.7042888780456,-1671.6746466609661,154.50221281955976
1781773368.221426,2774.0109107780067,-1695.3788663160194,-3.748306594061354
1781773368.2548168,2761.4646530981236,-1718.3718801229872,-167.9106889173127
1781773368.2721357,2755.9061032089853,-1728.35971529503,-253.97590565002636
1781773368.3171868,2744.3478956808985,-1748.135505944053,-431.20708469694927
1781773368.3428438,2732.8119938769873,-1768.7899418267318,-648.2256270144754
1781773368.367531,2713.8286395507303,-1795.307946175478,-607.8170038556033
1781773368.3903518,2694.234900805027,-1820.7563450505818,-503.83051260471876
1781773368.4340446,2655.0721830091306,-1872.3371678074461,-313.2494058328823
1781773368.4778764,2615.6731424699615,-1925.4996173652269,-145.75078922902102
1781773368.5213935,2581.796265555598,-1972.8583197453925,-17.321914298597882
1781773368.5713098,2539.5067517930665,-2032.7096777078978,123.86431626655751
1781773368.6081452,2507.420948300578,-2081.416915657199,213.6326869567773
1781773368.6300054,2488.267351997511,-2109.4147371481963,259.25798945429057
1781773368.6636753,2464.9547221423563,-2144.665416696103,307.36122617029656
1781773368.6943886,2437.618152300381,-2186.617490647575,356.1228099555666
1781773368.7470577,2392.139271354426,-2257.1565603639506,410.94748822027077
1781773368.7977393,2351.6511349835996,-2320.7212071287026,434.26784237661843
1781773368.8382237,2322.0441851956753,-2369.6154975400395,436.45341742961324
1781773368.8721275,2292.196353795694,-2418.50381841373,422.27841622657525
1781773368.9108922,2261.8977116307406,-2467.7527964315855,394.56379960963324
1781773368.9554317,2232.6248040812334,-2516.885801217308,351.7374215279601
1781773368.9999626,2195.4301492940576,-2578.923117121409,275.4503196762327
1781773369.0447102,2163.748487794856,-2632.9332670003178,189.07601148400033
1781773369.111897,2117.812424988702,-2712.343570683696,24.87333897153149
1781773369.1561797,2088.3833129326867,-2763.1334737857273,-105.11142140187214
1781773369.2006865,2060.597876735085,-2811.888120703205,-254.4135509178709
1781773369.244572,2034.733056847941,-2854.488283513801,-416.4207088103994
1781773369.2998753,2004.102096898069,-2910.847524308055,-644.0102428112366
1781773369.344283,1972.266818513307,-2960.5914834901523,-542.3852845980073
1781773369.3885698,1945.2947760941595,-3002.957970519023,-411.89374854934863
1781773369.4277742,1913.405930436264,-3054.1351552520136,-287.16948124380633
1781773369.4497259,1899.9149276766857,-3067.4521551000616,-264.6950338243534
1781773373.0463424,2653.7168425878617,-1417.938267489203,103.15442982993082
1781773373.0779927,2651.1540948154066,-1394.494075885182,83.7104943012875
1781773373.122216,2653.059207340184,-1357.0307892612548,75.18440472700577
1781773373.1559787,2657.872328749459,-1335.5790298405666,90.4521644654478
1781773373.2009892,2655.9762270471883,-1310.1216836766025,83.86024444278196
1781773373.2366216,2650.460910687383,-1288.4543538946225,67.34000873547913
1781773373.279698,2648.958599355234,-1260.6286412306092,66.59597825135933
1781773373.3128033,2647.885491742271,-1242.7518021614053,77.81760230556898
1781773373.3671815,2638.673015495736,-1217.229963034566,77.26569458909519
1781773373.411035,2625.7700944527323,-1196.9401896973989,58.47249487248275
1781773373.4340842,2626.6792182568856,-1186.41702723361,65.05723112054878
1781773373.4664757,2625.961955773313,-1182.3928901120103,66.48611024768898
1781773373.5112705,2618.784174970416,-1179.166084629102,56.64423988009686
1781773373.5668538,2614.1152331287676,-1151.7573912204778,51.96753199847668
1781773373.6112099,2611.5171318370853,-1133.5037831314207,50.816436382998155
1781773373.6445563,2612.83110368649,-1124.4273979347909,50.72063086211086
1781773373.7001133,2616.609304359256,-1117.699247166358,48.968320264939486
1781773373.7223163,2619.714081243535,-1108.6571990596974,48.142492913998474
1781773373.744895,2622.818238134693,-1099.081522558122,48.08894037434151
1781773373.7692022,2626.1908931855187,-1088.3229567514934,47.276229203751114
1781773373.800342,2635.3995793215645,-1073.9694539507573,47.54277843533371
1781773373.8458238,2646.5207851235346,-1058.1036761818018,49.42841391872898
1781773373.8670156,2652.818724584142,-1049.2933876643426,51.79576793451449
1781773373.8890634,2659.4879886946037,-1040.9532474574692,54.326866110216706
1781773373.9112318,2664.683899008105,-1034.5660966302257,55.78706283003916
1781773373.9445367,2677.4822964790937,-1024.3549532993982,59.62576782585847
1781773373.989182,2698.771228580977,-1017.4182819418183,64.97795181604063
1781773374.01135,2718.3740901308774,-1021.6504020441484,70.85530489417879
1781773374.0570045,3388.686006782632,-813.7053849846989,-653.9172562196463
1781773374.111202,3389.4315813850453,-813.8736201967012,-655.1012360099332
1781773374.1443756,3389.3446555947016,-813.702406330231,-655.4360797008881
1781773374.1893497,3388.930924552212,-813.5541618166988,-656.4923781182532
1781773374.211348,3389.02984493858,-813.500412703533,-656.9934192738642
1781773374.2333221,3389.02632473044,-813.4309690703113,-657.3691049102562
1781773374.266985,3388.7198556520398,-813.3108147182782,-658.0597146057171
1781773374.311609,3388.7141714675176,-813.1934125684628,-658.5984560896816
1781773374.3563612,3388.9225008979997,-813.4129630211659,-658.9938540299196
1781773374.3888788,3388.998901640444,-813.588450867402,-659.1085405959737
1781773374.4348726,3389.20817833054,-813.7542472762187,-659.1913336815489
1781773374.4552503,3389.259589420154,-813.7913260518302,-659.1868225870403
1781773374.4779975,3389.367841037222,-813.843198572063,-659.2112849700532
1781773374.5113735,3389.5458881602667,-813.8969522375082,-659.2696218229047
1781773374.5443413,3277.1207509465453,-343.4451587222951,-616.2171032430999
1781773374.5776634,3281.4200118543895,-338.31501236079487,-627.6228446303065
1781773374.6224194,3283.392172375044,-328.47202884053735,-641.5662584083453
1781773374.6668496,3286.188339641164,-326.10893869736685,-649.9427036846022
1781773374.6893022,3287.5048715863086,-323.7997321764717,-654.5787877242539
1781773374.7115283,3287.38588920018,-322.63669944526276,-656.2024996660717
1781773374.7458587,3286.7336337303896,-320.91684583375854,-657.4132260463962
1781773374.7798069,3286.5359698395587,-320.1266834585219,-657.8135673920029
1781773374.8117487,3286.6450658431154,-319.5648629511874,-658.216520248312
1781773374.856314,3286.732545809766,-318.49832726831323,-658.9191941588466
1781773374.8786047,3286.852083642714,-318.2349681191172,-659.2006845726463
1781773374.9110765,3287.0558586727147,-317.73286777849654,-660.1783071325269
1781773374.9557407,3287.246147505849,-316.70163113857313,-661.0824610808986
1781773374.989007,3287.3137142733117,-315.68956143503124,-660.8947971241874
1781773375.0114725,3287.191266063339,-314.7908767127233,-660.8174449217163
1781773375.044809,3519.9881632582583,-482.16981375380516,-602.2247967024656
1781773375.077616,3521.1542041174825,-486.1462629812035,-598.5888957025232
1781773375.1221654,3535.262022150895,-505.52556813684134,-582.6700448339136
1781773375.1452029,3545.4722981941786,-520.0738426619777,-573.692495801851
1781773375.1673808,3556.9782977615773,-538.0311595188183,-565.5083271264668
1781773375.2004344,3575.916552155814,-572.0222564655529,-556.1283785541318
1781773375.244813,3588.6852572512094,-616.650235957352,-556.1464733133046
1781773375.2685657,3589.18430779009,-634.0491483714496,-560.9931424883619
1781773375.3002274,3587.473087846973,-653.5607058380139,-571.0812150799666
1781773375.3447945,3600.5965007653863,-675.2264418297486,-589.7126266987902
1781773375.4017844,3620.592836301958,-665.4748902165662,-621.6799792752477
1781773375.4482195,3628.8367749975055,-655.0932873616069,-644.4987580815059
1781773375.492517,3633.0341684750333,-653.6119216793203,-653.6032173388737
1781773375.5358465,3633.745670044874,-654.2594592288458,-655.3008273582956
1781773375.6004655,-208.5132398201043,-944.3093666700719,241.96153428132942
1781773375.6453176,-319.46447722091784,-944.0690287732554,233.23518679886365
1781773375.6780162,-428.4139633690266,-945.2333784470246,210.23377761850335
1781773375.7220752,-267.37972457629184,-911.2963258780674,278.18474720977343
1781773375.7782786,-12.883705133450668,-863.3838312447839,356.5776493710875
1781773375.822869,184.9804578643675,-825.0448165620079,394.43190173024163
1781773375.8441923,258.6903888904228,-810.9476142380337,402.2891379356079
1781773375.877369,403.7115933055167,-782.8592317305382,409.9702485532545
1781773375.9109454,546.6216880133999,-755.8632698196933,405.4167128765033
1781773375.9559472,734.8548907041685,-719.0207185464524,381.6607037707313
1781773376.000573,940.1482984363241,-677.9982095046904,328.9297197619106
1781773376.0335495,1052.2008252038713,-656.2950246651615,287.88845543101723
1781773376.078986,1249.8632303112356,-617.0583745515169,195.67250603128625
1781773376.1115131,1347.020078926521,-596.6500385953324,138.7061475661009
1781773376.1676161,1354.5751331398324,-571.3372421103662,42.46565494000521
1781773376.2115345,1339.5754283833924,-555.8298132266739,94.04034090359217
1781773376.244508,1331.5210680072707,-544.9403261165619,118.62700547575265
1781773376.28908,1315.9768563908967,-531.988251959548,129.93915395452348
1781773376.322349,1298.5789381236154,-519.8588875873355,125.49443541546542
1781773376.3446264,1287.948934138262,-513.0341399486324,117.43599264142776
1781773376.367462,1276.6321060007358,-506.41721316110954,106.2315908020444
1781773376.3886132,1267.4695240249223,-501.37761415228636,95.42526022861409
1781773376.4221423,1250.254116812088,-491.3610966277521,64.81411283614283
1781773376.467153,1229.1641247317493,-475.8923275464769,61.921914871048116
1781773376.522325,1212.3136132754673,-458.28927090850243,95.52970688229776
1781773376.5669124,1197.772888715372,-446.49233523714935,106.03085302781699
1781773376.5888243,1187.3570971794745,-437.9025877194487,104.0965407189236
1781773376.6221924,1175.2709015231565,-428.39167543818235,91.75455043361582
1781773376.6681085,1157.868585851017,-415.67282747035483,61.681087551119774
1781773376.7148302,1142.3787673204813,-403.52505239562856,45.07772202462872
1781773376.7477167,1133.074208833677,-395.1403315068976,66.55146533754987
1781773376.7972941,1118.0645747447847,-383.1650117883065,82.37878955446013
1781773376.8337924,1106.4301521571751,-374.2732923348358,78.83890142296974
1781773376.8891647,1089.4836339410897,-361.3798707969461,47.22475031245174
1781773376.9118257,1081.9460040651213,-356.95111109998965,31.08983331914797
1781773376.9448674,1072.4982606648016,-348.293652077916,51.716269997511375
1781773376.9894168,1057.2869385380677,-337.0970190231486,66.35544257813675
1781773377.044461,1040.5394214930768,-324.92686879506,57.94176609391233
1781773377.067741,1031.6730178040998,-318.74202829444624,43.19325806948688
1781773377.0890548,1026.486343897831,-314.8705445004718,30.95557001899989
1781773377.1224294,1015.7475288330212,-307.36433459248167,45.299891442780584
1781773377.1672678,999.1350130881156,-295.57020035494236,56.582957857001944
1781773377.1893299,991.9488722104992,-290.6094023607055,53.298535942788014
1781773377.2226465,981.3246424517822,-283.56976084161164,39.76096774017621
1781773377.255941,970.7509274050235,-276.32467665108476,35.6223512867875
1781773377.3005593,955.9124737052286,-266.585287194571,48.624947170131506
1781773377.3555195,937.502604748199,-254.64707261874474,35.847801539308115
1781773377.4005,923.5743403451708,-245.4676172854935,38.95502443119744
1781773377.4453561,909.711392184934,-236.42837919909462,40.33756317009061
1781773377.477699,900.9103920110401,-230.7660541232132,31.708154387849355
1781773377.52211,883.7069067517469,-219.45437562533127,35.65355193627676
1781773377.5782769,866.9387108632465,-208.87669457521446,30.647715581858662
1781773377.6225138,849.8149826621191,-198.4475063140277,30.709135073072392
1781773377.6558547,840.2604063372678,-192.44263254687024,32.02595730668819
1781773377.6783478,831.0810883776518,-186.73424571694164,29.42224489591536
1781773377.7114651,820.4969207650219,-179.86791651343222,30.09237177248907
1781773377.7551007,807.2990386769654,-171.38161120781785,29.294285739788616
1781773377.8008168,792.9425875841846,-162.02777220291551,28.89017355397632
1781773377.8339844,781.8410189974521,-155.2096931091506,28.120155391387794
1781773377.8781543,768.7390259642611,-145.19708391425286,27.16176515007805
1781773377.9012814,761.6884754664118,-141.25346043097036,27.241338507339094
1781773377.9342983,750.9226688748523,-135.4039093995129,27.589290694944637
1781773377.9782524,735.937808943243,-127.40666473204858,27.99781246726651
1781773378.0004294,728.6246801588744,-123.3640350718474,27.473471606079936
1781773378.0224292,721.5088676791777,-119.32576064692415,26.67364364496155
1781773378.0677915,707.6374838392696,-111.29890507615654,26.220266373132546
1781773378.111283,693.884508838878,-104.66284377665376,26.28922831475758
1781773378.1445131,683.4642838457011,-99.64318327720979,26.874186548327547
1781773378.1889555,669.6322486685158,-92.81260549238223,26.119498370710183
1781773378.2113562,664.6014961042026,-90.4062892082613,25.94515980017591
1781773378.232846,657.9307707754612,-87.39748072402303,25.866064145238813
1781773378.255978,649.7380693466066,-83.56867897854195,25.93110226914135
1781773378.289276,639.9502707025309,-78.99967610589032,26.15703917493818
1781773378.327495,630.2923537581432,-74.79592025208568,27.086306899325557
1781773378.3727806,615.8400450498801,-68.64803494255514,26.590261549846055
1781773378.4178228,605.3265620383909,-63.152086702350246,25.50940215231631
1781773378.4847255,590.6620360818981,-52.910507383077935,22.573725602101376
1781773378.5282817,584.892832964995,-51.276333631114575,22.744332990844303
1781773378.5665352,573.3491000815221,-56.36159617132256,25.42979456219725
1781773378.6051364,554.9133227661442,-58.610981306541056,26.46358263622388
1781773378.6441839,530.1776209981296,-64.63761994008274,31.97201262275884
1781773378.6885543,501.1177607158821,-75.64375217194866,44.814435121752496
1781773378.727251,472.1091218765424,-87.53175727241539,57.66684707054006
1781773378.7664928,439.03035306362676,-100.67103841261579,71.41319336614373
1781773378.8111532,395.4773507147843,-118.60089044303639,91.0750548504893
1781773378.8557189,344.7623717114807,-141.51069487786359,117.7814883638992
1781773378.9003549,285.07854717580847,-166.84351225076853,152.47135239110548
1781773378.9446657,205.71013530463998,-195.8044246756204,195.85020717118834
1781773378.9889238,130.0860353790925,-217.27966107599812,234.5178113432013
1781773379.0337358,65.07059064628577,-233.17846695805503,267.1810298450763
1781773379.0781748,-14.673667946391088,-247.73714371762242,305.3028418501993
1781773379.120847,-81.72134210851253,-257.2810390849884,333.93480578663883
1781773379.1535814,-143.53924702289765,-263.0976768867615,358.0763454440811
1781773379.1873,-203.49141857679246,-266.53614808043136,376.11577286437955
1781773379.2366574,-289.4426943950131,-271.0480068837022,382.8726665763179
1781773379.2836933,-372.8569529121709,-276.9752547106089,366.4530294480839
1781773379.3168283,-304.23219979650895,-299.6004154574641,348.5551688992344
1781773379.3514743,-111.72226681619993,-346.89035612090083,303.45558464350603
1781773379.3720653,-3.050435940384071,-372.2612611782634,273.01484232786925
1781773379.4116137,184.70055028067623,-418.3979991098903,207.5322739766641
1781773379.4559045,397.9479360048669,-472.68637286206007,115.6838950716354
1781773379.5005472,601.3743320887078,-523.1291065573755,48.4407486754027
1781773379.5454056,783.1928340486061,-568.1684784390359,140.04631823430736
1781773379.5894477,962.0728538283031,-612.9966760245962,208.94700071088968
1781773379.6119423,1050.1122188465156,-634.8884297602625,236.01346818386565
1781773379.6554852,1202.810923323709,-672.7634820031277,270.762722228127
1781773379.7004056,1396.0021395079095,-720.2059488220575,291.166472927949
1781773379.7443514,1564.8955172827948,-762.0843301098482,286.3651761632023
1781773379.766433,1627.2368555866124,-777.7608347968579,278.7027475902745
1781773379.7886527,1708.6583583526585,-798.1033965895265,265.4579494602912
1781773379.8114808,1811.54280773394,-824.1360943334491,240.35115331612113
1781773379.833186,1892.426879095718,-843.9499951419014,215.01817132469185
1781773379.8552718,1951.2453690467996,-859.3412143125882,192.31855638944722
1781773379.9001641,2110.007819268589,-899.6607411566239,119.72991281734942
1781773379.944412,2261.0245373030752,-937.305812770346,51.45140006863109
1781773379.989017,2395.9592322070666,-969.5103938833151,127.23191299871414
1781773380.0335083,2529.7013463459934,-1001.9616881268857,180.99427190579985
1781773380.1049445,2741.1540401032544,-1053.2072602250787,224.11217617820031
1781773380.1599007,2900.053387822262,-1092.6881489670095,220.2215277371764
1781773380.2098885,2796.479413617329,-1078.7982497031248,395.2941397646973
1781773380.250019,2667.9321611062232,-1058.7702072673083,555.0038479549551
1781773380.2998698,2526.3427268311243,-1037.6432254453475,707.4931980613113
1781773380.3380642,2431.5086999149235,-1022.2702631934129,792.9446985029406
1781773380.3701727,2338.414661381799,-1007.7202421955263,865.7965658292046
1781773380.424483,2185.6715302777866,-983.0812680301595,961.0575361694465
1781773380.4691005,2064.141582475898,-963.6177802607606,1012.6817731795813
1781773380.5359542,1884.5553254133736,-934.7806628603329,1052.1156244457986
1781773380.557979,1824.896840143036,-924.9314695104429,1055.3784362299696
1781773380.6016467,1708.8843377754356,-906.9949224066266,1047.6172645961994
1781773380.6454546,1592.7387987965228,-888.8038445602205,1018.8354786056186
1781773380.6876771,1493.0509736451638,-873.6510017210444,977.600777777847
1781773380.733789,1381.081076267541,-856.6469264397641,913.113190061576
1781773380.7688498,1284.7470480922987,-842.7250666014199,840.654760089322
1781773380.7996414,1217.4291479102685,-833.5769309061806,780.1950218865567
1781773380.8360903,1123.6366669349486,-820.3901931736866,683.2919452525023
1781773380.8954182,980.674914415705,-802.5635468829705,502.99774575117544
1781773380.9403863,879.651732963276,-790.1525391683493,350.8060733924336
1781773380.9849365,781.4886442319444,-779.0628721662401,181.29798478101375
1781773381.0328221,690.485925871277,-768.5349276134382,56.51051887490889
1781773381.0756047,620.4996340727339,-757.1071322222188,201.2953606015038
1781773381.0975509,585.6994328889739,-751.4481266779025,266.4470495438099
1781773381.1242309,542.0870297190297,-744.2494095794574,338.53034506184787
1781773381.1683686,472.7109932754458,-733.8505354699985,438.68476399071585
1781773381.2125168,404.0738171550569,-723.0412660356827,516.8158486027381
1781773381.2573524,335.9043078966045,-712.8871751579273,575.1459308209025
1781773381.3027277,268.3210249673714,-703.1290035945372,613.0848647955653
1781773381.3456547,201.2708784862309,-693.5110440480963,631.5320077466897
1781773381.390314,135.39777045350337,-684.1835404724923,631.1970094609559
1781773381.4347885,70.62987040090609,-675.4055179732648,610.1294582400749
1781773381.4796007,14.862804299300915,-667.637671686383,577.0030618148451
1781773381.5061169,-32.97552592679705,-664.2152170003627,541.393701296878
1781773381.5520382,-115.30956259698984,-686.0452356840904,607.332604433641
1781773381.596044,-183.45787384825692,-678.7478514887279,632.0704676746252
1781773381.6185772,-214.1859473024703,-671.8781507156458,641.0714090341809
1781773381.6643815,-264.9056827738834,-650.9256953004727,643.064840017892
1781773381.6850507,-280.16056440312383,-638.489664770773,638.3142214223577
1781773388.0308337,-435.4480354370802,862.2308831265817,-716.0108605393169
